pageNum,numPage,vName,vSciName,conf,sciName,date,locality,country,stateProvince,island,idQualifier,county,occStatus,habitat,assColl,assCollTaxa,locationRemarks,vTaxonRank,vElevM,vLat,vLon,vUTM,vCoordUncM,numPlantsCode,orgQuantity,orgQtype,occRemarks,phenology,recordedBy,idBy,dataEntryRemarks
1,1,Groc nul,Iris pseudacorus,m,Iris pseudacorus,20040212,"Mount Sutil, Galiano Island",Canada,British Columbia,Galiano Island,NA,Southern Gulf Islands,present,NA,NA,NA,NA,species,NA,NA,NA,NA,NA,NA,abunant,qualitative,NA,NA,Harvey Janszen,NA,NA
1,2,Clar amo,Clarkia amoena,h,Clarkia amoena,20040212,"Mount Sutil, Galiano Island",Canada,British Columbia,Galiano Island,NA,Southern Gulf Islands,present,in shade,NA,NA,NA,species,NA,NA,NA,NA,NA,NA,NA,NA,NA,NA,Harvey Janszen,NA,NA
1,3,Tori jap,Torilis japonica,h,Torilis japonica,20040212,"Mount Sutil, Galiano Island",Canada,British Columbia,Galiano Island,NA,Southern Gulf Islands,present,NA,NA,NA,NA,species,NA,NA,NA,NA,NA,NA,NA,NA,NA,NA,Harvey Janszen,NA,NA
1,4,Osmo chi,Osmorhiza chilensis,h,Osmorhiza berteroi,20040212,"Mount Sutil, Galiano Island",Canada,British Columbia,Galiano Island,NA,Southern Gulf Islands,present,in shade,NA,NA,NA,species,NA,NA,NA,NA,NA,NA,NA,NA,NA,NA,Harvey Janszen,NA,NA
1,5,Stel med,Stellaria media,h,Stellaria media,20040212,"Mount Sutil, Galiano Island",Canada,British Columbia,Galiano Island,NA,Southern Gulf Islands,present,in shade,NA,NA,M,species,NA,NA,NA,NA,NA,NA,NA,NA,NA,NA,Harvey Janszen,NA,NA
1,6,Nemo par,Nemophila parviflora,h,Nemophila parviflora,20040212,"Mount Sutil, Galiano Island",Canada,British Columbia,Galiano Island,NA,Southern Gulf Islands,present,NA,NA,NA,NA,species,NA,NA,NA,NA,NA,NA,NA,NA,NA,NA,Harvey Janszen,NA,NA
1,7,Lact mur,Lactuca muralis,h,Lactuca muralis,20040212,"Mount Sutil, Galiano Island",Canada,British Columbia,Galiano Island,NA,Southern Gulf Islands,present,in shade,NA,NA,NA,species,NA,NA,NA,NA,NA,NA,NA,NA,NA,NA,Harvey Janszen,NA,NA
1,8,Clay par,Claytonia perfoliata,h,Claytonia perfoliata,20040212,"Mount Sutil, Galiano Island",Canada,British Columbia,Galiano Island,NA,Southern Gulf Islands,present,NA,NA,NA,NA,species,NA,NA,NA,NA,NA,NA,NA,NA,NA,NA,Harvey Janszen,NA,NA
1,9,Meli sub,Melica subulata,l,Melica subulata,20040212,"Mount Sutil, Galiano Island",Canada,British Columbia,Galiano Island,NA,Southern Gulf Islands,present,in shade,NA,NA,NA,species,NA,NA,NA,NA,NA,NA,NA,NA,NA,NA,Harvey Janszen,NA,NA
1,10,Mont fon,Montia fontana,m,Montia fontana,20040212,"Mount Sutil, Galiano Island",Canada,British Columbia,Galiano Island,NA,Southern Gulf Islands,present,seep,NA,NA,NA,species,NA,NA,NA,NA,NA,NA,NA,NA,NA,NA,Harvey Janszen,NA,NA
1,11,Saxi int,Saxifraga integrifolia,m,Micranthes integrifolia,20040212,"Mount Sutil, Galiano Island",Canada,British Columbia,Galiano Island,NA,Southern Gulf Islands,present,seep,NA,NA,poly 15.2,species,NA,NA,NA,NA,NA,NA,abundant,qualitative,NA,NA,Harvey Janszen,NA,NA
1,12,Saxi ruf,Saxifraga rufidula,m,Micranthes rufidula,20040212,"Mount Sutil, Galiano Island",Canada,British Columbia,Galiano Island,NA,Southern Gulf Islands,present,seep,NA,NA,NA,species,NA,NA,NA,NA,NA,NA,NA,NA,no usual travel off,NA,Harvey Janszen,NA,NA
2,1,Gera mol,Geranium molle,h,Geranium molle,20040312,Galiano,Canada,British Columbia,Galiano Island,NA,Southern Gulf Islands,present,seep,NA,NA,NA,species,NA,NA,NA,NA,NA,NA,NA,NA,NA,NA,Harvey Janszen,NA,NA
2,2,Saxi int,Saxifraga integrifolia,m,Micranthes integrifolia,20040312,Galiano,Canada,British Columbia,Galiano Island,NA,Southern Gulf Islands,present,seep,NA,NA,NA,species,NA,NA,NA,NA,NA,NA,NA,NA,NA,NA,Harvey Janszen,NA,NA
2,3,Saxi ruf,Saxifraga rufidula,m,Micranthes rufidula,20040312,Galiano,Canada,British Columbia,Galiano Island,NA,Southern Gulf Islands,present,seep,NA,NA,NA,species,NA,NA,NA,NA,NA,NA,NA,NA,NA,NA,Harvey Janszen,NA,NA
2,4,Mimu gut,Mimulus guttata,h,Erythranthe guttata,20040312,Galiano,Canada,British Columbia,Galiano Island,NA,Southern Gulf Islands,present,seep,NA,NA,NA,species,NA,NA,NA,NA,NA,NA,NA,NA,NA,NA,Harvey Janszen,NA,NA
2,5,Litho par,Lithophragma parviflorum,h,Lithophragma parviflorum,20040312,Galiano,Canada,British Columbia,Galiano Island,NA,Southern Gulf Islands,present,seep,NA,NA,NA,species,NA,NA,NA,NA,NA,NA,NA,NA,NA,NA,Harvey Janszen,NA,NA
2,6,Tori jap,Torilis japonica,h,Torilis japonica,20040312,Galiano,Canada,British Columbia,Galiano Island,NA,Southern Gulf Islands,present,seep,NA,NA,NA,species,NA,NA,NA,NA,NA,NA,NA,NA,NA,NA,Harvey Janszen,NA,NA
2,7,Clay par,Claytonia perfoliata,h,Claytonia perfoliata,20040312,Galiano,Canada,British Columbia,Galiano Island,NA,Southern Gulf Islands,present,seep,NA,NA,NA,species,NA,NA,NA,NA,NA,NA,NA,NA,NA,NA,Harvey Janszen,NA,NA
2,8,Mont fon,Montia fontana,m,Montia fontana,20040312,Galiano,Canada,British Columbia,Galiano Island,NA,Southern Gulf Islands,present,seep,NA,NA,NA,species,NA,NA,NA,NA,NA,NA,NA,NA,NA,NA,Harvey Janszen,NA,NA
2,9,Gera mol,Geranium molle,h,Geranium molle,20040312,Galiano,Canada,British Columbia,Galiano Island,NA,Southern Gulf Islands,present,seep,NA,NA,NA,species,NA,NA,NA,NA,NA,NA,NA,NA,NA,NA,Harvey Janszen,NA,NA
2,10,Nemo par,Nemophila parviflora,h,Nemophila parviflora,20040312,Galiano,Canada,British Columbia,Galiano Island,NA,Southern Gulf Islands,present,seep,NA,NA,NA,species,NA,NA,NA,NA,NA,NA,NA,NA,NA,NA,Harvey Janszen,NA,NA
2,11,Cama lei,Camassia leichtlinii,l,Camassia leichtlinii,20040312,Galiano,Canada,British Columbia,Galiano Island,NA,Southern Gulf Islands,present,ledges,NA,NA,NA,species,NA,NA,NA,NA,NA,NA,NA,NA,NA,NA,Harvey Janszen,NA,Unsure if Leichtlin's Camas or Suksdorf's Large Camas
2,12,Alli sps,Allium,l,Allium,20040312,Galiano,Canada,British Columbia,Galiano Island,NA,Southern Gulf Islands,present,ledges,NA,NA,NA,genus,NA,NA,NA,NA,NA,NA,NA,NA,NA,NA,Harvey Janszen,NA,NA
2,13,Symp alb,Symphoricarpos albus,l,Symphoricarpos albus,20040312,Galiano,Canada,British Columbia,Galiano Island,NA,Southern Gulf Islands,present,base,NA,NA,NA,species,NA,NA,NA,NA,NA,NA,NA,NA,NA,NA,Harvey Janszen,NA,NA
2,14,Sat doug,Satureja douglasii,h,Clinopodium douglasii,20040312,Galiano,Canada,British Columbia,Galiano Island,NA,Southern Gulf Islands,present,shade,NA,NA,NA,species,NA,NA,NA,NA,NA,NA,NA,NA,NA,NA,Harvey Janszen,NA,NA
2,16,Raco het,Racomitrium heterostichum,m,Racomitrium heterostichum,20040312,Galiano,Canada,British Columbia,Galiano Island,NA,Southern Gulf Islands,present,NA,NA,NA,"steep. poly 20, [plot confar cliff?]? 260 degrees",species,NA,NA,NA,NA,NA,NA,NA,NA,NA,NA,Harvey Janszen,NA,unable to decipher location remark
2,17,Bro clayt sps,Brachythecium,l,Brachythecium,20040312,Galiano,Canada,British Columbia,Galiano Island,NA,Southern Gulf Islands,present,NA,NA,NA,"steep. poly 20, [plot confar cliff?]? 260 degrees",genus,NA,NA,NA,NA,NA,NA,NA,NA,NA,NA,Harvey Janszen,NA,unable to decipher location remark
2,18,Umbilica/ Democaroa,Umbilicaria,l,Umbilicaria,20040312,Galiano,Canada,British Columbia,Galiano Island,NA,Southern Gulf Islands,present,NA,NA,NA,"steep. poly 20, [plot confar cliff?]? 260 degrees",genus,NA,NA,NA,NA,NA,NA,dominant,qualitative,dominant,NA,Harvey Janszen,NA,unable to decipher location remark
2,19,Mimulus,Mimulus,h,Mimulus,20040312,Galiano,Canada,British Columbia,Galiano Island,NA,Southern Gulf Islands,present,NA,NA,NA,NA,genus,NA,NA,NA,NA,NA,NA,NA,NA,NA,NA,Harvey Janszen,NA,NA
2,20,Collinsia,Collinsia,h,Collinsia,20040312,Galiano,Canada,British Columbia,Galiano Island,NA,Southern Gulf Islands,present,NA,NA,NA,NA,genus,NA,NA,NA,NA,NA,NA,NA,NA,NA,NA,Harvey Janszen,NA,NA
2,21,Coll par,Collinsia parviflora,h,Collinsia parviflora,20040312,Galiano,Canada,British Columbia,Galiano Island,NA,Southern Gulf Islands,present,grass slope below,NA,NA,NA,species,NA,NA,NA,NA,NA,NA,NA,NA,NA,NA,Harvey Janszen,NA,NA
2,22,Trif sps,Trifolium,h,Trifolium,20040312,Galiano,Canada,British Columbia,Galiano Island,NA,Southern Gulf Islands,present,grass slope below,NA,NA,NA,genus,NA,NA,NA,NA,NA,NA,NA,NA,NA,NA,Harvey Janszen,NA,NA
3,1,Bromus sps,Bromus,h,Bromus,20040312,Galiano,Canada,British Columbia,Galiano Island,NA,Southern Gulf Islands,present,grass slope below,NA,NA,NA,genus,NA,NA,NA,NA,NA,NA,NA,NA,NA,NA,Harvey Janszen,NA,NA
3,2,Aira pra,Aira praecox,h,Aira praecox,20040312,Galiano,Canada,British Columbia,Galiano Island,NA,Southern Gulf Islands,present,NA,NA,NA,NA,species,NA,NA,NA,NA,NA,NA,NA,NA,NA,NA,Harvey Janszen,NA,NA
3,3,Mont par,Montia parvifolia,h,Montia parvifolia,20040312,Galiano,Canada,British Columbia,Galiano Island,NA,Southern Gulf Islands,present,NA,NA,NA,NA,species,NA,NA,NA,NA,NA,NA,NA,NA,NA,NA,Harvey Janszen,NA,NA
3,4,Madi gra,Madia gracilis,h,Madia gracilis,20040312,Galiano,Canada,British Columbia,Galiano Island,NA,Southern Gulf Islands,present,NA,NA,NA,NA,species,NA,NA,NA,NA,NA,NA,NA,NA,NA,NA,Harvey Janszen,NA,NA
3,5,Lith par,Lithophragma parviflorum,h,Lithophragma parviflorum,20040312,Galiano,Canada,British Columbia,Galiano Island,NA,Southern Gulf Islands,present,NA,NA,NA,NA,species,NA,NA,NA,NA,NA,NA,NA,NA,NA,NA,Harvey Janszen,NA,NA
3,6,Gali apa,Galium aparine,h,Galium aparine,20040312,Galiano,Canada,British Columbia,Galiano Island,NA,Southern Gulf Islands,present,NA,NA,NA,NA,species,NA,NA,NA,NA,NA,NA,NA,NA,NA,NA,Harvey Janszen,NA,NA
3,7,Tori jap,Torilis japonica,h,Torilis japonica,20040312,Galiano,Canada,British Columbia,Galiano Island,NA,Southern Gulf Islands,present,NA,NA,NA,NA,species,NA,NA,NA,NA,NA,NA,NA,NA,NA,NA,Harvey Janszen,NA,NA
3,8,Apha arv,Aphanes arvensis,h,Alchemilla arvensis,20040312,Galiano,Canada,British Columbia,Galiano Island,NA,Southern Gulf Islands,present,NA,NA,NA,NA,species,NA,NA,NA,NA,NA,NA,NA,NA,NA,NA,Harvey Janszen,NA,NA
3,9,Raco can,Racomitrium canenscens,m,Racomitrium canenscens,20040312,Galiano,Canada,British Columbia,Galiano Island,NA,Southern Gulf Islands,present,NA,NA,NA,NA,species,NA,NA,NA,NA,NA,NA,NA,NA,NA,NA,Harvey Janszen,NA,NA
3,10,Erod cic,Erodium cicutarium,h,Erodium cicutarium,20040312,Galiano,Canada,British Columbia,Galiano Island,NA,Southern Gulf Islands,present,NA,NA,NA,NA,species,NA,NA,NA,NA,NA,NA,NA,NA,NA,NA,Harvey Janszen,NA,NA
3,11,Clarkia amoe,Clarkia amoena,h,Clarkia amoena,20040312,Galiano,Canada,British Columbia,Galiano Island,NA,Southern Gulf Islands,present,NA,NA,NA,NA,species,NA,NA,NA,NA,NA,NA,NA,NA,NA,NA,Harvey Janszen,NA,NA
3,12,Nemo par,Nemophila parviflora,h,Nemophila parviflora,20040312,Galiano,Canada,British Columbia,Galiano Island,NA,Southern Gulf Islands,present,on rock w/ seep,NA,NA,on rock w/ seep. [Mod.]?,species,NA,NA,NA,NA,NA,NA,NA,NA,NA,NA,Harvey Janszen,NA,"don't understand what ""mod"" means"
3,13,Bryum sp.,Bryum,h,Bryum,20040312,Galiano,Canada,British Columbia,Galiano Island,NA,Southern Gulf Islands,present,open seep on sandstone,NA,NA,NA,genus,NA,NA,NA,NA,NA,NA,NA,NA,NA,NA,Harvey Janszen,NA,NA
3,14,Coll gra,Collinsia grandiflora,m,Collinsia grandiflora,20040312,Galiano,Canada,British Columbia,Galiano Island,NA,Southern Gulf Islands,present,open seep on sandstone,NA,NA,NA,species,NA,NA,NA,NA,NA,NA,NA,NA,NA,NA,Harvey Janszen,NA,NA
3,15,Mimu als,Mimulus alsinoides,m,Erythranthe alsinoides,20040312,Galiano,Canada,British Columbia,Galiano Island,NA,Southern Gulf Islands,present,open seep on sandstone,NA,NA,NA,species,NA,NA,NA,NA,NA,NA,NA,NA,NA,NA,Harvey Janszen,NA,NA
3,16,Card oli,Cardamine oligosperma,h,Cardamine oligosperma,20040312,Galiano,Canada,British Columbia,Galiano Island,NA,Southern Gulf Islands,present,open seep on sandstone,NA,NA,NA,species,NA,NA,NA,NA,NA,NA,NA,NA,NA,NA,Harvey Janszen,NA,NA
3,17,Saxi int,Saxifraga integrifolia,m,Micranthes integrifolia,20040312,Galiano,Canada,British Columbia,Galiano Island,NA,Southern Gulf Islands,present,open seep on sandstone,NA,NA,NA,species,NA,NA,NA,NA,NA,NA,NA,NA,NA,NA,Harvey Janszen,NA,NA
3,18,Sedu lan,Sedum lanceolatum,h,Sedum lanceolatum,20040312,Galiano,Canada,British Columbia,Galiano Island,NA,Southern Gulf Islands,present,open seep on sandstone,NA,NA,NA,species,NA,NA,NA,NA,NA,NA,NA,NA,NA,NA,Harvey Janszen,NA,NA
3,19,Sedu spa,Sedum spathulifolium,h,Sedum spathulifolium,20040312,Galiano,Canada,British Columbia,Galiano Island,NA,Southern Gulf Islands,present,open seep on sandstone,NA,NA,NA,species,NA,NA,NA,NA,NA,NA,NA,NA,NA,NA,Harvey Janszen,NA,NA
3,20,Mimul gut,Mimulus guttata,l,Erythranthe guttata,20040312,Galiano,Canada,British Columbia,Galiano Island,NA,Southern Gulf Islands,present,open seep on sandstone,NA,NA,NA,species,NA,NA,NA,NA,NA,NA,NA,NA,NA,NA,Harvey Janszen,NA,NA
3,21,Lith par,Lithophragma parviflorum,h,Lithophragma parviflorum,20040312,Galiano,Canada,British Columbia,Galiano Island,NA,Southern Gulf Islands,present,open seep on sandstone,NA,NA,NA,species,NA,NA,NA,NA,NA,NA,NA,NA,NA,NA,Harvey Janszen,NA,NA
3,23,Raco can,Racomitrium canenscens,m,Racomitrium canenscens,20040312,Galiano,Canada,British Columbia,Galiano Island,NA,Southern Gulf Islands,present,open seep on sandstone,NA,NA,NA,species,NA,NA,NA,NA,NA,NA,NA,NA,NA,NA,Harvey Janszen,NA,NA
3,24,Orob uni,Orobranche uniflora,m,Aphyllon purpureum,20040312,Galiano,Canada,British Columbia,Galiano Island,NA,Southern Gulf Islands,present,[prob on lithophagus]?,NA,NA,NA,species,NA,NA,NA,NA,NA,NA,NA,NA,NA,NA,Harvey Janszen,NA,unable to decipher habitat remark
3,25,Bra arv,Brassica arvensis,l,Sinapis arvensis,20040312,Galiano,Canada,British Columbia,Galiano Island,NA,Southern Gulf Islands,present,NA,NA,NA,NA,species,NA,NA,NA,NA,NA,NA,few,qualitative,"very little, tufts",NA,Harvey Janszen,NA,NA
3,26,Pent tri,Pentagramma triangularis,m,Pentagramma triangularis,20040312,Galiano,Canada,British Columbia,Galiano Island,NA,Southern Gulf Islands,present,add. + on grass slope,NA,NA,NA,species,NA,NA,NA,NA,NA,NA,NA,NA,NA,NA,Harvey Janszen,NA,NA
3,27,Delp men,Delphinium menziesii,h,Delphinium menziesii,20040312,Galiano,Canada,British Columbia,Galiano Island,NA,Southern Gulf Islands,present,add. + on grass slope,NA,NA,NA,species,NA,NA,NA,NA,NA,NA,NA,NA,NA,NA,Harvey Janszen,NA,NA
3,28,Agoseris gra,Agoseris grandiflora,h,Agoseris grandiflora,20040312,Galiano,Canada,British Columbia,Galiano Island,NA,Southern Gulf Islands,present,rock above,NA,NA,NA,species,NA,NA,NA,NA,NA,NA,NA,NA,NA,NA,Harvey Janszen,NA,NA
3,29,Plec con,Plectritis congesta,m,Plectritis congesta,20040312,Galiano,Canada,British Columbia,Galiano Island,NA,Southern Gulf Islands,present,rock above,NA,NA,NA,species,NA,NA,NA,NA,NA,NA,NA,NA,NA,NA,Harvey Janszen,NA,NA
3,30,Rume ace,Rumex,m,Rumex,20040312,Galiano,Canada,British Columbia,Galiano Island,NA,Southern Gulf Islands,present,rock above,NA,NA,NA,genus,NA,NA,NA,NA,NA,1,NA,NA,NA,NA,Harvey Janszen,NA,NA
4,1,Elym gla,Elymus glaucus,h,Elymus glaucus,20040312,Galiano,Canada,British Columbia,Galiano Island,NA,NA,NA,"ledge up forest, Pseudotsuga menziesii [verts]? to ct with Quercus garryana, Mb, and small Arbutus",NA,NA,poly 48,NA,NA,NA,NA,NA,NA,NA,NA,NA,NA,NA,NA,NA,unsure what Mb and Ct are - likely trees but not sure which species
4,2,Meli har,Melica harfordii,h,Melica harfordii,20040312,Galiano,Canada,British Columbia,Galiano Island,NA,NA,NA,"ledge up forest, Pseudotsuga menziesii [verts]? to ct with Quercus garryana, Mb, and small Arbutus",NA,NA,poly 48,NA,NA,NA,NA,NA,NA,NA,NA,NA,NA,NA,NA,NA,unsure what Mb and Ct are - likely trees but not sure which species
4,3,Bromus st,Bromus sterilis,h,Bromus sterilis,20040312,Galiano,Canada,British Columbia,Galiano Island,NA,NA,NA,"ledge up forest, Pseudotsuga menziesii [verts]? to ct with Quercus garryana, Mb, and small Arbutus",NA,NA,poly 48,NA,NA,NA,NA,NA,NA,NA,NA,NA,etc (underlined)after taxon name,NA,NA,NA,unsure what Mb and Ct are - likely trees but not sure which species
4,4,Madia gra,Madia gracilis,h,Madia gracilis,20040312,Galiano,Canada,British Columbia,Galiano Island,NA,NA,NA,"ledge up forest, Pseudotsuga menziesii [verts]? to ct with Quercus garryana, Mb, and small Arbutus",NA,NA,poly 48,NA,NA,NA,NA,NA,NA,NA,NA,NA,NA,NA,NA,NA,unsure what Mb and Ct are - likely trees but not sure which species
4,5,Loni his,Lonicera hispidula,h,Lonicera hispidula,20040312,Galiano,Canada,British Columbia,Galiano Island,NA,NA,NA,"ledge up forest, Pseudotsuga menziesii [verts]? to ct with Quercus garryana, Mb, and small Arbutus",NA,NA,poly 48,NA,NA,NA,NA,NA,NA,NA,NA,NA,NA,NA,NA,NA,unsure what Mb and Ct are - likely trees but not sure which species
4,6,Vici sat,Vicia sativa,h,Vicia sativa,20040312,Galiano,Canada,British Columbia,Galiano Island,NA,NA,NA,"ledge up forest, Pseudotsuga menziesii [verts]? to ct with Quercus garryana, Mb, and small Arbutus",NA,NA,poly 48,NA,NA,NA,NA,NA,NA,NA,NA,NA,NA,NA,NA,NA,unsure what Mb and Ct are - likely trees but not sure which species
4,7,Tori jap,Torilis japonica,h,Torilis japonica,20040312,Galiano,Canada,British Columbia,Galiano Island,NA,NA,NA,"ledge up forest, Pseudotsuga menziesii [verts]? to ct with Quercus garryana, Mb, and small Arbutus",NA,NA,poly 48,NA,NA,NA,NA,NA,NA,NA,NA,NA,NA,NA,NA,NA,unsure what Mb and Ct are - likely trees but not sure which species
4,8,Sani cra,Sanicula crassicaulis,h,Sanicula crassicaulis,20040312,Galiano,Canada,British Columbia,Galiano Island,NA,NA,NA,"ledge up forest, Pseudotsuga menziesii [verts]? to ct with Quercus garryana, Mb, and small Arbutus",NA,NA,poly 48,NA,NA,NA,NA,NA,NA,NA,NA,NA,NA,NA,NA,NA,unsure what Mb and Ct are - likely trees but not sure which species
4,9,Bromus sp.,Bromus,h,Bromus,20040312,Galiano,Canada,British Columbia,Galiano Island,NA,NA,NA,"ledge up forest, Pseudotsuga menziesii [verts]? to ct with Quercus garryana, Mb, and small Arbutus",NA,NA,"next [grassy?], poly 48",NA,NA,NA,NA,NA,NA,NA,NA,NA,with mixed [infolia]?,NA,NA,NA,unsure what Mb and Ct are - likely trees but not sure which species
4,10,Allium sps,Allium,h,Allium,20040312,Galiano,Canada,British Columbia,Galiano Island,NA,NA,NA,"ledge up forest, Pseudotsuga menziesii [verts]? to ct with Quercus garryana, Mb, and small Arbutus",NA,NA,"next [grassy?], poly 48",NA,NA,NA,NA,NA,NA,NA,NA,NA,NA,NA,NA,NA,unsure what Mb and Ct are - likely trees but not sure which species
4,11,Elym gla,Elymus glaucus,h,Elymus glaucus,20040312,Galiano,Canada,British Columbia,Galiano Island,NA,NA,NA,"ledge up forest, Pseudotsuga menziesii [verts]? to ct with Quercus garryana, Mb, and small Arbutus",NA,NA,"next [grassy?], poly 48",NA,NA,NA,NA,NA,NA,NA,NA,NA,NA,NA,NA,NA,unsure what Mb and Ct are - likely trees but not sure which species
4,12,Selag wal,Selaginella wallacei,h,Selaginella wallacei,20040312,Galiano,Canada,British Columbia,Galiano Island,NA,NA,NA,"ledge up forest, Pseudotsuga menziesii [verts]? to ct with Quercus garryana, Mb, and small Arbutus",NA,NA,"next [grassy?], poly 48",NA,NA,NA,NA,NA,NA,NA,NA,NA,NA,NA,NA,NA,unsure what Mb and Ct are - likely trees but not sure which species
4,13,Raco can,Racomitrium canescens,h,Racomitrium canescens,20040312,Galiano,Canada,British Columbia,Galiano Island,NA,NA,NA,"ledge up forest, Pseudotsuga menziesii [verts]? to ct with Quercus garryana, Mb, and small Arbutus",NA,NA,"next [grassy?], poly 48",NA,NA,NA,NA,NA,NA,NA,NA,NA,NA,NA,NA,NA,unsure what Mb and Ct are - likely trees but not sure which species
4,14,Collinsia p,Collinsia parviflora,h,Collinsia parviflora,20040312,Galiano,Canada,British Columbia,Galiano Island,NA,NA,NA,"ledge up forest, Pseudotsuga menziesii [verts]? to ct with Quercus garryana, Mb, and small Arbutus",NA,NA,"next [grassy?], poly 48",NA,NA,NA,NA,NA,NA,NA,NA,NA,NA,NA,NA,NA,unsure what Mb and Ct are - likely trees but not sure which species
4,15,Elym gla,Elymus glaucus,h,Elymus glaucus,20040312,Galiano,Canada,British Columbia,Galiano Island,NA,NA,NA,Quercus garryana woodland with clumps of Pseudotsuga menziesii,NA,NA,poly 37,NA,NA,NA,NA,NA,NA,NA,NA,NA,NA,NA,NA,NA,NA
4,16,Meli har,Melica harfordii,h,Melica harfordii,20040312,Galiano,Canada,British Columbia,Galiano Island,NA,NA,NA,Quercus garryana woodland with clumps of Pseudotsuga menziesii,NA,NA,poly 37,NA,NA,NA,NA,NA,NA,NA,NA,NA,NA,NA,NA,NA,NA
4,17,Cyno cris,Cynosurus cristatus,h,Cynosurus cristatus,20040312,Galiano,Canada,British Columbia,Galiano Island,NA,NA,NA,Quercus garryana woodland,NA,NA,poly 52,NA,NA,NA,NA,NA,NA,NA,NA,NA,first seen abundant,NA,NA,NA,NA
4,18,Festuca rubra,Festuca rubra,h,Festuca rubra,20040312,Galiano,Canada,British Columbia,Galiano Island,NA,NA,NA,Quercus garryana woodland,NA,NA,poly 52,NA,NA,NA,NA,NA,NA,NA,NA,NA,NA,NA,NA,NA,NA
5,1,Elym gla,Elymus glaucus,h,Elymus glaucus,20040312,Galiano,Canada,British Columbia,Galiano Island,NA,NA,NA,"Quercus garryana woodland, mostly under trees",NA,NA,poly 52,NA,NA,NA,NA,NA,NA,NA,NA,NA,NA,NA,NA,NA,NA
5,2,Bra arv,Brassica arvensis,m,Sinapis arvensis,20040312,Galiano,Canada,British Columbia,Galiano Island,NA,NA,NA,"Quercus garryana woodland, mostly under trees",NA,NA,poly 52,NA,NA,NA,NA,NA,NA,NA,NA,NA,NA,NA,NA,NA,NA
5,3,Lych cor,Lychnis coronaria,h,Silene coronaria,20040312,Galiano,Canada,British Columbia,Galiano Island,NA,NA,NA,"Quercus garryana woodland, mostly under trees",NA,NA,poly 52,NA,NA,NA,NA,NA,NA,NA,NA,NA,NA,NA,NA,NA,NA
5,4,Tori jap,Torilis japonica,h,Torilis japonica,20040312,Galiano,Canada,British Columbia,Galiano Island,NA,NA,NA,"Quercus garryana woodland, mostly under trees",NA,NA,poly 52,NA,NA,NA,NA,NA,NA,NA,NA,NA,NA,NA,NA,NA,NA
5,1,Luzu cam,Luzula campestris,m,Luzula campestris,20040312,Galiano,Canada,British Columbia,Galiano Island,NA,NA,NA,"Quercus garryana woodland, under trees",NA,NA,poly 52,NA,NA,NA,NA,NA,NA,NA,NA,NA,NA,NA,NA,NA,NA
5,2,Cyst fra,Cystopteris fragilis,h,Cystopteris fragilis,20040312,Galiano,Canada,British Columbia,Galiano Island,NA,NA,NA,"Quercus garryana woodland, under oaks",NA,NA,poly 52,NA,NA,NA,NA,NA,NA,NA,NA,NA,NA,NA,NA,NA,NA
5,3,Heuc mic,Heuchera micrantha,h,Heuchera micrantha,20040312,Galiano,Canada,British Columbia,Galiano Island,NA,NA,NA,"Quercus garryana woodland, foot of shaded cliffs",NA,NA,poly 52,NA,NA,NA,NA,NA,NA,NA,NA,NA,NA,NA,NA,NA,NA
5,4,Cyti sco,Cytisus scoparius,h,Cytisus scoparius,20040324,Galiano Island; Mount Sutil,Canada,British Columbia,Galiano Island,NA,NA,NA,NA,NA,NA,plot 01,NA,NA,NA,NA,NA,NA,0,NA,NA,NA,NA,NA,NA,NA
5,5,Elym gla,Elymus glaucus,h,Elymus glaucus,20040324,Galiano Island; Mount Sutil,Canada,British Columbia,Galiano Island,NA,NA,NA,NA,NA,NA,plot 01,NA,NA,NA,NA,NA,NA,2,NA,NA,NA,NA,NA,NA,NA
5,6,Meli sub,Melica subulata,h,Melica subulata,20040324,Galiano Island; Mount Sutil,Canada,British Columbia,Galiano Island,NA,NA,NA,NA,NA,NA,plot 01,NA,NA,NA,NA,NA,NA,2,NA,NA,NA,NA,NA,NA,NA
5,7,Brom sp,Bromus,h,Bromus,20040324,Galiano Island; Mount Sutil,Canada,British Columbia,Galiano Island,Bromus c.f.,NA,NA,NA,NA,NA,plot 01,NA,NA,NA,NA,NA,NA,NA,NA,NA,question mark next to taxon name Bromus sp.,NA,NA,NA,NA
5,8,Cama lei,Camassia leichtlinii,h,Camassia leichtlinii,20040324,Galiano Island; Mount Sutil,Canada,British Columbia,Galiano Island,NA,NA,NA,NA,NA,NA,plot 01,NA,NA,NA,NA,NA,NA,0,NA,NA,NA,NA,NA,NA,NA
5,9,Eryth ore,Erythronium oregonum,m,Erythronium oregonum,20040324,Galiano Island; Mount Sutil,Canada,British Columbia,Galiano Island,NA,NA,NA,NA,NA,NA,plot 01,NA,NA,NA,NA,NA,NA,0,NA,NA,NA,NA,NA,NA,NA
5,10,Allium acuminatum,Allium acuminatum,h,Allium acuminatum,20040324,Galiano Island; Mount Sutil,Canada,British Columbia,Galiano Island,NA,NA,NA,NA,NA,NA,plot 01,NA,NA,NA,NA,NA,NA,0,NA,NA,NA,NA,NA,NA,NA
5,11,Luzula multiflora,Luzula multiflora,h,Luzula multiflora,20040324,Galiano Island; Mount Sutil,Canada,British Columbia,Galiano Island,NA,NA,NA,NA,NA,NA,plot 01,NA,NA,NA,NA,NA,NA,0,NA,NA,NA,NA,NA,NA,NA
5,12,Sani cra,Sanicula crassicaulis,h,Sanicula crassicaulis,20040324,Galiano Island; Mount Sutil,Canada,British Columbia,Galiano Island,NA,NA,NA,NA,NA,NA,plot 01,NA,NA,NA,NA,NA,NA,1,NA,NA,NA,NA,NA,NA,NA
5,13,Ramu occi,Ranunculus occidentalis,h,Ranunculus occidentalis,20040324,Galiano Island; Mount Sutil,Canada,British Columbia,Galiano Island,NA,NA,NA,NA,NA,NA,plot 01,NA,NA,NA,NA,NA,NA,0,NA,NA,NA,NA,NA,NA,NA
5,14,Tori jap,Torilis japonica,h,Torilis japonica,20040324,Galiano Island; Mount Sutil,Canada,British Columbia,Galiano Island,NA,NA,NA,NA,NA,NA,plot 01,NA,NA,NA,NA,NA,NA,1,NA,NA,NA,NA,NA,NA,NA
5,15,Cera arv,Cerastium arvense,h,Cerastium arvense,20040324,Galiano Island; Mount Sutil,Canada,British Columbia,Galiano Island,NA,NA,NA,NA,NA,NA,plot 01,NA,NA,NA,NA,NA,NA,1,NA,NA,NA,NA,NA,NA,NA