archiveID,pageNum,numPage,vName,vSciName,conf,sciName,date,locality,country,stateProvince,island,idQualifier,county,occStatus,habitat,assCollTaxa,assColl,locationRemarks,vTaxonRank,vElevM,vLat,vLon,vUTM,vCoordUncM,numPlantsCode,orgQuantity,orgQtype,occRemarks,phenology,recordedBy,idBy,dataEntryRemarks,index
8,1,1,Elodea densa,Elodea densa,h,Egeria densa,19960925,Metchosin; south shore of Matheson Lake,Canada,British Columbia,Vancouver Island,NA,Metchosin,present,shoreline of lake,NA,NA,NA,species,NA,NA,NA,NA,NA,NA,NA,NA,NA,NA,Harvey Janszen,NA,NA,1
8,1,2,Potamogeton richardsonii,Potamogeton richardsonii,h,Potamogeton richardsonii,19960925,Metchosin; south shore of Matheson Lake,Canada,British Columbia,Vancouver Island,NA,Metchosin,present,shoreline of lake,NA,NA,NA,species,NA,NA,NA,NA,NA,NA,NA,NA,NA,NA,Harvey Janszen,NA,NA,2
8,1,3,P praelongus,Potamogeton praelongus,h,Potamogeton praelongus,19960925,Metchosin; south shore of Matheson Lake,Canada,British Columbia,Vancouver Island,NA,Metchosin,present,shoreline of lake,NA,NA,NA,species,NA,NA,NA,NA,NA,NA,NA,NA,NA,NA,Harvey Janszen,NA,NA,3
8,1,4,Carex excissata,Carex excissata,h,Carex exsiccata,19960925,Metchosin; south shore of Matheson Lake,Canada,British Columbia,Vancouver Island,NA,Metchosin,present,shoreline of lake,NA,NA,NA,species,NA,NA,NA,NA,NA,NA,NA,NA,NA,NA,Harvey Janszen,NA,NA,4
8,1,5,C. obnupta,Carex obnupta,h,Carex obnupta,19960925,Metchosin; south shore of Matheson Lake,Canada,British Columbia,Vancouver Island,NA,Metchosin,present,shoreline of lake,NA,NA,NA,species,NA,NA,NA,NA,NA,NA,NA,NA,NA,NA,Harvey Janszen,NA,NA,5
8,1,6,Agrostis gigatea,Agrostis gigantea,h,Agrostis gigantea,19960925,Metchosin; south shore of Matheson Lake,Canada,British Columbia,Vancouver Island,NA,Metchosin,present,shoreline of lake,NA,NA,NA,species,NA,NA,NA,NA,NA,NA,NA,NA,NA,NA,Harvey Janszen,NA,NA,6
8,1,8,Nuphar polysepala,Nuphar polysepala,h,Nuphar polysepala,19960925,Metchosin; south shore of Matheson Lake,Canada,British Columbia,Vancouver Island,NA,Metchosin,present,shoreline of lake,NA,NA,NA,species,NA,NA,NA,NA,NA,NA,NA,NA,NA,NA,Harvey Janszen,NA,NA,7
8,1,9,Spiraea douglassii,Spiraea douglassii,h,Spiraea douglassii,19960925,Metchosin; penninsula middle of south site of Matheson Lake,Canada,British Columbia,Vancouver Island,NA,Metchosin,present,shoreline of lake,NA,NA,NA,species,NA,NA,NA,NA,NA,NA,NA,NA,NA,NA,Harvey Janszen,NA,NA,8
8,1,10,Salix lasiadra,Salix lasiandra,h,Salix lasiandra,19960925,Metchosin; penninsula middle of south site of Matheson Lake,Canada,British Columbia,Vancouver Island,NA,Metchosin,present,shoreline of lake,NA,NA,NA,species,NA,NA,NA,NA,NA,NA,NA,NA,NA,NA,Harvey Janszen,NA,NA,9
8,1,11,Sparganium emersum,Sparganium emersum,m,Sparganium emersum,19960925,Metchosin; penninsula middle of south site of Matheson Lake,Canada,British Columbia,Vancouver Island,NA,Metchosin,present,shoreline of lake,NA,NA,NA,species,NA,NA,NA,NA,NA,NA,NA,NA,NA,NA,Harvey Janszen,NA,NA,10
8,1,12,Lemna minor,Lemna minor,h,Lemna minor,19960925,Metchosin; penninsula middle of south site of Matheson Lake,Canada,British Columbia,Vancouver Island,NA,Metchosin,present,shoreline of lake,NA,NA,NA,species,NA,NA,NA,NA,NA,NA,NA,NA,NA,NA,Harvey Janszen,NA,NA,11
8,1,13,Typha latifolia,Typha latifolia,h,Typha latifolia,19960925,Metchosin; penninsula middle of south site of Matheson Lake,Canada,British Columbia,Vancouver Island,NA,Metchosin,present,shoreline of lake,NA,NA,NA,species,NA,NA,NA,NA,NA,NA,NA,NA,NA,NA,Harvey Janszen,NA,NA,12
8,1,14,Myriopphyllum spicatum,Myriopphyllum spicatum,h,Myriopphyllum spicatum,19960925,Metchosin; penninsula middle of south site of Matheson Lake,Canada,British Columbia,Vancouver Island,NA,Metchosin,present,shoreline of lake,NA,NA,NA,species,NA,NA,NA,NA,NA,NA,NA,NA,NA,NA,Harvey Janszen,NA,NA,13
8,1,15,Rubus spectabilis,Rubus spectabilis,h,Rubus spectabilis,19960925,Metchosin; west end of Matheson Lake,Canada,British Columbia,Vancouver Island,NA,Metchosin,present,NA,NA,NA,NA,species,NA,NA,NA,NA,NA,NA,NA,NA,add,NA,Harvey Janszen,NA,NA,14
8,1,16,Lycopus uniflorus,Lycopus uniflorus,h,Lycopus uniflorus,19960925,Metchosin; west end of Matheson Lake,Canada,British Columbia,Vancouver Island,NA,Metchosin,present,NA,NA,NA,NA,species,NA,NA,NA,NA,NA,NA,NA,NA,add,NA,Harvey Janszen,NA,not sure what add means,15
8,1,17,Veronica americana,Veronica americana,h,Veronica americana,19960925,Metchosin; west end of Matheson Lake,Canada,British Columbia,Vancouver Island,NA,Metchosin,present,NA,NA,NA,NA,species,NA,NA,NA,NA,NA,NA,NA,NA,add,NA,Harvey Janszen,NA,not sure what add means,16
8,1,18,Aster subspicatum,Aster subspicatum,h,Symphyotricum subspicatum,19960925,Metchosin; west end of Matheson Lake,Canada,British Columbia,Vancouver Island,NA,Metchosin,present,NA,NA,NA,NA,species,NA,NA,NA,NA,NA,NA,NA,NA,add,NA,Harvey Janszen,NA,not sure what add means,17
8,1,19,Carex lasiocarpa,Carex lasiocarpa,h,Carex lasiocarpa,19960925,Metchosin; north side of Matheson Lake,Canada,British Columbia,Vancouver Island,NA,Metchosin,present,shoreline of lake,NA,NA,NA,species,NA,NA,NA,NA,NA,NA,NA,NA,NA,NA,Harvey Janszen,NA,NA,18
8,2,1,Scirpus acutus,Scirpus acutus,h,Scirpus acutus,19960925,Metchosin; north side of Matheson Lake,Canada,British Columbia,Vancouver Island,NA,Metchosin,present,shoreline of lake,NA,NA,NA,species,NA,NA,NA,NA,NA,NA,NA,NA,two large beds,NA,Harvey Janszen,NA,NA,19
8,2,2,Potamogeton robbinsii,Potamogeton robbinsii,h,Potamogeton robbinsii,19960925,Metchosin; north side of Matheson Lake,Canada,British Columbia,Vancouver Island,NA,Metchosin,present,shoreline of lake,Isoetes echinospora,2630,NA,species,NA,NA,NA,NA,NA,NA,NA,NA,NA,NA,Harvey Janszen,NA,NA,20
8,2,3,Potamogeton amplifolius,Potamogeton amplifolius,h,Potamogeton amplifolius,19960925,Metchosin; north side of Matheson Lake,Canada,British Columbia,Vancouver Island,NA,Metchosin,present,shoreline of lake,Isoetes echinospora,2630,NA,species,NA,NA,NA,NA,NA,NA,NA,NA,NA,NA,Harvey Janszen,NA,NA,21
8,2,4,Eleocharis palustris,Eleocharis palustris,h,Eleocharis palustris,19960925,Metchosin; north side of Matheson Lake,Canada,British Columbia,Vancouver Island,NA,Metchosin,present,"shoreline of lake, behind Scirpus beds",NA,NA,NA,species,NA,NA,NA,NA,NA,NA,NA,NA,NA,NA,Harvey Janszen,NA,NA,22
8,2,6,Carex cusickii,Carex cusickii,h,Carex cusickii,19960925,Metchosin; north side of Matheson Lake,Canada,British Columbia,Vancouver Island,NA,Metchosin,present,"on log, shoreline of lake",NA,NA,NA,species,NA,NA,NA,NA,NA,NA,NA,NA,NA,NA,Harvey Janszen,NA,NA,23
8,2,7,Potentilla palustris,Potentilla palustris,h,Comarum palustre,19960925,Metchosin; north side of Matheson Lake,Canada,British Columbia,Vancouver Island,NA,Metchosin,present,"on log, shoreline of lake",NA,NA,NA,species,NA,NA,NA,NA,NA,NA,NA,NA,NA,NA,Harvey Janszen,NA,NA,24
8,2,8,Potamogeton natans,Potamogeton natans,h,Potamogeton natans,19960925,Metchosin; north side of Matheson Lake,Canada,British Columbia,Vancouver Island,NA,Metchosin,present,"on log, shoreline of lake",NA,NA,NA,species,NA,NA,NA,NA,NA,NA,NA,NA,NA,NA,Harvey Janszen,NA,NA,25
8,2,9,Drosera rotundifolia,Drosera rotundifolia,h,Drosera rotundifolia,19960925,Metchosin; north side of Matheson Lake,Canada,British Columbia,Vancouver Island,NA,Metchosin,present,"on log, shoreline of lake",NA,NA,NA,species,NA,NA,NA,NA,NA,NA,NA,NA,NA,NA,Harvey Janszen,NA,NA,26
8,2,10,Nuphar polysepala,Nuphar polysepala,h,Nuphar polysepala,19960925,Metchosin; Blinkhorn Lake,Canada,British Columbia,Vancouver Island,NA,Metchosin,present,aquatic in lake,NA,NA,NA,species,NA,NA,NA,NA,NA,NA,NA,NA,approx 30% lake cover with Nymphae odorata,NA,Harvey Janszen,NA,NA,27
8,2,11,Nymphae sp. odorata,Nymphae odorata,h,Nymphae odorata,19960925,Metchosin; Blinkhorn Lake,Canada,British Columbia,Vancouver Island,NA,Metchosin,present,aquatic in lake,NA,NA,NA,species,NA,NA,NA,NA,NA,NA,NA,NA,approx 30% lake cover with Nuphar polysepala,NA,Harvey Janszen,NA,NA,28
8,2,12,Sparganium emersum,Sparganium emersum,h,Sparganium emersum,19960925,Metchosin; Blinkhorn Lake,Canada,British Columbia,Vancouver Island,NA,Metchosin,present,aquatic in lake,NA,NA,NA,species,NA,NA,NA,NA,NA,NA,NA,NA,NA,NA,Harvey Janszen,NA,NA,29
8,2,13,Elodea densa,Elodea densa,h,Elodea densa,19960925,Metchosin; Blinkhorn Lake,Canada,British Columbia,Vancouver Island,NA,Metchosin,present,aquatic in lake,NA,NA,NA,species,NA,NA,NA,NA,NA,NA,NA,NA,NA,NA,Harvey Janszen,NA,NA,30
8,2,15,Myriopphyllum spicatum,Myriopphyllum spicatum,h,Myriopphyllum spicatum,19960925,Metchosin; Blinkhorn Lake,Canada,British Columbia,Vancouver Island,NA,Metchosin,present,aquatic in lake,NA,NA,NA,species,NA,NA,NA,NA,NA,NA,NA,NA,NA,NA,Harvey Janszen,NA,NA,31
8,3,1,Scirpus acutus,Scirpus acutus,h,Schoenoplectus acutus,19960925,Metchosin; Blinkhorn Lake,Canada,British Columbia,Vancouver Island,NA,Metchosin,present,edges of lake,NA,NA,NA,species,NA,NA,NA,NA,NA,NA,NA,NA,NA,NA,Harvey Janszen,NA,NA,32
8,3,2,Spiraea,Spiraea,h,Spiraea,19960925,Metchosin; Blinkhorn Lake,Canada,British Columbia,Vancouver Island,NA,Metchosin,present,edges of lake,NA,NA,NA,genus,NA,NA,NA,NA,NA,NA,NA,NA,NA,NA,Harvey Janszen,NA,NA,33
8,3,3,Salix,Salix,h,Salix,19960925,Metchosin; Blinkhorn Lake,Canada,British Columbia,Vancouver Island,NA,Metchosin,present,edges of lake,NA,NA,NA,species,NA,NA,NA,NA,NA,NA,NA,NA,NA,NA,Harvey Janszen,NA,could not decipher taxon name,34
8,3,4,Alder,Alder,h,Alnus,19960925,Metchosin; Blinkhorn Lake,Canada,British Columbia,Vancouver Island,NA,Metchosin,present,edges of lake,NA,NA,NA,species,NA,NA,NA,NA,NA,NA,NA,NA,NA,NA,Harvey Janszen,NA,NA,35
8,3,5,Potentilla palustris,Potentilla palustris,h,Comarum palustre,19960925,Metchosin; Blinkhorn Lake,Canada,British Columbia,Vancouver Island,NA,Metchosin,present,edges of lake,NA,NA,NA,species,NA,NA,NA,NA,NA,NA,NA,NA,NA,NA,Harvey Janszen,NA,NA,36
8,3,6,Potamogeton natans,Potamogeton natans,h,Potamogeton natans,19960925,Metchosin; Blinkhorn Lake,Canada,British Columbia,Vancouver Island,NA,Metchosin,present,edges of lake,NA,NA,NA,species,NA,NA,NA,NA,NA,NA,NA,NA,NA,NA,Harvey Janszen,NA,NA,37
8,3,7,Carex obnupta,Carex obnupta,h,Carex obnupta,19960925,Metchosin; Blinkhorn Lake,Canada,British Columbia,Vancouver Island,NA,Metchosin,present,edges of lake,NA,NA,NA,species,NA,NA,NA,NA,NA,NA,NA,NA,NA,NA,Harvey Janszen,NA,NA,38
8,3,8,Agrostis scabra,Agrostis scabra,h,Agrostis scabra,19960925,Metchosin; Blinkhorn Lake,Canada,British Columbia,Vancouver Island,NA,Metchosin,present,edges of lake,NA,NA,NA,species,NA,NA,NA,NA,NA,NA,NA,NA,NA,NA,Harvey Janszen,NA,NA,39
8,3,9,Lycopus uniflorus,Lycopus uniflorus,h,Lycopus uniflorus,19960925,Metchosin; Blinkhorn Lake,Canada,British Columbia,Vancouver Island,NA,Metchosin,present,edges of lake,NA,NA,NA,species,NA,NA,NA,NA,NA,NA,NA,NA,NA,NA,Harvey Janszen,NA,NA,40
8,3,10,Sphagnum,Sphagnum,h,Sphagnum,19961030,Saltspring Island; 6.0 kilometer lake,Canada,British Columbia,Saltspring Island,NA,Southern Gulf Islands,present,floating in lake,NA,NA,mostly open water in lake with Sphagnum mats,genus,NA,NA,NA,NA,NA,NA,NA,NA,2 Sphagnum mats in lake,NA,Harvey Janszen,NA,NA,41
8,3,12,Carex interior,Carex interior,h,Carex interior,19961030,Saltspring Island; 6.0 kilometer lake,Canada,British Columbia,Saltspring Island,NA,Southern Gulf Islands,present,NA,"Carex acuta, Rhynchospora alba","2634, 2635",NA,species,NA,NA,NA,NA,NA,1,NA,NA,NA,NA,Harvey Janszen,NA,NA,42
8,4,2,Ledum groenlandicum,Ledum groenlandicum,h,Rhododendron groenlandicum,19961030,Saltspring Island; 6.0 kilometer lake,Canada,British Columbia,Saltspring Island,NA,Southern Gulf Islands,present,NA,"Carex acuta, Rhynchospora alba","2634, 2635",NA,species,NA,NA,NA,NA,NA,NA,NA,NA,NA,NA,Harvey Janszen,NA,NA,43
8,4,3,Agrostis scabra,Agrostis scabra,h,Agrostis scabra,19961030,Saltspring Island; 6.0 kilometer lake,Canada,British Columbia,Saltspring Island,NA,Southern Gulf Islands,present,NA,"Carex acuta, Rhynchospora alba","2634, 2635",NA,species,NA,NA,NA,NA,NA,1,NA,NA,NA,NA,Harvey Janszen,NA,NA,44
8,4,4,Drosera rotundifolia,Drosera rotundifolia,h,Drosera rotundifolia,19961030,Saltspring Island; 6.0 kilometer lake,Canada,British Columbia,Saltspring Island,NA,Southern Gulf Islands,present,NA,"Carex acuta, Rhynchospora alba","2634, 2635",NA,species,NA,NA,NA,NA,NA,0,NA,NA,NA,NA,Harvey Janszen,NA,NA,45
8,4,5,Spiraea douglasii,Spiraea douglasii,h,Spiraea douglasii,19961030,Saltspring Island; 6.0 kilometer lake,Canada,British Columbia,Saltspring Island,NA,Southern Gulf Islands,present,NA,"Carex acuta, Rhynchospora alba","2634, 2635",NA,species,NA,NA,NA,NA,NA,0,NA,NA,NA,NA,Harvey Janszen,NA,NA,46
8,4,6,Hypericum anagalloides,Hypericum anagalloides,h,Hypericum anagalloides,19961030,Saltspring Island; 6.0 kilometer lake,Canada,British Columbia,Saltspring Island,NA,Southern Gulf Islands,present,NA,"Carex acuta, Rhynchospora alba","2634, 2635",NA,species,NA,NA,NA,NA,NA,0,NA,NA,NA,NA,Harvey Janszen,NA,NA,47
8,4,7,Viola palustris,Viola palustris,h,Viola palustris,19961030,Saltspring Island; 6.0 kilometer lake,Canada,British Columbia,Saltspring Island,NA,Southern Gulf Islands,present,NA,"Carex acuta, Rhynchospora alba","2634, 2635",NA,species,NA,NA,NA,NA,NA,0,NA,NA,NA,NA,Harvey Janszen,NA,NA,48
8,4,8,Dulichium arundinaceum,Dulichium arundinaceum,m,Dulichium arundinaceum,19961030,Saltspring Island; 6.0 kilometer lake,Canada,British Columbia,Saltspring Island,NA,Southern Gulf Islands,present,NA,"Carex acuta, Rhynchospora alba","2634, 2635",NA,species,NA,NA,NA,NA,NA,0,NA,NA,NA,NA,Harvey Janszen,NA,NA,49
8,4,9,Carex lenticularis,Carex lenticularis,h,Carex lenticularis,19961030,Saltspring Island; 6.0 kilometer lake,Canada,British Columbia,Saltspring Island,NA,Southern Gulf Islands,present,NA,"Carex acuta, Rhynchospora alba","2634, 2635",NA,species,NA,NA,NA,NA,NA,1,NA,NA,NA,NA,Harvey Janszen,NA,NA,50
8,4,10,Carex excissata,Carex exsiccata,h,Carex exsiccata,19961030,Saltspring Island; 6.0 kilometer lake,Canada,British Columbia,Saltspring Island,NA,Southern Gulf Islands,present,NA,"Carex acuta, Rhynchospora alba","2634, 2635",NA,species,NA,NA,NA,NA,NA,2,NA,NA,NA,NA,Harvey Janszen,NA,NA,51
8,4,11,Potentilla palustris,Potentilla palustris,h,Comarum palustre,19961030,Saltspring Island; 6.0 kilometer lake,Canada,British Columbia,Saltspring Island,NA,Southern Gulf Islands,present,NA,"Carex acuta, Rhynchospora alba","2634, 2635",NA,species,NA,NA,NA,NA,NA,0,NA,NA,NA,NA,Harvey Janszen,NA,NA,52
8,4,12,Lycopus unif,Lycopus uniflorus,m,Lycopus uniflorus,19961030,Saltspring Island; 6.0 kilometer lake,Canada,British Columbia,Saltspring Island,NA,Southern Gulf Islands,present,NA,"Carex acuta, Rhynchospora alba","2634, 2635",NA,species,NA,NA,NA,NA,NA,0,NA,NA,NA,NA,Harvey Janszen,NA,NA,53
8,4,13,Juncus ensifolius,Juncus ensifolius,h,Juncus ensifolius,19961030,Saltspring Island; 6.0 kilometer lake,Canada,British Columbia,Saltspring Island,NA,Southern Gulf Islands,present,NA,"Carex acuta, Rhynchospora alba","2634, 2635",NA,species,NA,NA,NA,NA,NA,1,NA,NA,NA,NA,Harvey Janszen,NA,NA,54
8,4,16,Kalmia polifolia,Kalmia polifolia,m,Kalmia polifolia,19961030,Saltspring Island; 6.0 kilometer lake,Canada,British Columbia,Saltspring Island,NA,Southern Gulf Islands,present,NA,"Carex acuta, Rhynchospora alba","2634, 2635",NA,species,NA,NA,NA,NA,NA,2,NA,NA,NA,NA,Harvey Janszen,NA,NA,55
8,4,19,Ranunculus flammula,Ranunculus flammula,h,Ranunculus flammula,19961030,Saltspring Island; 6.0 kilometer lake,Canada,British Columbia,Saltspring Island,NA,Southern Gulf Islands,present,shore,NA,NA,NA,species,NA,NA,NA,NA,NA,NA,NA,NA,NA,NA,Harvey Janszen,NA,NA,56
8,4,20,Carex lasiocarpa,Carex lasiocarpa,h,Carex lasiocarpa,19961030,Saltspring Island; 6.0 kilometer lake,Canada,British Columbia,Saltspring Island,NA,Southern Gulf Islands,present,shore,NA,NA,NA,species,NA,NA,NA,NA,NA,NA,NA,NA,NA,NA,Harvey Janszen,NA,NA,57
8,5,1,Carex excissata,Carex exsiccata,h,Carex exsiccata,19961030,Saltspring Island; 5.6 kilometer fen,Canada,British Columbia,Saltspring Island,NA,Southern Gulf Islands,present,fen,NA,NA,NA,species,NA,NA,NA,NA,NA,5,NA,NA,NA,NA,Harvey Janszen,NA,NA,58
8,5,2,Juncus effusus,Juncus effusus,h,Juncus effusus,19961030,Saltspring Island; 5.6 kilometer fen,Canada,British Columbia,Saltspring Island,NA,Southern Gulf Islands,present,fen,NA,NA,NA,species,NA,NA,NA,NA,NA,0,NA,NA,NA,NA,Harvey Janszen,NA,NA,59
8,5,3,Torreyochloa pauciflora,Torreyochloa pallida pauciflora,h,Torreyochloa pallida pauciflora,19961030,Saltspring Island; 5.6 kilometer fen,Canada,British Columbia,Saltspring Island,NA,Southern Gulf Islands,present,fen,NA,NA,NA,species,NA,NA,NA,NA,NA,0,NA,NA,NA,NA,Harvey Janszen,NA,NA,60
8,5,4,Salix scouleriana,Salix scouleriana,h,Salix scouleriana,19961030,Saltspring Island; 5.6 kilometer fen,Canada,British Columbia,Saltspring Island,NA,Southern Gulf Islands,present,edge of fen,NA,NA,NA,species,NA,NA,NA,NA,NA,NA,NA,NA,NA,NA,Harvey Janszen,NA,NA,61
8,5,5,Scirpus acutus,Schoenoplectus acutus,h,Schoenoplectus acutus,19961030,Saltspring Island; Cusheon Lake,Canada,British Columbia,Saltspring Island,NA,Southern Gulf Islands,present,edge of lake,Potamogeton obtusifolius,2636,NA,species,NA,NA,NA,NA,NA,5,NA,NA,NA,NA,Harvey Janszen,NA,NA,62
8,5,6,Typha latifolia,Typha latifolia,h,Typha latifolia,19961030,Saltspring Island; Cusheon Lake,Canada,British Columbia,Saltspring Island,NA,Southern Gulf Islands,present,edge of lake,Potamogeton obtusifolius,2636,NA,species,NA,NA,NA,NA,NA,1,NA,NA,NA,NA,Harvey Janszen,NA,NA,63
8,5,7,Potentilla palustris,Potentilla palustris,h,Comarum palustre,19961030,Saltspring Island; Cusheon Lake,Canada,British Columbia,Saltspring Island,NA,Southern Gulf Islands,present,edge of lake,Potamogeton obtusifolius,2636,NA,species,NA,NA,NA,NA,NA,NA,NA,NA,NA,NA,Harvey Janszen,NA,NA,64
8,5,8,Potamogeton amplifolius,Potamogeton amplifolius,h,Potamogeton amplifolius,19961030,Saltspring Island; Cusheon Lake,Canada,British Columbia,Saltspring Island,NA,Southern Gulf Islands,present,edge of lake,Potamogeton obtusifolius,2636,NA,species,NA,NA,NA,NA,NA,NA,NA,NA,NA,NA,Harvey Janszen,NA,NA,65
8,5,9,Elodea canadensis,Elodea canadensis,h,Elodea canadensis,19961030,Saltspring Island; Cusheon Lake,Canada,British Columbia,Saltspring Island,NA,Southern Gulf Islands,present,edge of lake,Potamogeton obtusifolius,2636,NA,species,NA,NA,NA,NA,NA,NA,NA,NA,NA,NA,Harvey Janszen,NA,NA,66
8,5,10,Potamogeton robbinsii,Potamogeton robbinsii,h,Potamogeton robbinsii,19961030,Saltspring Island; Cusheon Lake,Canada,British Columbia,Saltspring Island,NA,Southern Gulf Islands,present,edge of lake,Potamogeton obtusifolius,2636,NA,species,NA,NA,NA,NA,NA,NA,NA,NA,NA,NA,Harvey Janszen,NA,NA,67
8,5,11,Nuphar p,Nuphar polysepala,m,Nuphar polysepala,19961030,Saltspring Island; Cusheon Lake,Canada,British Columbia,Saltspring Island,NA,Southern Gulf Islands,present,edge of lake,Potamogeton obtusifolius,2636,NA,species,NA,NA,NA,NA,NA,NA,NA,NA,NA,NA,Harvey Janszen,NA,NA,68
8,5,12,Cicuta douglasii,Cicuta douglasii,h,Cicuta douglasii,19961030,Saltspring Island; east end of Cusheon Lake,Canada,British Columbia,Saltspring Island,NA,Southern Gulf Islands,present,edge of lake,NA,NA,NA,species,NA,NA,NA,NA,NA,NA,NA,NA,NA,NA,Harvey Janszen,NA,NA,69
8,5,13,Sium suave,Sium suave,h,Sium suave,19961030,Saltspring Island; east end of Cusheon Lake,Canada,British Columbia,Saltspring Island,NA,Southern Gulf Islands,present,edge of lake,NA,NA,NA,species,NA,NA,NA,NA,NA,NA,NA,NA,NA,NA,Harvey Janszen,NA,NA,70
8,5,14,Lythrum thyrsiflora,Lythrum thyrsiflora,h,Lysimachia thyrsiflora,19961030,Saltspring Island; north end of Cusheon Lake,Canada,British Columbia,Saltspring Island,NA,Southern Gulf Islands,present,edge of lake,NA,NA,NA,species,NA,NA,NA,NA,NA,NA,NA,NA,NA,NA,Harvey Janszen,NA,NA,71
8,5,15,Salix l,Salix,h,Salix,19961030,Saltspring Island; north end of Cusheon Lake,Canada,British Columbia,Saltspring Island,NA,Southern Gulf Islands,present,shore,NA,NA,NA,NA,NA,NA,NA,NA,NA,NA,NA,NA,NA,NA,Harvey Janszen,NA,uncertain of the specific epiphet,72
8,5,16,Salix scouler,Salix scouleriana,h,Salix scouleriana,19961030,Saltspring Island; north end of Cusheon Lake,Canada,British Columbia,Saltspring Island,NA,Southern Gulf Islands,present,shore,NA,NA,NA,species,NA,NA,NA,NA,NA,NA,NA,NA,NA,NA,Harvey Janszen,NA,NA,73
8,5,17,Cornus stolonifera,Cornus sericea,h,Cornus sericea,19961030,Saltspring Island; north end of Cusheon Lake,Canada,British Columbia,Saltspring Island,NA,Southern Gulf Islands,present,shore,NA,NA,NA,species,NA,NA,NA,NA,NA,NA,NA,NA,NA,NA,Harvey Janszen,NA,NA,74
8,5,18,Spiraea d,Spiraea douglasii,h,Spiraea douglasii,19961030,Saltspring Island; north end of Cusheon Lake,Canada,British Columbia,Saltspring Island,NA,Southern Gulf Islands,present,shore,NA,NA,NA,species,NA,NA,NA,NA,NA,NA,NA,NA,NA,NA,Harvey Janszen,NA,NA,75
8,6,1,Typha l,Typha latifolia,m,Typha latifolia,19961030,Saltspring Islandl; Bullocks Pond,Canada,British Columbia,Saltspring Island,NA,Southern Gulf Islands,present,shore,NA,NA,NA,species,NA,NA,NA,NA,NA,5,NA,NA,NA,NA,Harvey Janszen,NA,uncertain of specific epiphet,76
8,6,2,Spiraea d,Spiraea douglasii,h,Spiraea douglasii,19961030,Saltspring Islandl; Bullocks Pond,Canada,British Columbia,Saltspring Island,NA,Southern Gulf Islands,present,shore,NA,NA,NA,species,NA,NA,NA,NA,NA,NA,NA,NA,NA,NA,Harvey Janszen,NA,NA,77
8,6,3,Salix sarale,Salix scouleriana,l,Salix scouleriana,19961030,Saltspring Islandl; Bullocks Pond,Canada,British Columbia,Saltspring Island,NA,Southern Gulf Islands,present,"shore, behind Potentilla palustris (Comarum palustre)",NA,NA,NA,species,NA,NA,NA,NA,NA,NA,NA,NA,NA,NA,Harvey Janszen,NA,uncertain of specific epiphet,78
8,6,4,Potentilla p,Potentilla palustris,h,Comarum palustre,19961030,Saltspring Islandl; Bullocks Pond,Canada,British Columbia,Saltspring Island,NA,Southern Gulf Islands,present,shore,NA,NA,NA,species,NA,NA,NA,NA,NA,NA,NA,NA,NA,NA,Harvey Janszen,NA,NA,79
8,6,5,Lemna minor,Lemna minor,h,Lemna minor,19961030,Saltspring Islandl; Bullocks Pond,Canada,British Columbia,Saltspring Island,NA,Southern Gulf Islands,present,shore,NA,NA,NA,species,NA,NA,NA,NA,NA,NA,NA,NA,NA,NA,Harvey Janszen,NA,NA,80
8,6,6,Nuphar,Nuphar,h,Nuphar,19961030,Saltspring Islandl; Bullocks Pond,Canada,British Columbia,Saltspring Island,NA,Southern Gulf Islands,present,floating,NA,NA,NA,genus,NA,NA,NA,NA,NA,NA,NA,NA,NA,NA,Harvey Janszen,NA,NA,81
8,6,7,Oenanthe sarmentosa,Oenanthe sarmentosa,h,Oenanthe sarmentosa,19961030,Saltspring Islandl; Bullocks Pond,Canada,British Columbia,Saltspring Island,NA,Southern Gulf Islands,present,NA,NA,NA,NA,species,NA,NA,NA,NA,NA,NA,NA,NA,NA,NA,Harvey Janszen,NA,NA,82
8,6,8,Lycopus unif,Lycopus uniflorus,h,Lycopus uniflorus,19961030,Saltspring Islandl; Bullocks Pond,Canada,British Columbia,Saltspring Island,NA,Southern Gulf Islands,present,NA,NA,NA,NA,species,NA,NA,NA,NA,NA,NA,NA,NA,NA,NA,Harvey Janszen,NA,NA,83
8,6,9,Phalaris arundinacea,Phalaris arundinacea,h,Phalaris arundinacea,19961030,Saltspring Islandl; Bullocks Pond,Canada,British Columbia,Saltspring Island,NA,Southern Gulf Islands,present,NA,NA,NA,NA,species,NA,NA,NA,NA,NA,NA,NA,NA,NA,NA,Harvey Janszen,NA,NA,84
8,6,10,Nuphar p,Nuphar polysepala,h,Nuphar polysepala,19961030,Saltspring Island; Maxwell Lake,Canada,British Columbia,Saltspring Island,NA,Southern Gulf Islands,present,NA,"Potamogeton obtusifolius, Carex acuta, Ranunculus aquatilis, Callitriche","2637, 2638, 2640, 2641",NA,species,NA,NA,NA,NA,NA,NA,NA,NA,NA,NA,Harvey Janszen,NA,NA,85
8,6,11,Ranunculus flammula,Ranunculus flammula,h,Ranunculus flammula,19961030,Saltspring Island; Maxwell Lake,Canada,British Columbia,Saltspring Island,NA,Southern Gulf Islands,present,NA,"Potamogeton obtusifolius, Carex acuta, Ranunculus aquatilis, Callitriche","2637, 2638, 2640, 2641",NA,species,NA,NA,NA,NA,NA,NA,NA,NA,NA,NA,Harvey Janszen,NA,NA,86
8,6,12,Spiraea d,Spiraea douglasii,h,Spiraea douglasii,19961030,Saltspring Island; Maxwell Lake,Canada,British Columbia,Saltspring Island,NA,Southern Gulf Islands,present,NA,"Potamogeton obtusifolius, Carex acuta, Ranunculus aquatilis, Callitriche","2637, 2638, 2640, 2641",NA,species,NA,NA,NA,NA,NA,NA,NA,NA,NA,NA,Harvey Janszen,NA,NA,87
8,6,13,Potamogeton robbinsii,Potamogeton robbinsii,h,Potamogeton robbinsii,19961030,Saltspring Island; Maxwell Lake,Canada,British Columbia,Saltspring Island,NA,Southern Gulf Islands,present,NA,"Potamogeton obtusifolius, Carex acuta, Ranunculus aquatilis, Callitriche","2637, 2638, 2640, 2641",NA,species,NA,NA,NA,NA,NA,NA,NA,NA,NA,NA,Harvey Janszen,NA,NA,88
8,6,14,Sparganium em,Sparganium emersum,h,Sparganium emersum,19961030,Saltspring Island; Maxwell Lake,Canada,British Columbia,Saltspring Island,NA,Southern Gulf Islands,present,NA,"Potamogeton obtusifolius, Carex acuta, Ranunculus aquatilis, Callitriche","2637, 2638, 2640, 2641",NA,species,NA,NA,NA,NA,NA,NA,NA,NA,NA,NA,Harvey Janszen,NA,NA,89
8,6,15,Sium suave,Sium suave,h,Sium suave,19961030,Saltspring Island; Maxwell Lake,Canada,British Columbia,Saltspring Island,NA,Southern Gulf Islands,present,NA,"Potamogeton obtusifolius, Carex acuta, Ranunculus aquatilis, Callitriche","2637, 2638, 2640, 2641",NA,species,NA,NA,NA,NA,NA,NA,NA,NA,NA,NA,Harvey Janszen,NA,NA,90
8,6,16,Lycopus d,Lycopus,h,Lycopus,19961030,Saltspring Island; Maxwell Lake,Canada,British Columbia,Saltspring Island,NA,Southern Gulf Islands,present,NA,"Potamogeton obtusifolius, Carex acuta, Ranunculus aquatilis, Callitriche","2637, 2638, 2640, 2641",NA,genus,NA,NA,NA,NA,NA,NA,NA,NA,NA,NA,Harvey Janszen,NA,uncertain of specific epiphet,91
8,6,18,Carex lasiocarpa,Carex lasiocarpa,h,Carex lasiocarpa,19961030,Saltspring Island; Maxwell Lake,Canada,British Columbia,Saltspring Island,NA,Southern Gulf Islands,present,NA,"Potamogeton obtusifolius, Carex acuta, Ranunculus aquatilis, Callitriche","2637, 2638, 2640, 2641",NA,species,NA,NA,NA,NA,NA,NA,NA,NA,NA,NA,Harvey Janszen,NA,NA,92
8,6,19,Agrostis scabra,Agrostis scabra,h,Agrostis scabra,19961030,Saltspring Island; Maxwell Lake,Canada,British Columbia,Saltspring Island,NA,Southern Gulf Islands,present,NA,"Potamogeton obtusifolius, Carex acuta, Ranunculus aquatilis, Callitriche","2637, 2638, 2640, 2641",NA,species,NA,NA,NA,NA,NA,NA,NA,NA,NA,NA,Harvey Janszen,NA,NA,93
8,7,1,Juncus ensifolius,Juncus ensifolius,h,Juncus ensifolius,19961030,Saltspring Island; Maxwell Lake,Canada,British Columbia,Saltspring Island,NA,Southern Gulf Islands,present,NA,"Potamogeton obtusifolius, Carex acuta, Ranunculus aquatilis, Callitriche","2637, 2638, 2640, 2641",NA,species,NA,NA,NA,NA,NA,NA,NA,NA,NA,NA,Harvey Janszen,NA,NA,94
8,7,2,Lythrum thyrsiflora,Lythrum thyrsiflora,h,Lysimachia thyrsiflora,19961030,Saltspring Island; Maxwell Lake,Canada,British Columbia,Saltspring Island,NA,Southern Gulf Islands,present,NA,"Potamogeton obtusifolius, Carex acuta, Ranunculus aquatilis, Callitriche","2637, 2638, 2640, 2641",NA,species,NA,NA,NA,NA,NA,NA,NA,NA,NA,NA,Harvey Janszen,NA,NA,95
8,7,3,Torreyochloa pauciflora,Torreyochloa pallida pauciflora,h,Torreyochloa pallida pauciflora,19961030,Saltspring Island; Maxwell Lake,Canada,British Columbia,Saltspring Island,NA,Southern Gulf Islands,present,NA,"Potamogeton obtusifolius, Carex acuta, Ranunculus aquatilis, Callitriche","2637, 2638, 2640, 2641",NA,species,NA,NA,NA,NA,NA,NA,NA,NA,NA,NA,Harvey Janszen,NA,NA,96
8,7,4,Hypericum anagalloides,Hypericum anagalloides,h,Hypericum anagalloides,19961030,Saltspring Island; Maxwell Lake,Canada,British Columbia,Saltspring Island,NA,Southern Gulf Islands,present,NA,"Potamogeton obtusifolius, Carex acuta, Ranunculus aquatilis, Callitriche","2637, 2638, 2640, 2641",NA,species,NA,NA,NA,NA,NA,NA,NA,NA,NA,NA,Harvey Janszen,NA,NA,97
8,7,5,Scirpus acutus,Scirpus acutus,h,Scirpus acutus,19961030,Saltspring Island; lower end of Maxwell Lake,Canada,British Columbia,Saltspring Island,NA,Southern Gulf Islands,present,Scirpus acutus and Spiraea swamp,NA,NA,NA,species,NA,NA,NA,NA,NA,NA,NA,NA,NA,NA,Harvey Janszen,NA,NA,98
8,7,6,Spiraea,Spiraea,h,Spiraea,19961030,Saltspring Island; lower end of Maxwell Lake,Canada,British Columbia,Saltspring Island,NA,Southern Gulf Islands,present,Scirpus acutus and Spiraea swamp,NA,NA,NA,species,NA,NA,NA,NA,NA,NA,NA,NA,NA,NA,Harvey Janszen,NA,NA,99
8,7,7,Eleocharis p,Eleocharis palustris,h,Eleocharis palustris,19961030,Saltspring Island; lower end of Maxwell Lake,Canada,British Columbia,Saltspring Island,NA,Southern Gulf Islands,present,Scirpus acutus and Spiraea swamp,NA,NA,NA,species,NA,NA,NA,NA,NA,NA,NA,NA,NA,NA,Harvey Janszen,NA,NA,100
8,7,10,Typha l,Typha latifolia,m,Typha latifolia,19961030,Saltspring Island; lower end of Maxwell Lake,Canada,British Columbia,Saltspring Island,NA,Southern Gulf Islands,present,Scirpus acutus and Spiraea swamp,NA,NA,NA,species,NA,NA,NA,NA,NA,NA,NA,NA,NA,NA,Harvey Janszen,NA,NA,101
8,7,11,Carex exciccata,Carex exsiccata,h,Carex exsiccata,19961030,Saltspring Island; lower end of Maxwell Lake,Canada,British Columbia,Saltspring Island,NA,Southern Gulf Islands,present,Scirpus acutus and Spiraea swamp,NA,NA,NA,species,NA,NA,NA,NA,NA,NA,NA,NA,NA,NA,Harvey Janszen,NA,NA,102
8,7,12,Myosotis laxa,Myosotis laxa,h,Myosotis laxa,19961030,Saltspring Island; lower end of Maxwell Lake,Canada,British Columbia,Saltspring Island,NA,Southern Gulf Islands,present,Scirpus acutus and Spiraea swamp,NA,NA,NA,species,NA,NA,NA,NA,NA,NA,NA,NA,NA,NA,Harvey Janszen,NA,NA,103
8,7,13,Typha,Typha,h,Typha,19961030,Saltspring Island; Blackburn Lake,Canada,British Columbia,Saltspring Island,NA,Southern Gulf Islands,present,edge of lake,NA,NA,NA,genus,NA,NA,NA,NA,NA,5,NA,NA,mostly Typha at edge,NA,Harvey Janszen,NA,NA,104
8,7,14,Nuphar p,Nuphar polysepala,h,Nuphar polysepala,19961030,Saltspring Island; Blackburn Lake,Canada,British Columbia,Saltspring Island,NA,Southern Gulf Islands,present,edge of lake,NA,NA,NA,species,NA,NA,NA,NA,NA,NA,NA,NA,NA,NA,Harvey Janszen,NA,NA,105
8,7,15,Potamogeton robinsii,Potamogeton robinsii,h,Potamogeton robinsii,19961030,Saltspring Island; Blackburn Lake,Canada,British Columbia,Saltspring Island,NA,Southern Gulf Islands,present,edge of lake,NA,NA,NA,species,NA,NA,NA,NA,NA,NA,NA,NA,Potamogeton as Cusheon lake ex amplif,NA,Harvey Janszen,NA,NA,106
8,7,16,Potentilla palustris,Potentilla palustris,h,Comarum palustre,19961030,Saltspring Island; Blackburn Lake,Canada,British Columbia,Saltspring Island,NA,Southern Gulf Islands,present,edge of lake,NA,NA,NA,species,NA,NA,NA,NA,NA,NA,NA,NA,NA,NA,Harvey Janszen,NA,NA,107
8,7,17,Carex exciccata,Carex exsiccata,h,Carex exsiccata,19961030,Saltspring Island; Blackburn Lake,Canada,British Columbia,Saltspring Island,NA,Southern Gulf Islands,present,edge of lake,NA,NA,NA,species,NA,NA,NA,NA,NA,NA,NA,NA,NA,NA,Harvey Janszen,NA,NA,108
8,7,18,Spiraea,Spiraea,h,Spiraea,19961030,Saltspring Island; Blackburn Lake,Canada,British Columbia,Saltspring Island,NA,Southern Gulf Islands,present,edge of lake,NA,NA,NA,genus,NA,NA,NA,NA,NA,NA,NA,NA,NA,NA,Harvey Janszen,NA,NA,109
8,7,19,Salix,Salix,h,Salix,19961030,Saltspring Island; Blackburn Lake,Canada,British Columbia,Saltspring Island,NA,Southern Gulf Islands,present,edge of lake,NA,NA,NA,genus,NA,NA,NA,NA,NA,NA,NA,NA,NA,NA,Harvey Janszen,NA,NA,110
8,7,20,Cornus,Cornus,h,Cornus,19961030,Saltspring Island; Blackburn Lake,Canada,British Columbia,Saltspring Island,NA,Southern Gulf Islands,present,edge of lake,NA,NA,NA,genus,NA,NA,NA,NA,NA,NA,NA,NA,NA,NA,Harvey Janszen,NA,NA,111
8,8,1,Veronica arvensis,Veronica arvensis,h,Veronica arvensis,19970619,Texada Island; Harwood Point; east end of Dick Island,Canada,British Columbia,Texada Island,NA,Northern Gulf Islands,present,almost dry vernal pool at high tide line,"Myosurus minimus, Hordeum brachyantherum, Festuca rubra,  Daucus pusillus, Sedum oreganum,  Allium amplectens","2643, 2644, 2645, 2646, 2647, 2648, 2655, 2649",NA,species,NA,49.65333333,124.4683333,10U 394010 5501120,NA,NA,NA,NA,NA,NA,Harvey Janszen,NA,NA,112
8,8,2,Grindelia i,Grindelia integrifolia,h,Grindelia integrifolia,19970619,Texada Island; Harwood Point; east end of Dick Island,Canada,British Columbia,Texada Island,NA,Northern Gulf Islands,present,almost dry vernal pool at high tide line,"Myosurus minimus, Hordeum brachyantherum, Festuca rubra,  Daucus pusillus, Sedum oreganum,  Allium amplectens","2643, 2644, 2645, 2646, 2647, 2648, 2655, 2649",NA,species,NA,49.65333333,124.4683333,10U 394010 5501120,NA,NA,NA,NA,NA,NA,Harvey Janszen,NA,NA,113
8,8,3,Allium cernuum,Allium cernuum,h,Allium cernuum,19970619,Texada Island; Harwood Point; east end of Dick Island,Canada,British Columbia,Texada Island,NA,Northern Gulf Islands,present,almost dry vernal pool at high tide line,"Myosurus minimus, Hordeum brachyantherum, Festuca rubra,  Daucus pusillus, Sedum oreganum,  Allium amplectens","2643, 2644, 2645, 2646, 2647, 2648, 2655, 2649",NA,species,NA,49.65333333,124.4683333,10U 394010 5501120,NA,NA,NA,NA,NA,NA,Harvey Janszen,NA,NA,114
8,8,4,Holcus lanatus,Holcus lanatus,h,Holcus lanatus,19970619,Texada Island; Harwood Point; east end of Dick Island,Canada,British Columbia,Texada Island,NA,Northern Gulf Islands,present,almost dry vernal pool at high tide line,"Myosurus minimus, Hordeum brachyantherum, Festuca rubra,  Daucus pusillus, Sedum oreganum,  Allium amplectens","2643, 2644, 2645, 2646, 2647, 2648, 2655, 2649",NA,species,NA,49.65333333,124.4683333,10U 394010 5501120,NA,NA,NA,NA,NA,NA,Harvey Janszen,NA,NA,115
8,8,5,Mimulus guttatus,Erythranthe guttata,h,Erythranthe guttata,19970619,Texada Island; Harwood Point; east end of Dick Island,Canada,British Columbia,Texada Island,NA,Northern Gulf Islands,present,almost dry vernal pool at high tide line,"Myosurus minimus, Hordeum brachyantherum, Festuca rubra,  Daucus pusillus, Sedum oreganum,  Allium amplectens","2643, 2644, 2645, 2646, 2647, 2648, 2655, 2649",NA,species,NA,49.65333333,124.4683333,10U 394010 5501120,NA,NA,NA,NA,NA,NA,Harvey Janszen,NA,NA,116
8,8,6,Juncus bufonius,Juncus bufonius,h,Juncus bufonius,19970619,Texada Island; Harwood Point; east end of Dick Island,Canada,British Columbia,Texada Island,NA,Northern Gulf Islands,present,almost dry vernal pool at high tide line,"Myosurus minimus, Hordeum brachyantherum, Festuca rubra,  Daucus pusillus, Sedum oreganum,  Allium amplectens","2643, 2644, 2645, 2646, 2647, 2648, 2655, 2649",NA,species,NA,49.65333333,124.4683333,10U 394010 5501120,NA,NA,NA,NA,NA,NA,Harvey Janszen,NA,NA,117
8,8,7,Plantago elongata,Plantago elongata,h,Plantago elongata,19970619,Texada Island; Harwood Point; east end of Dick Island,Canada,British Columbia,Texada Island,NA,Northern Gulf Islands,present,almost dry vernal pool at high tide line,"Myosurus minimus, Hordeum brachyantherum, Festuca rubra,  Daucus pusillus, Sedum oreganum,  Allium amplectens","2643, 2644, 2645, 2646, 2647, 2648, 2655, 2649",NA,species,NA,49.65333333,124.4683333,10U 394010 5501120,NA,NA,NA,NA,NA,NA,Harvey Janszen,NA,NA,118
8,9,1,Festuca rubra,Festuca rubra,h,Festuca rubra,19970619,Texada Island; Dick Island,Canada,British Columbia,Texada Island,NA,Northern Gulf Islands,present,vernal seep,"Plantago elongata, Brodia coronaria, Silene antirrhina, Vulpia myuros,  Vulpia microstachys, Trifolium willdenovii, Trifolium microcephalum, Geranium carolinianum, Madia madioides,  Madia gracilis, Dichanthelium scribnerianum, Bromus tectorum","2651, 2652, 2653, 2654, 2655, 2656, 2657, 2658, 2659A, 2659B",NA,species,NA,49.65166667,124.4688889,10U 393970 5500950,NA,NA,NA,NA,NA,NA,Harvey Janszen,NA,NA,119
8,9,2,Grindelia int,Grindelia integrifolia,h,Grindelia integrifolia,19970619,Texada Island; Dick Island,Canada,British Columbia,Texada Island,NA,Northern Gulf Islands,present,vernal seep,"Plantago elongata, Brodia coronaria, Silene antirrhina, Vulpia myuros,  Vulpia microstachys, Trifolium willdenovii, Trifolium microcephalum, Geranium carolinianum, Madia madioides,  Madia gracilis, Dichanthelium scribnerianum, Bromus tectorum","2651, 2652, 2653, 2654, 2655, 2656, 2657, 2658, 2659A, 2659B",NA,species,NA,49.65166667,124.4688889,10U 393970 5500950,NA,NA,NA,NA,NA,NA,Harvey Janszen,NA,NA,120
8,9,3,Sedum oreganum,Sedum oreganum,h,Sedum oreganum,19970619,Texada Island; Dick Island,Canada,British Columbia,Texada Island,NA,Northern Gulf Islands,present,vernal seep,"Plantago elongata, Brodia coronaria, Silene antirrhina, Vulpia myuros,  Vulpia microstachys, Trifolium willdenovii, Trifolium microcephalum, Geranium carolinianum, Madia madioides,  Madia gracilis, Dichanthelium scribnerianum, Bromus tectorum","2651, 2652, 2653, 2654, 2655, 2656, 2657, 2658, 2659A, 2659B",NA,species,NA,49.65166667,124.4688889,10U 393970 5500950,NA,NA,NA,NA,NA,NA,Harvey Janszen,NA,NA,121
8,9,4,Montia parvifolia,Montia parvifolia,h,Montia parvifolia,19970619,Texada Island; Dick Island,Canada,British Columbia,Texada Island,NA,Northern Gulf Islands,present,vernal seep,"Plantago elongata, Brodia coronaria, Silene antirrhina, Vulpia myuros,  Vulpia microstachys, Trifolium willdenovii, Trifolium microcephalum, Geranium carolinianum, Madia madioides,  Madia gracilis, Dichanthelium scribnerianum, Bromus tectorum","2651, 2652, 2653, 2654, 2655, 2656, 2657, 2658, 2659A, 2659B",NA,species,NA,49.65166667,124.4688889,10U 393970 5500950,NA,NA,NA,NA,NA,NA,Harvey Janszen,NA,NA,122
8,9,5,Prunella vulgaris,Prunella vulgaris,h,Prunella vulgaris,19970619,Texada Island; Dick Island,Canada,British Columbia,Texada Island,NA,Northern Gulf Islands,present,vernal seep,"Plantago elongata, Brodia coronaria, Silene antirrhina, Vulpia myuros,  Vulpia microstachys, Trifolium willdenovii, Trifolium microcephalum, Geranium carolinianum, Madia madioides,  Madia gracilis, Dichanthelium scribnerianum, Bromus tectorum","2651, 2652, 2653, 2654, 2655, 2656, 2657, 2658, 2659A, 2659B",NA,species,NA,49.65166667,124.4688889,10U 393970 5500950,NA,NA,NA,NA,NA,NA,Harvey Janszen,NA,NA,123
8,9,6,Fragaria virginiana,Fragaria virginiana,h,Fragaria virginiana,19970619,Texada Island; Dick Island,Canada,British Columbia,Texada Island,NA,Northern Gulf Islands,present,part edge of rocky tide line,"Madia madioides, Epilobium minutum, Sedum lanceolatum nesioticum, Polygonum spergulariiforme","2660, 2661, 2662",NA,species,NA,49.65166667,124.4688889,10U 393970 5500950,NA,NA,NA,NA,NA,flowering,Harvey Janszen,NA,NA,124
8,9,7,Opuntia fragilis,Opuntia fragilis,h,Opuntia fragilis,19970619,Texada Island; Dick Island,Canada,British Columbia,Texada Island,NA,Northern Gulf Islands,present,part edge of rocky tide line,"Madia madioides, Epilobium minutum, Sedum lanceolatum nesioticum, Polygonum spergulariiforme","2660, 2661, 2662",NA,species,NA,49.65166667,124.4688889,10U 393970 5500950,NA,NA,NA,NA,NA,NA,Harvey Janszen,NA,NA,125
8,10,1,Veronica scutellata,Veronica scutellata,h,Veronica scutellata,19970619,Texada Island; Dick Island,Canada,British Columbia,Texada Island,NA,Northern Gulf Islands,present,vernal pool at high part of islet,"Agrostis exarata, Vaccinium ovatum, Cotoneaster, Lepidium virginicum","2663, 2664, 2665A, 2665D",NA,species,NA,49.65111111,124.47,10U 393900 5500880,NA,NA,NA,NA,NA,NA,Harvey Janszen,NA,NA,126
8,10,2,Malus fusca,Malus fusca,h,Malus fusca,19970619,Texada Island; Dick Island,Canada,British Columbia,Texada Island,NA,Northern Gulf Islands,present,vernal pool at high part of islet,"Agrostis exarata, Vaccinium ovatum, Cotoneaster, Lepidium virginicum","2663, 2664, 2665A, 2665D",NA,species,NA,49.65111111,124.47,10U 393900 5500880,NA,NA,NA,NA,NA,NA,Harvey Janszen,NA,NA,127
8,10,3,Grindellia,Grindellia,h,Grindellia,19970619,Texada Island; Dick Island,Canada,British Columbia,Texada Island,NA,Northern Gulf Islands,present,vernal pool at high part of islet,"Agrostis exarata, Vaccinium ovatum, Cotoneaster, Lepidium virginicum","2663, 2664, 2665A, 2665D",NA,genus,NA,49.65111111,124.47,10U 393900 5500880,NA,NA,NA,NA,NA,NA,Harvey Janszen,NA,NA,128
8,10,4,Festuca rub,Festuca rubra,h,Festuca rubra,19970619,Texada Island; Dick Island,Canada,British Columbia,Texada Island,NA,Northern Gulf Islands,present,vernal pool at high part of islet,"Agrostis exarata, Vaccinium ovatum, Cotoneaster, Lepidium virginicum","2663, 2664, 2665A, 2665D",NA,species,NA,49.65111111,124.47,10U 393900 5500880,NA,NA,NA,NA,NA,NA,Harvey Janszen,NA,NA,129
8,10,5,Eriophyllum lanatum,Eriophyllum lanatum,h,Eriophyllum lanatum,19970619,Texada Island; west end of Dick Island,Canada,British Columbia,Texada Island,NA,Northern Gulf Islands,present,NA,"Spergularia marina, Aphyllon californicum","2665B, 2665C",only at NW ends,species,NA,49.65111111,124.47,10U 393900 5500880,NA,NA,NA,NA,uncollected,NA,Harvey Janszen,NA,NA,130
8,10,6,Senecio sylvaticus,Senecio sylvaticus,h,Senecio sylvaticus,19970619,Texada Island; west end of Dick Island,Canada,British Columbia,Texada Island,NA,Northern Gulf Islands,present,NA,"Spergularia marina, Aphyllon californicum","2665B, 2665C",NA,species,NA,49.65111111,124.47,10U 393900 5500880,NA,NA,NA,NA,uncollected,NA,Harvey Janszen,NA,NA,131
8,10,7,Zygadenus ven,Zygadenus venenosus,h,Toxicoscordion venenosum,19970619,Texada Island; west end of Dick Island,Canada,British Columbia,Texada Island,NA,Northern Gulf Islands,present,NA,"Spergularia marina, Aphyllon californicum","2665B, 2665C",NA,species,NA,49.65111111,124.47,10U 393900 5500880,NA,NA,moderately abundant,qualitative,"uncollected, mod widespread",NA,Harvey Janszen,NA,NA,132
8,10,8,Melica subulata,Melica subulata,h,Melica subulata,19970619,Texada Island; interior of Dick Island,Canada,British Columbia,Texada Island,NA,Northern Gulf Islands,present,NA,"Spergularia marina, Aphyllon californicum","2665B, 2665C",NA,species,NA,49.65111111,124.47,10U 393900 5500880,NA,NA,NA,NA,uncollected,NA,Harvey Janszen,NA,NA,133
8,10,9,Mahonia aquifolium,Mahonia aquifolium,h,Berberis aquifolium,19970619,Texada Island; Harwood Point,Canada,British Columbia,Texada Island,NA,Northern Gulf Islands,present,sand flats,NA,NA,NA,species,NA,49.65333333,124.4680556,10U 394040 5501120,NA,NA,NA,NA,uncollected,NA,Harvey Janszen,NA,NA,134
8,10,10,Holodiscus discolor,Holodiscus discolor,h,Holodiscus discolor,19970619,Texada Island; Harwood Point,Canada,British Columbia,Texada Island,NA,Northern Gulf Islands,present,sand flats,NA,NA,NA,species,NA,49.65333333,124.4680556,10U 394040 5501120,NA,NA,NA,NA,uncollected,NA,Harvey Janszen,NA,NA,135
8,10,11,Arbutus menziesii,Arbutus menziesii,h,Arbutus menziesii,19970619,Texada Island; Harwood Point,Canada,British Columbia,Texada Island,NA,Northern Gulf Islands,present,sand flats,NA,NA,NA,species,NA,49.65333333,124.4680556,10U 394040 5501120,NA,NA,NA,NA,uncollected,NA,Harvey Janszen,NA,NA,136
8,10,12,Juniperus scopulorum,Juniperus scopulorum,h,Juniperus scopulorum,19970619,Texada Island; Harwood Point,Canada,British Columbia,Texada Island,NA,Northern Gulf Islands,present,sand flats,NA,NA,NA,species,NA,49.65333333,124.4680556,10U 394040 5501120,NA,NA,NA,NA,uncollected,NA,Harvey Janszen,NA,NA,137
8,11,1,Bromus hordeaceus,Bromus hordeaceus,h,Bromus hordeaceus,19970619,Texada Island; Harwood Point,Canada,British Columbia,Texada Island,NA,Northern Gulf Islands,present,sand flats,NA,NA,NA,species,NA,49.65333333,124.4680556,10U 394040 5501120,NA,NA,NA,NA,uncollected,NA,Harvey Janszen,NA,NA,138
8,11,2,Achillea millefolium,Achillea millefolium,h,Achillea millefolium,19970619,Texada Island; Harwood Point,Canada,British Columbia,Texada Island,NA,Northern Gulf Islands,present,sand flats,NA,NA,NA,species,NA,49.65333333,124.4680556,10U 394040 5501120,NA,NA,NA,NA,uncollected,NA,Harvey Janszen,NA,NA,139
8,11,3,Rosa nutkana,Rosa nutkana,h,Rosa nutkana,19970619,Texada Island; Harwood Point,Canada,British Columbia,Texada Island,NA,Northern Gulf Islands,present,sand flats,NA,NA,NA,species,NA,49.65333333,124.4680556,10U 394040 5501120,NA,NA,NA,NA,uncollected,NA,Harvey Janszen,NA,NA,140
8,11,4,Rosa gymnocarpa,Rosa gymnocarpa,h,Rosa gymnocarpa,19970619,Texada Island; Harwood Point,Canada,British Columbia,Texada Island,NA,Northern Gulf Islands,present,sand flats,NA,NA,NA,species,NA,49.65333333,124.4680556,10U 394040 5501120,NA,NA,NA,NA,uncollected,NA,Harvey Janszen,NA,NA,141
8,11,5,Pinus contorta,Pinus contorta,h,Pinus contorta,19970619,Texada Island; Harwood Point,Canada,British Columbia,Texada Island,NA,Northern Gulf Islands,present,sand flats,NA,NA,NA,species,NA,49.65333333,124.4680556,10U 394040 5501120,NA,NA,NA,NA,uncollected,NA,Harvey Janszen,NA,NA,142
8,11,6,Ranunculus occidentalis,Ranunculus occidentalis,h,Ranunculus occidentalis,19970619,Texada Island; Harwood Point,Canada,British Columbia,Texada Island,NA,Northern Gulf Islands,present,sand flats,NA,NA,NA,species,NA,49.65333333,124.4680556,10U 394040 5501120,NA,NA,NA,NA,uncollected,past flowering,Harvey Janszen,NA,NA,143
8,11,7,Sanicula crassicaulis,Sanicula crassicaulis,h,Sanicula crassicaulis,19970619,Texada Island; Harwood Point,Canada,British Columbia,Texada Island,NA,Northern Gulf Islands,present,sand flats,NA,NA,NA,species,NA,49.65333333,124.4680556,10U 394040 5501120,NA,NA,NA,NA,uncollected,NA,Harvey Janszen,NA,NA,144
8,11,8,Ambrosia chamissonis,Ambrosia chamissonis,h,Ambrosia chamissonis,19970619,Texada Island; Harwood Point,Canada,British Columbia,Texada Island,NA,Northern Gulf Islands,present,sand flats,NA,NA,NA,species,NA,49.65333333,124.4680556,10U 394040 5501120,NA,NA,NA,NA,uncollected,NA,Harvey Janszen,NA,NA,145
8,11,9,Plantago maritima,Plantago maritima,h,Plantago maritima,19970619,Texada Island; Harwood Point,Canada,British Columbia,Texada Island,NA,Northern Gulf Islands,present,sand flats,NA,NA,NA,species,NA,49.65333333,124.4680556,10U 394040 5501120,NA,NA,NA,NA,uncollected,NA,Harvey Janszen,NA,NA,146
8,11,10,Elymus mollis,Leymus mollis,h,Leymus mollis,19970619,Texada Island; Harwood Point,Canada,British Columbia,Texada Island,NA,Northern Gulf Islands,present,sand flats,NA,NA,NA,species,NA,49.65333333,124.4680556,10U 394040 5501120,NA,NA,NA,NA,uncollected,NA,Harvey Janszen,NA,NA,147
8,11,11,Lathyrus japonicus,Lathyrus japonicus,h,Lathyrus japonicus,19970619,Texada Island; Harwood Point,Canada,British Columbia,Texada Island,NA,Northern Gulf Islands,present,sand flats,NA,NA,NA,species,NA,49.65333333,124.4680556,10U 394040 5501120,NA,NA,NA,NA,uncollected,NA,Harvey Janszen,NA,NA,148
8,11,12,Trifolium dubium,Trifolium dubium,h,Trifolium dubium,19970619,Texada Island; Harwood Point,Canada,British Columbia,Texada Island,NA,Northern Gulf Islands,present,sand flats,NA,NA,NA,species,NA,49.65333333,124.4680556,10U 394040 5501120,NA,NA,NA,NA,uncollected,NA,Harvey Janszen,NA,NA,149
8,11,13,Atriplex patula,Atriplex patula,h,Atriplex patula,19970619,Texada Island; Harwood Point,Canada,British Columbia,Texada Island,NA,Northern Gulf Islands,present,sand flats,NA,NA,NA,species,NA,49.65333333,124.4680556,10U 394040 5501120,NA,NA,NA,NA,uncollected,NA,Harvey Janszen,NA,NA,150
8,11,14,Anthoxanthum odoratum,Anthoxanthum odoratum,h,Anthoxanthum odoratum,19970619,Texada Island,Canada,British Columbia,Texada Island,NA,Northern Gulf Islands,present,abandoned farm fields ditch,Juncus ensifolius,2672,185 degrees south aspect,species,NA,49.61388889,124.4044444,10U 398550 5496640,NA,NA,NA,NA,NA,NA,Harvey Janszen,NA,NA,151
8,12,1,Danthonia,Danthonia,h,Danthonia,19970619,Texada Island,Canada,British Columbia,Texada Island,NA,Northern Gulf Islands,present,abandoned farm fields ditch,Juncus ensifolius,2672,185 degrees south aspect,genus,NA,49.61388889,124.4044444,10U 398550 5496640,NA,NA,NA,NA,NA,NA,Harvey Janszen,NA,NA,152
8,12,2,Juncus effusus,Juncus effusus,h,Juncus effusus,19970619,Texada Island,Canada,British Columbia,Texada Island,NA,Northern Gulf Islands,present,abandoned farm fields ditch,Juncus ensifolius,2672,185 degrees south aspect,species,NA,49.61388889,124.4044444,10U 398550 5496640,NA,NA,NA,NA,NA,NA,Harvey Janszen,NA,NA,153
8,12,3,Carex echinata,Carex echinata,h,Carex echinata,19970619,Texada Island,Canada,British Columbia,Texada Island,NA,Northern Gulf Islands,present,abandoned farm fields ditch,Juncus ensifolius,2672,185 degrees south aspect,species,NA,49.61388889,124.4044444,10U 398550 5496640,NA,NA,NA,NA,NA,NA,Harvey Janszen,NA,NA,154
8,12,4,Carex aurea,Carex aurea,h,Carex aurea,19970619,Texada Island,Canada,British Columbia,Texada Island,NA,Northern Gulf Islands,present,neglected farm fields,"Danthonia californica, Carex feta, Bromus inermis, Carex pachystachya, Juncus tenuis, Danthonia spicata, Epilobium ciliatum ciliatum","2673, 2674, 2675, 2677, 2678, 2679","elevation 70 m, aspect 210 degrees, slope 10%",species,70,49.61388889,124.4044444,10U 398550 5496640,NA,NA,NA,NA,NA,NA,Harvey Janszen,NA,NA,155
8,12,5,Poa (trivialis),Poa trivialis,m,Poa trivialis,19970619,Texada Island,Canada,British Columbia,Texada Island,NA,Northern Gulf Islands,present,oak woods,NA,NA,NA,species,70,49.61388889,124.4044444,10U 398550 5496640,NA,NA,NA,NA,NA,NA,Harvey Janszen,NA,NA,156
8,12,6,Geranium robertianum,Geranium robertianum,h,Geranium robertianum,19970619,Texada Island,Canada,British Columbia,Texada Island,NA,Northern Gulf Islands,present,oak woods,NA,NA,NA,species,70,49.61388889,124.4044444,10U 398550 5496640,NA,NA,NA,NA,NA,NA,Harvey Janszen,NA,NA,157
8,12,7,Ranunculus uncinatus,Ranunculus uncinatus,h,Ranunculus uncinatus,19970619,Texada Island,Canada,British Columbia,Texada Island,NA,Northern Gulf Islands,present,oak woods,NA,NA,NA,species,70,49.61388889,124.4044444,10U 398550 5496640,NA,NA,NA,NA,NA,NA,Harvey Janszen,NA,NA,158
8,12,8,Melica subulata,Melica subulata,h,Melica subulata,19970619,Texada Island,Canada,British Columbia,Texada Island,NA,Northern Gulf Islands,present,oak woods,NA,NA,NA,species,70,49.61388889,124.4044444,10U 398550 5496640,NA,NA,NA,NA,NA,NA,Harvey Janszen,NA,NA,159
8,12,9,Galium aparine,Galium aparine,h,Galium aparine,19970619,Texada Island,Canada,British Columbia,Texada Island,NA,Northern Gulf Islands,present,oak woods,NA,NA,NA,species,70,49.61388889,124.4044444,10U 398550 5496640,NA,NA,NA,NA,NA,NA,Harvey Janszen,NA,NA,160
8,12,10,Carex deweyana,Carex deweyana,h,Carex deweyana,19970619,Texada Island,Canada,British Columbia,Texada Island,NA,Northern Gulf Islands,present,oak woods,NA,NA,NA,species,70,49.61388889,124.4044444,10U 398550 5496640,NA,NA,NA,NA,NA,NA,Harvey Janszen,NA,NA,161
8,12,11,Opuntia fragilis,Opuntia fragilis,h,Opuntia fragilis,19970619,Texada Island; west hydro substation on point,Canada,British Columbia,Texada Island,NA,Northern Gulf Islands,present,open hydro cut,"Vicia hirsuta, Eriophyllum lanatum","2680, 2681",in hydro cut,NA,NA,49.59027778,124.3586111,10U 401810 5493950,NA,NA,NA,NA,NA,NA,Harvey Janszen,NA,NA,162
8,12,12,Panicum oligosanthes var. shreiberi,Panicum oligosanthes scribnerianum,h,Dichanthelium scribnerianum,19970619,Texada Island; west hydro substation on point,Canada,British Columbia,Texada Island,NA,Northern Gulf Islands,present,open hydro cut,"Vicia hirsuta, Eriophyllum lanatum","2680, 2681",in hydro cut,NA,NA,49.59027778,124.3586111,10U 401810 5493950,NA,NA,NA,NA,NA,NA,Harvey Janszen,NA,NA,163
8,13,1,Anthoxanthum od,Anthoxanthum odoratum,h,Anthoxanthum odoratum,19970619,Texada Island; west hydro substation on point,Canada,British Columbia,Texada Island,NA,Northern Gulf Islands,present,"open hydro cut, shallow earth shelves on rock outcrop","Danthonia californica, Sisyrinchium idahoense macounii, Bromus carinatus, Packera macounii, Danthonia spicata, Asplenium trichomanes","2682, 2683, 2684, 2685,  2686, 2687","slope 50 %, exp 220 degrees",NA,40,49.59055556,124.3575,10U 401880 5493990,NA,NA,70,count,gen hydro cont stuff,NA,NA,NA,NA,164
8,13,2,Rubus ursinus,Rubus ursinus,h,Rubus ursinus,19970619,Texada Island; west hydro substation on point,Canada,British Columbia,Texada Island,NA,Northern Gulf Islands,present,"open hydro cut, shallow earth shelves on rock outcrop","Danthonia californica, Sisyrinchium idahoense macounii, Bromus carinatus, Packera macounii, Danthonia spicata, Asplenium trichomanes","2682, 2683, 2684, 2685,  2686, 2687","slope 50 %, exp 220 degrees",NA,40,49.59055556,124.3575,10U 401880 5493990,NA,NA,NA,NA,gen hydro cont stuff,NA,NA,NA,NA,165
8,13,3,Berberis aquifolium,Berberis aquifolium,h,Berberis aquifolium,19970619,Texada Island; west hydro substation on point,Canada,British Columbia,Texada Island,NA,Northern Gulf Islands,present,"open hydro cut, shallow earth shelves on rock outcrop","Danthonia californica, Sisyrinchium idahoense macounii, Bromus carinatus, Packera macounii, Danthonia spicata, Asplenium trichomanes","2682, 2683, 2684, 2685,  2686, 2687","slope 50 %, exp 220 degrees",NA,40,49.59055556,124.3575,10U 401880 5493990,NA,NA,NA,NA,gen hydro cont stuff,NA,NA,NA,NA,166
8,13,4,Festuca rubra,Festuca rubra,h,Festuca rubra,19970619,Texada Island; west hydro substation on point,Canada,British Columbia,Texada Island,NA,Northern Gulf Islands,present,"open hydro cut, shallow earth shelves on rock outcrop","Danthonia californica, Sisyrinchium idahoense macounii, Bromus carinatus, Packera macounii, Danthonia spicata, Asplenium trichomanes","2682, 2683, 2684, 2685,  2686, 2687","slope 50 %, exp 220 degrees",NA,40,49.59055556,124.3575,10U 401880 5493990,NA,NA,NA,NA,gen hydro cont stuff,NA,NA,NA,NA,167
8,13,5,Phleum pratense,Phleum pratense,h,Phleum pratense,19970619,Texada Island; west hydro substation on point,Canada,British Columbia,Texada Island,NA,Northern Gulf Islands,present,"open hydro cut, shallow earth shelves on rock outcrop","Danthonia californica, Sisyrinchium idahoense macounii, Bromus carinatus, Packera macounii, Danthonia spicata, Asplenium trichomanes","2682, 2683, 2684, 2685,  2686, 2687","slope 50 %, exp 220 degrees",NA,40,49.59055556,124.3575,10U 401880 5493990,NA,NA,NA,NA,"gen hydro cont stuff, non coll obs",NA,NA,NA,NA,168
8,13,6,Poa compressa,Poa compressa,h,Poa compressa,19970619,Texada Island; west hydro substation on point,Canada,British Columbia,Texada Island,NA,Northern Gulf Islands,present,"open hydro cut, shallow earth shelves on rock outcrop","Danthonia californica, Sisyrinchium idahoense macounii, Bromus carinatus, Packera macounii, Danthonia spicata, Asplenium trichomanes","2682, 2683, 2684, 2685,  2686, 2687","slope 50 %, exp 220 degrees",NA,40,49.59055556,124.3575,10U 401880 5493990,NA,NA,NA,NA,"gen hydro cont stuff, non coll obs",NA,NA,NA,NA,169
8,13,7,Carex rostrata,Carex rostrata,h,Carex rostrata,19970619,Texada Island; fen on road to west hydro substation,Canada,British Columbia,Texada Island,NA,Northern Gulf Islands,present,fen,Scutellaria galericulata,2690,NA,NA,NA,48.60166667,124.3866667,10U 399800 5495270,NA,NA,NA,NA,NA,NA,NA,NA,NA,170
8,13,8,Carex canescens,Carex canescens,h,Carex canescens,19970619,Texada Island; fen on road to west hydro substation,Canada,British Columbia,Texada Island,NA,Northern Gulf Islands,present,fen,Scutellaria galericulata,2690,NA,NA,NA,48.60166667,124.3866667,10U 399800 5495270,NA,NA,NA,NA,NA,NA,NA,NA,NA,171
8,13,9,Lysichiton,Lysichiton,h,Lysichiton,19970619,Texada Island; fen on road to west hydro substation,Canada,British Columbia,Texada Island,NA,Northern Gulf Islands,present,fen,Scutellaria galericulata,2690,NA,NA,NA,48.60166667,124.3866667,10U 399800 5495270,NA,NA,NA,NA,NA,NA,NA,NA,NA,172
8,13,10,Typha,Typha,h,Typha,19970619,Texada Island; fen on road to west hydro substation,Canada,British Columbia,Texada Island,NA,Northern Gulf Islands,present,fen,Scutellaria galericulata,2690,NA,NA,NA,48.60166667,124.3866667,10U 399800 5495270,NA,NA,NA,NA,NA,NA,NA,NA,NA,173
8,15,1,Conioselinum pacificum,Conioselinum pacificum,h,Conioselinum gmelinii,19970620,Texada Island; northwest point of Blubber Bay,Canada,British Columbia,Texada Island,NA,Northern Gulf Islands,present,NA,NA,NA,NA,NA,NA,NA,NA,NA,NA,NA,NA,NA,NA,NA,NA,NA,NA,174
8,15,2,Allium cernuum,Allium cernuum,h,Allium cernuum,19970620,Texada Island; northwest point of Blubber Bay,Canada,British Columbia,Texada Island,NA,Northern Gulf Islands,present,NA,NA,NA,NA,NA,NA,NA,NA,NA,NA,NA,NA,NA,NA,NA,NA,NA,NA,175
8,15,3,Sedum acre,Sedum acre,h,Sedum acre,19970620,Texada Island; northwest point of Blubber Bay,Canada,British Columbia,Texada Island,NA,Northern Gulf Islands,present,seaside,NA,NA,NA,NA,NA,NA,NA,NA,NA,NA,widespread,qualitative,fairly widespread escape on limestone at sea edge,NA,NA,NA,NA,176
8,15,4,Cotoneaster horizontalis,Cotoneaster horizontalis,h,Cotoneaster horizontalis,19970620,Texada Island; northwest point of Blubber Bay,Canada,British Columbia,Texada Island,NA,Northern Gulf Islands,present,margins of woods at sea edge,NA,NA,NA,NA,NA,NA,NA,NA,NA,NA,several,qualitative,slightly I woods at sea edge,NA,NA,NA,NA,177
8,15,5,Senecio macounii,Senecio macounii,h,Packera macounii,19970620,Texada Island; northwest point of Blubber Bay,Canada,British Columbia,Texada Island,NA,Northern Gulf Islands,present,NA,NA,NA,NA,NA,NA,NA,NA,NA,NA,NA,200,count,"approx 200 sterile, sample taken to compare",NA,NA,NA,NA,178
8,15,6,Campanula biennis,Campanula medium,h,Campanula medium,19970620,Texada Island; northwest point of Blubber Bay,Canada,British Columbia,Texada Island,NA,Northern Gulf Islands,present,road median,NA,NA,NA,NA,NA,NA,NA,NA,NA,NA,NA,NA,here and there,NA,NA,NA,NA,179
8,15,7,Lycopus americanus,Lycopus americanus,h,Lycopus americanus,19970620,Texada Island; [Guillse]? Point,Canada,British Columbia,Texada Island,NA,Northern Gulf Islands,present,NA,"Sisyrinchium idahoense, Erigeron philadelphicus, Sisyrinchium californicum, Euphrasia nemorosa, Hypericum scouleri","2710A, 2710B, 2711, 2712, 2713",NA,NA,NA,49.80055556,124.5058333,10U 384440 5517680,NA,NA,NA,NA,uncollected,NA,NA,NA,NA,180
8,15,8,Holcus lanatus,Holcus lanatus,h,Holcus lanatus,19970620,Texada Island; [Guillse]? Point,Canada,British Columbia,Texada Island,NA,Northern Gulf Islands,present,slopes of quarry,Packera macounii,2714A,NA,NA,NA,49.80055556,124.5058333,10U 384440 5517680,NA,NA,NA,NA,dist slopes quarry,NA,NA,NA,NA,181
8,15,9,Pseudotsuga m.,Pseudotsuga menziesii,h,Pseudotsuga menziesii,19970620,Texada Island; [Guillse]? Point,Canada,British Columbia,Texada Island,NA,Northern Gulf Islands,present,slopes of quarry,Packera macounii,2714A,NA,NA,NA,49.80055556,124.5058333,10U 384440 5517680,NA,NA,NA,NA,dist slopes quarry,NA,NA,NA,NA,182
8,15,10,Festuca rubra,Festuca rubra,h,Festuca rubra,19970620,Texada Island; [Guillse]? Point,Canada,British Columbia,Texada Island,NA,Northern Gulf Islands,present,slopes of quarry,Packera macounii,2714A,NA,NA,NA,49.80055556,124.5058333,10U 384440 5517680,NA,NA,NA,NA,dist slopes quarry,NA,NA,NA,NA,183
8,15,11,Hypochaeris radicata,Hypochaeris radicata,h,Hypochaeris radicata,19970620,Texada Island; [Guillse]? Point,Canada,British Columbia,Texada Island,NA,Northern Gulf Islands,present,slopes of quarry,Packera macounii,2714A,NA,NA,NA,49.80055556,124.5058333,10U 384440 5517680,NA,NA,NA,NA,dist slopes quarry,NA,NA,NA,NA,184
8,15,12,Bromus tectorum,Bromus tectorum,h,Bromus tectorum,19970620,Texada Island; [Guillse]? Point,Canada,British Columbia,Texada Island,NA,Northern Gulf Islands,present,slopes of quarry,Packera macounii,2714A,NA,NA,NA,49.80055556,124.5058333,10U 384440 5517680,NA,NA,NA,NA,dist slopes quarry,NA,NA,NA,NA,185
8,15,13,Achillea m,Achillea millefolium,h,Achillea millefolium,19970620,Texada Island; [Guillse]? Point,Canada,British Columbia,Texada Island,NA,Northern Gulf Islands,present,slopes of quarry,Packera macounii,2714A,NA,NA,NA,49.80055556,124.5058333,10U 384440 5517680,NA,NA,NA,NA,dist slopes quarry,NA,NA,NA,NA,186
8,15,14,Prunella v,Prunella vulgaris,h,Prunella vulgaris,19970620,Texada Island; [Guillse]? Point,Canada,British Columbia,Texada Island,NA,Northern Gulf Islands,present,slopes of quarry,Packera macounii,2714A,NA,NA,NA,49.80055556,124.5058333,10U 384440 5517680,NA,NA,NA,NA,dist slopes quarry,NA,NA,NA,NA,187
8,16,1,Cw,Tsuga heterophylla,h,Tsuga heterophylla,19970620,Texada Island; [Guillse]? Point,Canada,British Columbia,Texada Island,NA,Northern Gulf Islands,present,limestone cliff in quarry,"Centaurea diffusa, Toxicodendron diversilobum","2714B, 2715","aspect 304 degrees, slope vertical",NA,3,49.80027778,124.6127778,10U 383940 5517660,NA,NA,NA,NA,associates,NA,NA,NA,NA,188
8,16,2,Arbutus,Arbutus menziesii,h,Arbutus menziesii,19970620,Texada Island; [Guillse]? Point,Canada,British Columbia,Texada Island,NA,Northern Gulf Islands,present,limestone cliff in quarry,"Centaurea diffusa, Toxicodendron diversilobum","2714B, 2715","aspect 304 degrees, slope vertical",NA,3,49.80027778,124.6127778,10U 383940 5517660,NA,NA,NA,NA,associates,NA,NA,NA,NA,189
8,16,3,Lonicera hispidula,Lonicera hispidula,h,Lonicera hispidula,19970620,Texada Island; [Guillse]? Point,Canada,British Columbia,Texada Island,NA,Northern Gulf Islands,present,limestone cliff in quarry,"Centaurea diffusa, Toxicodendron diversilobum","2714B, 2715","aspect 304 degrees, slope vertical",NA,3,49.80027778,124.6127778,10U 383940 5517660,NA,NA,NA,NA,associates,NA,NA,NA,NA,190
8,16,4,Cichorium intybus,Cichorium intybus,h,Cichorium intybus,19970620,Texada Island; [Guillse]? Point,Canada,British Columbia,Texada Island,NA,Northern Gulf Islands,present,output of area,NA,NA,NA,NA,NA,49.80027778,124.6127778,10U 383940 5517660,NA,NA,NA,NA,obs,NA,NA,NA,NA,191
8,16,5,Cotoneaster horizontalis,Cotoneaster horizontalis,h,Cotoneaster horizontalis,19970620,Texada Island; [Guillse]? Point,Canada,British Columbia,Texada Island,NA,Northern Gulf Islands,present,output of area,NA,NA,NA,NA,NA,49.80027778,124.6127778,10U 383940 5517660,NA,NA,lots,qualitative,obs,NA,NA,NA,NA,192
8,16,6,Tropagon sp. dubius,Tragopogon dubius,h,Tragopogon dubius,19970620,Texada Island; [Guillse]? Point,Canada,British Columbia,Texada Island,NA,Northern Gulf Islands,present,output of area,NA,NA,NA,NA,NA,49.80027778,124.6127778,10U 383940 5517660,NA,NA,NA,NA,obs,NA,NA,NA,NA,193
8,16,7,Melilotus alba,Melilotus albus,h,Melilotus albus,19970620,Texada Island; [Guillse]? Point,Canada,British Columbia,Texada Island,NA,Northern Gulf Islands,present,output of area,NA,NA,NA,NA,NA,49.80027778,124.6127778,10U 383940 5517660,NA,NA,NA,NA,obs,NA,NA,NA,NA,194
8,17,1,Senecio macounii,Senecio macounii,h,Packera macounii,19970620,Texada Island; [Vananda]?,Canada,British Columbia,Texada Island,NA,Northern Gulf Islands,present,NA,Centaurea pratensis,2717,at dock,NA,NA,49.75888889,124.5533333,10U 388130 5512970,NA,NA,200,count,additional approx 200 plants,NA,NA,NA,NA,195
8,17,2,Picea sitchensis,Picea sitchensis,h,Picea sitchensis,19970621,Texada Island; Gillies Bay; forest behind ball field,Canada,British Columbia,Texada Island,NA,Northern Gulf Islands,present,forest,NA,NA,forest behind ball field,NA,NA,NA,NA,NA,NA,NA,NA,NA,NA,NA,NA,NA,NA,196
8,17,3,Oplopanax horridus,Oplopanax horridus,h,Oplopanax horridus,19970621,Texada Island; Gillies Bay; forest behind ball field,Canada,British Columbia,Texada Island,NA,Northern Gulf Islands,present,forest,NA,NA,forest behind ball field,NA,NA,NA,NA,NA,NA,NA,NA,NA,NA,NA,NA,NA,NA,197
8,17,4,Lysichiton,Lysichiton americanus,h,Lysichiton americanus,19970621,Texada Island; Gillies Bay; forest behind ball field,Canada,British Columbia,Texada Island,NA,Northern Gulf Islands,present,forest,NA,NA,forest behind ball field,NA,NA,NA,NA,NA,NA,NA,NA,NA,NA,NA,NA,NA,NA,198
8,17,5,Carex obnupta,Carex obnupta,h,Carex obnupta,19970621,Texada Island; Gillies Bay; forest behind ball field,Canada,British Columbia,Texada Island,NA,Northern Gulf Islands,present,forest,NA,NA,forest behind ball field,NA,NA,NA,NA,NA,NA,NA,NA,NA,NA,NA,NA,NA,NA,199
8,17,6,Rubus spectabilis,Rubus spectabilis,h,Rubus spectabilis,19970621,Texada Island; Gillies Bay; forest behind ball field,Canada,British Columbia,Texada Island,NA,Northern Gulf Islands,present,forest,NA,NA,forest behind ball field,NA,NA,NA,NA,NA,NA,NA,NA,NA,NA,NA,NA,NA,NA,200
8,17,7,Polystichum,Polystichum,h,Polystichum,19970621,Texada Island; Gillies Bay; forest behind ball field,Canada,British Columbia,Texada Island,NA,Northern Gulf Islands,present,forest,NA,NA,forest behind ball field,NA,NA,NA,NA,NA,NA,NA,NA,NA,NA,NA,NA,NA,NA,201
8,17,8,Athyrium filix-femina,Athyrium filix-femina,h,Athyrium filix-femina,19970621,Texada Island; Gillies Bay; forest behind ball field,Canada,British Columbia,Texada Island,NA,Northern Gulf Islands,present,forest,NA,NA,forest behind ball field,NA,NA,NA,NA,NA,NA,NA,NA,NA,NA,NA,NA,NA,NA,202
8,17,9,Dryopteris expansa,Dryopteris expansa,h,Dryopteris expansa,19970621,Texada Island; Gillies Bay; forest behind ball field,Canada,British Columbia,Texada Island,NA,Northern Gulf Islands,present,forest,NA,NA,forest behind ball field,NA,NA,NA,NA,NA,NA,NA,NA,NA,Dryopteris austriaca crossed out,NA,NA,NA,NA,203