"archiveID","pageNum","numPage","vName","vSciName","conf","sciName","date","locality","country","stateProvince","island","idQualifier","county","occStatus","habitat","assCollTaxa","assColl","locationRemarks","vTaxonRank","vElevM","vLat","vLon","vUTM","vCoordUncM","numPlantsCode","orgQuantity","orgQtype","occRemarks","phenology","recordedBy","idBy","dataEntryRemarks","index","datasetName","basisOfRecord","islandGroup","recordNumber"
8,3,6,"Potamogeton natans","Potamogeton natans","h","Potamogeton natans",19960925,"Metchosin; Blinkhorn Lake","Canada","British Columbia","Vancouver Island",NA,"Metchosin","present","edges of lake",NA,NA,NA,"species",NA,NA,NA,NA,NA,NA,NA,NA,NA,NA,"Harvey Janszen",NA,NA,1,"Harvey Janszen Observations","HumanObservation","","HJ8-3-6"
8,3,7,"Carex obnupta","Carex obnupta","h","Carex obnupta",19960925,"Metchosin; Blinkhorn Lake","Canada","British Columbia","Vancouver Island",NA,"Metchosin","present","edges of lake",NA,NA,NA,"species",NA,NA,NA,NA,NA,NA,NA,NA,NA,NA,"Harvey Janszen",NA,NA,2,"Harvey Janszen Observations","HumanObservation","","HJ8-3-7"
8,3,8,"Agrostis scabra","Agrostis scabra","h","Agrostis scabra",19960925,"Metchosin; Blinkhorn Lake","Canada","British Columbia","Vancouver Island",NA,"Metchosin","present","edges of lake",NA,NA,NA,"species",NA,NA,NA,NA,NA,NA,NA,NA,NA,NA,"Harvey Janszen",NA,NA,3,"Harvey Janszen Observations","HumanObservation","","HJ8-3-8"
8,3,9,"Lycopus uniflorus","Lycopus uniflorus","h","Lycopus uniflorus",19960925,"Metchosin; Blinkhorn Lake","Canada","British Columbia","Vancouver Island",NA,"Metchosin","present","edges of lake",NA,NA,NA,"species",NA,NA,NA,NA,NA,NA,NA,NA,NA,NA,"Harvey Janszen",NA,NA,4,"Harvey Janszen Observations","HumanObservation","","HJ8-3-9"
8,3,10,"Sphagnum","Sphagnum","h","Sphagnum",19961030,"Saltspring Island; 6.0 kilometer lake","Canada","British Columbia","Saltspring Island",NA,"Southern Gulf Islands","present","floating in lake",NA,NA,"mostly open water in lake with Sphagnum mats","genus",NA,NA,NA,NA,NA,NA,NA,NA,"2 Sphagnum mats in lake",NA,"Harvey Janszen",NA,NA,5,"Harvey Janszen Observations","HumanObservation","Southern Gulf Islands","HJ8-3-10"
8,3,12,"Carex interior","Carex interior","h","Carex interior",19961030,"Saltspring Island; 6.0 kilometer lake","Canada","British Columbia","Saltspring Island",NA,"Southern Gulf Islands","present",NA,"Carex acuta; Rhynchospora alba","HJC-2634; HJC-2635",NA,"species",NA,NA,NA,NA,NA,1,"1-5 plants","individuals","abundance code: '1'",NA,"Harvey Janszen",NA,NA,6,"Harvey Janszen Observations","HumanObservation","Southern Gulf Islands","HJ8-3-12"
8,4,2,"Ledum groenlandicum","Ledum groenlandicum","h","Rhododendron groenlandicum",19961030,"Saltspring Island; 6.0 kilometer lake","Canada","British Columbia","Saltspring Island",NA,"Southern Gulf Islands","present",NA,"Carex acuta; Rhynchospora alba","HJC-2634; HJC-2635",NA,"species",NA,NA,NA,NA,NA,NA,NA,NA,NA,NA,"Harvey Janszen",NA,NA,7,"Harvey Janszen Observations","HumanObservation","Southern Gulf Islands","HJ8-4-2"
8,4,3,"Agrostis scabra","Agrostis scabra","h","Agrostis scabra",19961030,"Saltspring Island; 6.0 kilometer lake","Canada","British Columbia","Saltspring Island",NA,"Southern Gulf Islands","present",NA,"Carex acuta; Rhynchospora alba","HJC-2634; HJC-2635",NA,"species",NA,NA,NA,NA,NA,1,"1-5 plants","individuals","abundance code: '1'",NA,"Harvey Janszen",NA,NA,8,"Harvey Janszen Observations","HumanObservation","Southern Gulf Islands","HJ8-4-3"
8,4,4,"Drosera rotundifolia","Drosera rotundifolia","h","Drosera rotundifolia",19961030,"Saltspring Island; 6.0 kilometer lake","Canada","British Columbia","Saltspring Island",NA,"Southern Gulf Islands","present",NA,"Carex acuta; Rhynchospora alba","HJC-2634; HJC-2635",NA,"species",NA,NA,NA,NA,NA,0,"1","individuals","abundance code: '0'",NA,"Harvey Janszen",NA,NA,9,"Harvey Janszen Observations","HumanObservation","Southern Gulf Islands","HJ8-4-4"
8,4,5,"Spiraea douglasii","Spiraea douglasii","h","Spiraea douglasii",19961030,"Saltspring Island; 6.0 kilometer lake","Canada","British Columbia","Saltspring Island",NA,"Southern Gulf Islands","present",NA,"Carex acuta; Rhynchospora alba","HJC-2634; HJC-2635",NA,"species",NA,NA,NA,NA,NA,0,"1","individuals","abundance code: '0'",NA,"Harvey Janszen",NA,NA,10,"Harvey Janszen Observations","HumanObservation","Southern Gulf Islands","HJ8-4-5"
8,4,6,"Hypericum anagalloides","Hypericum anagalloides","h","Hypericum anagalloides",19961030,"Saltspring Island; 6.0 kilometer lake","Canada","British Columbia","Saltspring Island",NA,"Southern Gulf Islands","present",NA,"Carex acuta; Rhynchospora alba","HJC-2634; HJC-2635",NA,"species",NA,NA,NA,NA,NA,0,"1","individuals","abundance code: '0'",NA,"Harvey Janszen",NA,NA,11,"Harvey Janszen Observations","HumanObservation","Southern Gulf Islands","HJ8-4-6"
8,4,7,"Viola palustris","Viola palustris","h","Viola palustris",19961030,"Saltspring Island; 6.0 kilometer lake","Canada","British Columbia","Saltspring Island",NA,"Southern Gulf Islands","present",NA,"Carex acuta; Rhynchospora alba","HJC-2634; HJC-2635",NA,"species",NA,NA,NA,NA,NA,0,"1","individuals","abundance code: '0'",NA,"Harvey Janszen",NA,NA,12,"Harvey Janszen Observations","HumanObservation","Southern Gulf Islands","HJ8-4-7"
8,4,8,"Dulichium arundinaceum","Dulichium arundinaceum","m","Dulichium arundinaceum",19961030,"Saltspring Island; 6.0 kilometer lake","Canada","British Columbia","Saltspring Island",NA,"Southern Gulf Islands","present",NA,"Carex acuta; Rhynchospora alba","HJC-2634; HJC-2635",NA,"species",NA,NA,NA,NA,NA,0,"1","individuals","abundance code: '0'",NA,"Harvey Janszen",NA,NA,13,"Harvey Janszen Observations","HumanObservation","Southern Gulf Islands","HJ8-4-8"
8,4,9,"Carex lenticularis","Carex lenticularis","h","Carex lenticularis",19961030,"Saltspring Island; 6.0 kilometer lake","Canada","British Columbia","Saltspring Island",NA,"Southern Gulf Islands","present",NA,"Carex acuta; Rhynchospora alba","HJC-2634; HJC-2635",NA,"species",NA,NA,NA,NA,NA,1,"1-5 plants","individuals","abundance code: '1'",NA,"Harvey Janszen",NA,NA,14,"Harvey Janszen Observations","HumanObservation","Southern Gulf Islands","HJ8-4-9"
8,4,10,"Carex excissata","Carex exsiccata","h","Carex exsiccata",19961030,"Saltspring Island; 6.0 kilometer lake","Canada","British Columbia","Saltspring Island",NA,"Southern Gulf Islands","present",NA,"Carex acuta; Rhynchospora alba","HJC-2634; HJC-2635",NA,"species",NA,NA,NA,NA,NA,2,"5-25 plants","individuals","abundance code: '2'",NA,"Harvey Janszen",NA,NA,15,"Harvey Janszen Observations","HumanObservation","Southern Gulf Islands","HJ8-4-10"
8,4,11,"Potentilla palustris","Potentilla palustris","h","Comarum palustre",19961030,"Saltspring Island; 6.0 kilometer lake","Canada","British Columbia","Saltspring Island",NA,"Southern Gulf Islands","present",NA,"Carex acuta; Rhynchospora alba","HJC-2634; HJC-2635",NA,"species",NA,NA,NA,NA,NA,0,"1","individuals","abundance code: '0'",NA,"Harvey Janszen",NA,NA,16,"Harvey Janszen Observations","HumanObservation","Southern Gulf Islands","HJ8-4-11"
8,4,12,"Lycopus unif","Lycopus uniflorus","m","Lycopus uniflorus",19961030,"Saltspring Island; 6.0 kilometer lake","Canada","British Columbia","Saltspring Island",NA,"Southern Gulf Islands","present",NA,"Carex acuta; Rhynchospora alba","HJC-2634; HJC-2635",NA,"species",NA,NA,NA,NA,NA,0,"1","individuals","abundance code: '0'",NA,"Harvey Janszen",NA,NA,17,"Harvey Janszen Observations","HumanObservation","Southern Gulf Islands","HJ8-4-12"
8,4,13,"Juncus ensifolius","Juncus ensifolius","h","Juncus ensifolius",19961030,"Saltspring Island; 6.0 kilometer lake","Canada","British Columbia","Saltspring Island",NA,"Southern Gulf Islands","present",NA,"Carex acuta; Rhynchospora alba","HJC-2634; HJC-2635",NA,"species",NA,NA,NA,NA,NA,1,"1-5 plants","individuals","abundance code: '1'",NA,"Harvey Janszen",NA,NA,18,"Harvey Janszen Observations","HumanObservation","Southern Gulf Islands","HJ8-4-13"
8,4,16,"Kalmia polifolia","Kalmia polifolia","m","Kalmia polifolia",19961030,"Saltspring Island; 6.0 kilometer lake","Canada","British Columbia","Saltspring Island",NA,"Southern Gulf Islands","present",NA,"Carex acuta; Rhynchospora alba","HJC-2634; HJC-2635",NA,"species",NA,NA,NA,NA,NA,2,"5-25 plants","individuals","abundance code: '2'",NA,"Harvey Janszen",NA,NA,19,"Harvey Janszen Observations","HumanObservation","Southern Gulf Islands","HJ8-4-16"
8,4,19,"Ranunculus flammula","Ranunculus flammula","h","Ranunculus flammula",19961030,"Saltspring Island; 6.0 kilometer lake","Canada","British Columbia","Saltspring Island",NA,"Southern Gulf Islands","present","shore",NA,NA,NA,"species",NA,NA,NA,NA,NA,NA,NA,NA,NA,NA,"Harvey Janszen",NA,NA,20,"Harvey Janszen Observations","HumanObservation","Southern Gulf Islands","HJ8-4-19"
8,4,20,"Carex lasiocarpa","Carex lasiocarpa","h","Carex lasiocarpa",19961030,"Saltspring Island; 6.0 kilometer lake","Canada","British Columbia","Saltspring Island",NA,"Southern Gulf Islands","present","shore",NA,NA,NA,"species",NA,NA,NA,NA,NA,NA,NA,NA,NA,NA,"Harvey Janszen",NA,NA,21,"Harvey Janszen Observations","HumanObservation","Southern Gulf Islands","HJ8-4-20"
8,5,1,"Carex excissata","Carex exsiccata","h","Carex exsiccata",19961030,"Saltspring Island; 5.6 kilometer fen","Canada","British Columbia","Saltspring Island",NA,"Southern Gulf Islands","present","fen",NA,NA,NA,"species",NA,NA,NA,NA,NA,5,"75+ plants","individuals","abundance code: '5'",NA,"Harvey Janszen",NA,NA,22,"Harvey Janszen Observations","HumanObservation","Southern Gulf Islands","HJ8-5-1"
8,5,2,"Juncus effusus","Juncus effusus","h","Juncus effusus",19961030,"Saltspring Island; 5.6 kilometer fen","Canada","British Columbia","Saltspring Island",NA,"Southern Gulf Islands","present","fen",NA,NA,NA,"species",NA,NA,NA,NA,NA,0,"1","individuals","abundance code: '0'",NA,"Harvey Janszen",NA,NA,23,"Harvey Janszen Observations","HumanObservation","Southern Gulf Islands","HJ8-5-2"
8,5,3,"Torreyochloa pauciflora","Torreyochloa pallida pauciflora","h","Torreyochloa pallida pauciflora",19961030,"Saltspring Island; 5.6 kilometer fen","Canada","British Columbia","Saltspring Island",NA,"Southern Gulf Islands","present","fen",NA,NA,NA,"species",NA,NA,NA,NA,NA,0,"1","individuals","abundance code: '0'",NA,"Harvey Janszen",NA,NA,24,"Harvey Janszen Observations","HumanObservation","Southern Gulf Islands","HJ8-5-3"
8,5,4,"Salix scouleriana","Salix scouleriana","h","Salix scouleriana",19961030,"Saltspring Island; 5.6 kilometer fen","Canada","British Columbia","Saltspring Island",NA,"Southern Gulf Islands","present","edge of fen",NA,NA,NA,"species",NA,NA,NA,NA,NA,NA,NA,NA,NA,NA,"Harvey Janszen",NA,NA,25,"Harvey Janszen Observations","HumanObservation","Southern Gulf Islands","HJ8-5-4"
8,5,5,"Scirpus acutus","Schoenoplectus acutus","h","Schoenoplectus acutus",19961030,"Saltspring Island; Cusheon Lake","Canada","British Columbia","Saltspring Island",NA,"Southern Gulf Islands","present","edge of lake","Potamogeton obtusifolius","HJC-2636",NA,"species",NA,NA,NA,NA,NA,5,"75+ plants","individuals","abundance code: '5'",NA,"Harvey Janszen",NA,NA,26,"Harvey Janszen Observations","HumanObservation","Southern Gulf Islands","HJ8-5-5"
8,5,6,"Typha latifolia","Typha latifolia","h","Typha latifolia",19961030,"Saltspring Island; Cusheon Lake","Canada","British Columbia","Saltspring Island",NA,"Southern Gulf Islands","present","edge of lake","Potamogeton obtusifolius","HJC-2636",NA,"species",NA,NA,NA,NA,NA,1,"1-5 plants","individuals","abundance code: '1'",NA,"Harvey Janszen",NA,NA,27,"Harvey Janszen Observations","HumanObservation","Southern Gulf Islands","HJ8-5-6"
8,5,7,"Potentilla palustris","Potentilla palustris","h","Comarum palustre",19961030,"Saltspring Island; Cusheon Lake","Canada","British Columbia","Saltspring Island",NA,"Southern Gulf Islands","present","edge of lake","Potamogeton obtusifolius","HJC-2636",NA,"species",NA,NA,NA,NA,NA,NA,NA,NA,NA,NA,"Harvey Janszen",NA,NA,28,"Harvey Janszen Observations","HumanObservation","Southern Gulf Islands","HJ8-5-7"
8,5,8,"Potamogeton amplifolius","Potamogeton amplifolius","h","Potamogeton amplifolius",19961030,"Saltspring Island; Cusheon Lake","Canada","British Columbia","Saltspring Island",NA,"Southern Gulf Islands","present","edge of lake","Potamogeton obtusifolius","HJC-2636",NA,"species",NA,NA,NA,NA,NA,NA,NA,NA,NA,NA,"Harvey Janszen",NA,NA,29,"Harvey Janszen Observations","HumanObservation","Southern Gulf Islands","HJ8-5-8"
8,5,9,"Elodea canadensis","Elodea canadensis","h","Elodea canadensis",19961030,"Saltspring Island; Cusheon Lake","Canada","British Columbia","Saltspring Island",NA,"Southern Gulf Islands","present","edge of lake","Potamogeton obtusifolius","HJC-2636",NA,"species",NA,NA,NA,NA,NA,NA,NA,NA,NA,NA,"Harvey Janszen",NA,NA,30,"Harvey Janszen Observations","HumanObservation","Southern Gulf Islands","HJ8-5-9"
8,5,10,"Potamogeton robbinsii","Potamogeton robbinsii","h","Potamogeton robbinsii",19961030,"Saltspring Island; Cusheon Lake","Canada","British Columbia","Saltspring Island",NA,"Southern Gulf Islands","present","edge of lake","Potamogeton obtusifolius","HJC-2636",NA,"species",NA,NA,NA,NA,NA,NA,NA,NA,NA,NA,"Harvey Janszen",NA,NA,31,"Harvey Janszen Observations","HumanObservation","Southern Gulf Islands","HJ8-5-10"
8,5,11,"Nuphar p","Nuphar polysepala","m","Nuphar polysepala",19961030,"Saltspring Island; Cusheon Lake","Canada","British Columbia","Saltspring Island",NA,"Southern Gulf Islands","present","edge of lake","Potamogeton obtusifolius","HJC-2636",NA,"species",NA,NA,NA,NA,NA,NA,NA,NA,NA,NA,"Harvey Janszen",NA,NA,32,"Harvey Janszen Observations","HumanObservation","Southern Gulf Islands","HJ8-5-11"
8,5,12,"Cicuta douglasii","Cicuta douglasii","h","Cicuta douglasii",19961030,"Saltspring Island; Cusheon Lake; east end of lake","Canada","British Columbia","Saltspring Island",NA,"Southern Gulf Islands","present","edge of lake",NA,NA,NA,"species",NA,NA,NA,NA,NA,NA,NA,NA,NA,NA,"Harvey Janszen",NA,NA,33,"Harvey Janszen Observations","HumanObservation","Southern Gulf Islands","HJ8-5-12"
8,5,13,"Sium suave","Sium suave","h","Sium suave",19961030,"Saltspring Island; Cusheon Lake; east end of lake","Canada","British Columbia","Saltspring Island",NA,"Southern Gulf Islands","present","edge of lake",NA,NA,NA,"species",NA,NA,NA,NA,NA,NA,NA,NA,NA,NA,"Harvey Janszen",NA,NA,34,"Harvey Janszen Observations","HumanObservation","Southern Gulf Islands","HJ8-5-13"
8,5,14,"Lythrum thyrsiflora","Lythrum thyrsiflora","h","Lysimachia thyrsiflora",19961030,"Saltspring Island; Cusheon Lake; north end of lake","Canada","British Columbia","Saltspring Island",NA,"Southern Gulf Islands","present","edge of lake",NA,NA,NA,"species",NA,NA,NA,NA,NA,NA,NA,NA,NA,NA,"Harvey Janszen",NA,NA,35,"Harvey Janszen Observations","HumanObservation","Southern Gulf Islands","HJ8-5-14"
8,5,16,"Salix scouler","Salix scouleriana","h","Salix scouleriana",19961030,"Saltspring Island; Cusheon Lake; north end of lake","Canada","British Columbia","Saltspring Island",NA,"Southern Gulf Islands","present","shore",NA,NA,NA,"species",NA,NA,NA,NA,NA,NA,NA,NA,NA,NA,"Harvey Janszen",NA,NA,36,"Harvey Janszen Observations","HumanObservation","Southern Gulf Islands","HJ8-5-16"
8,5,17,"Cornus stolonifera","Cornus sericea","h","Cornus sericea",19961030,"Saltspring Island; Cusheon Lake; north end of lake","Canada","British Columbia","Saltspring Island",NA,"Southern Gulf Islands","present","shore",NA,NA,NA,"species",NA,NA,NA,NA,NA,NA,NA,NA,NA,NA,"Harvey Janszen",NA,NA,37,"Harvey Janszen Observations","HumanObservation","Southern Gulf Islands","HJ8-5-17"
8,5,18,"Spiraea d","Spiraea douglasii","h","Spiraea douglasii",19961030,"Saltspring Island; Cusheon Lake; north end of lake","Canada","British Columbia","Saltspring Island",NA,"Southern Gulf Islands","present","shore",NA,NA,NA,"species",NA,NA,NA,NA,NA,NA,NA,NA,NA,NA,"Harvey Janszen",NA,NA,38,"Harvey Janszen Observations","HumanObservation","Southern Gulf Islands","HJ8-5-18"
8,6,1,"Typha l","Typha latifolia","m","Typha latifolia",19961030,"Saltspring Island; Bullocks Pond","Canada","British Columbia","Saltspring Island",NA,"Southern Gulf Islands","present","shore",NA,NA,NA,"species",NA,NA,NA,NA,NA,5,"75+ plants","individuals","abundance code: '5'",NA,"Harvey Janszen",NA,"uncertain of specific epiphet",39,"Harvey Janszen Observations","HumanObservation","Southern Gulf Islands","HJ8-6-1"
8,6,2,"Spiraea d","Spiraea douglasii","h","Spiraea douglasii",19961030,"Saltspring Island; Bullocks Pond","Canada","British Columbia","Saltspring Island",NA,"Southern Gulf Islands","present","shore",NA,NA,NA,"species",NA,NA,NA,NA,NA,NA,NA,NA,NA,NA,"Harvey Janszen",NA,NA,40,"Harvey Janszen Observations","HumanObservation","Southern Gulf Islands","HJ8-6-2"
8,6,3,"Salix sarale","Salix scouleriana","l","Salix scouleriana",19961030,"Saltspring Island; Bullocks Pond","Canada","British Columbia","Saltspring Island",NA,"Southern Gulf Islands","present","shore, behind Potentilla palustris (Comarum palustre)",NA,NA,NA,"species",NA,NA,NA,NA,NA,NA,NA,NA,NA,NA,"Harvey Janszen",NA,"uncertain of specific epiphet",41,"Harvey Janszen Observations","HumanObservation","Southern Gulf Islands","HJ8-6-3"
8,6,4,"Potentilla p","Potentilla palustris","h","Comarum palustre",19961030,"Saltspring Island; Bullocks Pond","Canada","British Columbia","Saltspring Island",NA,"Southern Gulf Islands","present","shore",NA,NA,NA,"species",NA,NA,NA,NA,NA,NA,NA,NA,NA,NA,"Harvey Janszen",NA,NA,42,"Harvey Janszen Observations","HumanObservation","Southern Gulf Islands","HJ8-6-4"
8,6,5,"Lemna minor","Lemna minor","h","Lemna minor",19961030,"Saltspring Island; Bullocks Pond","Canada","British Columbia","Saltspring Island",NA,"Southern Gulf Islands","present","shore",NA,NA,NA,"species",NA,NA,NA,NA,NA,NA,NA,NA,NA,NA,"Harvey Janszen",NA,NA,43,"Harvey Janszen Observations","HumanObservation","Southern Gulf Islands","HJ8-6-5"
8,6,7,"Oenanthe sarmentosa","Oenanthe sarmentosa","h","Oenanthe sarmentosa",19961030,"Saltspring Island; Bullocks Pond","Canada","British Columbia","Saltspring Island",NA,"Southern Gulf Islands","present",NA,NA,NA,NA,"species",NA,NA,NA,NA,NA,NA,NA,NA,NA,NA,"Harvey Janszen",NA,NA,44,"Harvey Janszen Observations","HumanObservation","Southern Gulf Islands","HJ8-6-7"
8,6,8,"Lycopus unif","Lycopus uniflorus","h","Lycopus uniflorus",19961030,"Saltspring Island; Bullocks Pond","Canada","British Columbia","Saltspring Island",NA,"Southern Gulf Islands","present",NA,NA,NA,NA,"species",NA,NA,NA,NA,NA,NA,NA,NA,NA,NA,"Harvey Janszen",NA,NA,45,"Harvey Janszen Observations","HumanObservation","Southern Gulf Islands","HJ8-6-8"
8,6,9,"Phalaris arundinacea","Phalaris arundinacea","h","Phalaris arundinacea",19961030,"Saltspring Island; Bullocks Pond","Canada","British Columbia","Saltspring Island",NA,"Southern Gulf Islands","present",NA,NA,NA,NA,"species",NA,NA,NA,NA,NA,NA,NA,NA,NA,NA,"Harvey Janszen",NA,NA,46,"Harvey Janszen Observations","HumanObservation","Southern Gulf Islands","HJ8-6-9"
8,6,10,"Nuphar p","Nuphar polysepala","h","Nuphar polysepala",19961030,"Saltspring Island; Maxwell Lake","Canada","British Columbia","Saltspring Island",NA,"Southern Gulf Islands","present",NA,"Potamogeton obtusifolius; Carex acuta; Ranunculus aquatilis; Callitriche","HJC-2637; HJC-2638; HJC-2640; HJC-2641",NA,"species",NA,NA,NA,NA,NA,NA,NA,NA,NA,NA,"Harvey Janszen",NA,NA,47,"Harvey Janszen Observations","HumanObservation","Southern Gulf Islands","HJ8-6-10"
8,6,11,"Ranunculus flammula","Ranunculus flammula","h","Ranunculus flammula",19961030,"Saltspring Island; Maxwell Lake","Canada","British Columbia","Saltspring Island",NA,"Southern Gulf Islands","present",NA,"Potamogeton obtusifolius; Carex acuta; Ranunculus aquatilis; Callitriche","HJC-2637; HJC-2638; HJC-2640; HJC-2641",NA,"species",NA,NA,NA,NA,NA,NA,NA,NA,NA,NA,"Harvey Janszen",NA,NA,48,"Harvey Janszen Observations","HumanObservation","Southern Gulf Islands","HJ8-6-11"
8,6,12,"Spiraea d","Spiraea douglasii","h","Spiraea douglasii",19961030,"Saltspring Island; Maxwell Lake","Canada","British Columbia","Saltspring Island",NA,"Southern Gulf Islands","present",NA,"Potamogeton obtusifolius; Carex acuta; Ranunculus aquatilis; Callitriche","HJC-2637; HJC-2638; HJC-2640; HJC-2641",NA,"species",NA,NA,NA,NA,NA,NA,NA,NA,NA,NA,"Harvey Janszen",NA,NA,49,"Harvey Janszen Observations","HumanObservation","Southern Gulf Islands","HJ8-6-12"
8,6,13,"Potamogeton robbinsii","Potamogeton robbinsii","h","Potamogeton robbinsii",19961030,"Saltspring Island; Maxwell Lake","Canada","British Columbia","Saltspring Island",NA,"Southern Gulf Islands","present",NA,"Potamogeton obtusifolius; Carex acuta; Ranunculus aquatilis; Callitriche","HJC-2637; HJC-2638; HJC-2640; HJC-2641",NA,"species",NA,NA,NA,NA,NA,NA,NA,NA,NA,NA,"Harvey Janszen",NA,NA,50,"Harvey Janszen Observations","HumanObservation","Southern Gulf Islands","HJ8-6-13"
8,6,14,"Sparganium em","Sparganium emersum","h","Sparganium emersum",19961030,"Saltspring Island; Maxwell Lake","Canada","British Columbia","Saltspring Island",NA,"Southern Gulf Islands","present",NA,"Potamogeton obtusifolius; Carex acuta; Ranunculus aquatilis; Callitriche","HJC-2637; HJC-2638; HJC-2640; HJC-2641",NA,"species",NA,NA,NA,NA,NA,NA,NA,NA,NA,NA,"Harvey Janszen",NA,NA,51,"Harvey Janszen Observations","HumanObservation","Southern Gulf Islands","HJ8-6-14"
8,6,15,"Sium suave","Sium suave","h","Sium suave",19961030,"Saltspring Island; Maxwell Lake","Canada","British Columbia","Saltspring Island",NA,"Southern Gulf Islands","present",NA,"Potamogeton obtusifolius; Carex acuta; Ranunculus aquatilis; Callitriche","HJC-2637; HJC-2638; HJC-2640; HJC-2641",NA,"species",NA,NA,NA,NA,NA,NA,NA,NA,NA,NA,"Harvey Janszen",NA,NA,52,"Harvey Janszen Observations","HumanObservation","Southern Gulf Islands","HJ8-6-15"
8,6,18,"Carex lasiocarpa","Carex lasiocarpa","h","Carex lasiocarpa",19961030,"Saltspring Island; Maxwell Lake","Canada","British Columbia","Saltspring Island",NA,"Southern Gulf Islands","present",NA,"Potamogeton obtusifolius; Carex acuta; Ranunculus aquatilis; Callitriche","HJC-2637; HJC-2638; HJC-2640; HJC-2641",NA,"species",NA,NA,NA,NA,NA,NA,NA,NA,NA,NA,"Harvey Janszen",NA,NA,53,"Harvey Janszen Observations","HumanObservation","Southern Gulf Islands","HJ8-6-18"
8,6,19,"Agrostis scabra","Agrostis scabra","h","Agrostis scabra",19961030,"Saltspring Island; Maxwell Lake","Canada","British Columbia","Saltspring Island",NA,"Southern Gulf Islands","present",NA,"Potamogeton obtusifolius; Carex acuta; Ranunculus aquatilis; Callitriche","HJC-2637; HJC-2638; HJC-2640; HJC-2641",NA,"species",NA,NA,NA,NA,NA,NA,NA,NA,NA,NA,"Harvey Janszen",NA,NA,54,"Harvey Janszen Observations","HumanObservation","Southern Gulf Islands","HJ8-6-19"
8,7,1,"Juncus ensifolius","Juncus ensifolius","h","Juncus ensifolius",19961030,"Saltspring Island; Maxwell Lake","Canada","British Columbia","Saltspring Island",NA,"Southern Gulf Islands","present",NA,"Potamogeton obtusifolius; Carex acuta; Ranunculus aquatilis; Callitriche","HJC-2637; HJC-2638; HJC-2640; HJC-2641",NA,"species",NA,NA,NA,NA,NA,NA,NA,NA,NA,NA,"Harvey Janszen",NA,NA,55,"Harvey Janszen Observations","HumanObservation","Southern Gulf Islands","HJ8-7-1"
8,7,2,"Lythrum thyrsiflora","Lythrum thyrsiflora","h","Lysimachia thyrsiflora",19961030,"Saltspring Island; Maxwell Lake","Canada","British Columbia","Saltspring Island",NA,"Southern Gulf Islands","present",NA,"Potamogeton obtusifolius; Carex acuta; Ranunculus aquatilis; Callitriche","HJC-2637; HJC-2638; HJC-2640; HJC-2641",NA,"species",NA,NA,NA,NA,NA,NA,NA,NA,NA,NA,"Harvey Janszen",NA,NA,56,"Harvey Janszen Observations","HumanObservation","Southern Gulf Islands","HJ8-7-2"
8,7,3,"Torreyochloa pauciflora","Torreyochloa pallida pauciflora","h","Torreyochloa pallida pauciflora",19961030,"Saltspring Island; Maxwell Lake","Canada","British Columbia","Saltspring Island",NA,"Southern Gulf Islands","present",NA,"Potamogeton obtusifolius; Carex acuta; Ranunculus aquatilis; Callitriche","HJC-2637; HJC-2638; HJC-2640; HJC-2641",NA,"species",NA,NA,NA,NA,NA,NA,NA,NA,NA,NA,"Harvey Janszen",NA,NA,57,"Harvey Janszen Observations","HumanObservation","Southern Gulf Islands","HJ8-7-3"
8,7,4,"Hypericum anagalloides","Hypericum anagalloides","h","Hypericum anagalloides",19961030,"Saltspring Island; Maxwell Lake","Canada","British Columbia","Saltspring Island",NA,"Southern Gulf Islands","present",NA,"Potamogeton obtusifolius; Carex acuta; Ranunculus aquatilis; Callitriche","HJC-2637; HJC-2638; HJC-2640; HJC-2641",NA,"species",NA,NA,NA,NA,NA,NA,NA,NA,NA,NA,"Harvey Janszen",NA,NA,58,"Harvey Janszen Observations","HumanObservation","Southern Gulf Islands","HJ8-7-4"
8,7,5,"Scirpus acutus","Scirpus acutus","h","Scirpus acutus",19961030,"Saltspring Island; Maxwell Lake; lower end of lake","Canada","British Columbia","Saltspring Island",NA,"Southern Gulf Islands","present","Scirpus acutus and Spiraea swamp",NA,NA,NA,"species",NA,NA,NA,NA,NA,NA,NA,NA,NA,NA,"Harvey Janszen",NA,NA,59,"Harvey Janszen Observations","HumanObservation","Southern Gulf Islands","HJ8-7-5"
8,7,6,"Spiraea","Spiraea","h","Spiraea",19961030,"Saltspring Island; Maxwell Lake; lower end of lake","Canada","British Columbia","Saltspring Island",NA,"Southern Gulf Islands","present","Scirpus acutus and Spiraea swamp",NA,NA,NA,"species",NA,NA,NA,NA,NA,NA,NA,NA,NA,NA,"Harvey Janszen",NA,NA,60,"Harvey Janszen Observations","HumanObservation","Southern Gulf Islands","HJ8-7-6"
8,7,7,"Eleocharis p","Eleocharis palustris","h","Eleocharis palustris",19961030,"Saltspring Island; Maxwell Lake; lower end of lake","Canada","British Columbia","Saltspring Island",NA,"Southern Gulf Islands","present","Scirpus acutus and Spiraea swamp",NA,NA,NA,"species",NA,NA,NA,NA,NA,NA,NA,NA,NA,NA,"Harvey Janszen",NA,NA,61,"Harvey Janszen Observations","HumanObservation","Southern Gulf Islands","HJ8-7-7"
8,7,9,"Sparganium e","Sparganium e","h","Sparganium e",19961030,"Saltspring Island; Maxwell Lake; lower end of lake","Canada","British Columbia","Saltspring Island",NA,"Southern Gulf Islands","present","Scirpus acutus and Spiraea swamp",NA,NA,NA,"species",NA,NA,NA,NA,NA,NA,NA,NA,NA,NA,"Harvey Janszen",NA,"uncertain of specific epiphet. Previous page had ""em"" for emersum. Does just ""e"" mean Sparganium eurycarpum?",62,"Harvey Janszen Observations","HumanObservation","Southern Gulf Islands","HJ8-7-9"
8,7,10,"Typha l","Typha latifolia","m","Typha latifolia",19961030,"Saltspring Island; Maxwell Lake; lower end of lake","Canada","British Columbia","Saltspring Island",NA,"Southern Gulf Islands","present","Scirpus acutus and Spiraea swamp",NA,NA,NA,"species",NA,NA,NA,NA,NA,NA,NA,NA,NA,NA,"Harvey Janszen",NA,NA,63,"Harvey Janszen Observations","HumanObservation","Southern Gulf Islands","HJ8-7-10"
8,7,11,"Carex exciccata","Carex exsiccata","h","Carex exsiccata",19961030,"Saltspring Island; Maxwell Lake; lower end of lake","Canada","British Columbia","Saltspring Island",NA,"Southern Gulf Islands","present","Scirpus acutus and Spiraea swamp",NA,NA,NA,"species",NA,NA,NA,NA,NA,NA,NA,NA,NA,NA,"Harvey Janszen",NA,NA,64,"Harvey Janszen Observations","HumanObservation","Southern Gulf Islands","HJ8-7-11"
8,7,12,"Myosotis laxa","Myosotis laxa","h","Myosotis laxa",19961030,"Saltspring Island; Maxwell Lake; lower end of lake","Canada","British Columbia","Saltspring Island",NA,"Southern Gulf Islands","present","Scirpus acutus and Spiraea swamp",NA,NA,NA,"species",NA,NA,NA,NA,NA,NA,NA,NA,NA,NA,"Harvey Janszen",NA,NA,65,"Harvey Janszen Observations","HumanObservation","Southern Gulf Islands","HJ8-7-12"
8,7,13,"Typha","Typha","h","Typha",19961030,"Saltspring Island; Blackburn Lake","Canada","British Columbia","Saltspring Island",NA,"Southern Gulf Islands","present","edge of lake",NA,NA,NA,"genus",NA,NA,NA,NA,NA,5,"75+ plants","individuals","mostly Typha at edge ; abundance code '5'",NA,"Harvey Janszen",NA,NA,66,"Harvey Janszen Observations","HumanObservation","Southern Gulf Islands","HJ8-7-13"
8,7,14,"Nuphar p","Nuphar polysepala","h","Nuphar polysepala",19961030,"Saltspring Island; Blackburn Lake","Canada","British Columbia","Saltspring Island",NA,"Southern Gulf Islands","present","edge of lake",NA,NA,NA,"species",NA,NA,NA,NA,NA,NA,NA,NA,NA,NA,"Harvey Janszen",NA,NA,67,"Harvey Janszen Observations","HumanObservation","Southern Gulf Islands","HJ8-7-14"
8,7,15,"Potamogeton robinsii","Potamogeton robinsii","h","Potamogeton robinsii",19961030,"Saltspring Island; Blackburn Lake","Canada","British Columbia","Saltspring Island",NA,"Southern Gulf Islands","present","edge of lake",NA,NA,NA,"species",NA,NA,NA,NA,NA,NA,NA,NA,"Potamogeton as Cusheon lake ex amplif",NA,"Harvey Janszen",NA,NA,68,"Harvey Janszen Observations","HumanObservation","Southern Gulf Islands","HJ8-7-15"
8,7,16,"Potentilla palustris","Potentilla palustris","h","Comarum palustre",19961030,"Saltspring Island; Blackburn Lake","Canada","British Columbia","Saltspring Island",NA,"Southern Gulf Islands","present","edge of lake",NA,NA,NA,"species",NA,NA,NA,NA,NA,NA,NA,NA,NA,NA,"Harvey Janszen",NA,NA,69,"Harvey Janszen Observations","HumanObservation","Southern Gulf Islands","HJ8-7-16"
8,7,17,"Carex exciccata","Carex exsiccata","h","Carex exsiccata",19961030,"Saltspring Island; Blackburn Lake","Canada","British Columbia","Saltspring Island",NA,"Southern Gulf Islands","present","edge of lake",NA,NA,NA,"species",NA,NA,NA,NA,NA,NA,NA,NA,NA,NA,"Harvey Janszen",NA,NA,70,"Harvey Janszen Observations","HumanObservation","Southern Gulf Islands","HJ8-7-17"
8,7,18,"Spiraea","Spiraea","h","Spiraea",19961030,"Saltspring Island; Blackburn Lake","Canada","British Columbia","Saltspring Island",NA,"Southern Gulf Islands","present","edge of lake",NA,NA,NA,"genus",NA,NA,NA,NA,NA,NA,NA,NA,NA,NA,"Harvey Janszen",NA,NA,71,"Harvey Janszen Observations","HumanObservation","Southern Gulf Islands","HJ8-7-18"
8,7,19,"Salix","Salix","h","Salix",19961030,"Saltspring Island; Blackburn Lake","Canada","British Columbia","Saltspring Island",NA,"Southern Gulf Islands","present","edge of lake",NA,NA,NA,"genus",NA,NA,NA,NA,NA,NA,NA,NA,NA,NA,"Harvey Janszen",NA,NA,72,"Harvey Janszen Observations","HumanObservation","Southern Gulf Islands","HJ8-7-19"
8,7,20,"Cornus","Cornus","h","Cornus",19961030,"Saltspring Island; Blackburn Lake","Canada","British Columbia","Saltspring Island",NA,"Southern Gulf Islands","present","edge of lake",NA,NA,NA,"genus",NA,NA,NA,NA,NA,NA,NA,NA,NA,NA,"Harvey Janszen",NA,NA,73,"Harvey Janszen Observations","HumanObservation","Southern Gulf Islands","HJ8-7-20"
8,8,1,"Veronica arvensis","Veronica arvensis","h","Veronica arvensis",19970619,"Texada Island; Harwood Point; Dick Island; east end of island","Canada","British Columbia","Texada Island",NA,"Northern Gulf Islands","present","almost dry vernal pool at high tide line","Myosurus minimus; Hordeum brachyantherum; Festuca rubra;  Daucus pusillus; Sedum oreganum;  Allium amplectens","HJC-2643; HJC-2644; HJC-2645; HJC-2646; HJC-2647; HJC-2648; HJC-2655; HJC-2649",NA,"species",NA,49.6533333333333,-124.468333333333,"10U 394010 5501120",NA,NA,NA,NA,NA,NA,"Harvey Janszen",NA,NA,74,"Harvey Janszen Observations","HumanObservation","Northern Gulf Islands","HJ8-8-1"
8,8,2,"Grindelia i","Grindelia integrifolia","h","Grindelia integrifolia",19970619,"Texada Island; Harwood Point; Dick Island; east end of island","Canada","British Columbia","Texada Island",NA,"Northern Gulf Islands","present","almost dry vernal pool at high tide line","Myosurus minimus; Hordeum brachyantherum; Festuca rubra;  Daucus pusillus; Sedum oreganum;  Allium amplectens","HJC-2643; HJC-2644; HJC-2645; HJC-2646; HJC-2647; HJC-2648; HJC-2655; HJC-2649",NA,"species",NA,49.6533333333333,-124.468333333333,"10U 394010 5501120",NA,NA,NA,NA,NA,NA,"Harvey Janszen",NA,NA,75,"Harvey Janszen Observations","HumanObservation","Northern Gulf Islands","HJ8-8-2"
8,8,3,"Allium cernuum","Allium cernuum","h","Allium cernuum",19970619,"Texada Island; Harwood Point; Dick Island; east end of island","Canada","British Columbia","Texada Island",NA,"Northern Gulf Islands","present","almost dry vernal pool at high tide line","Myosurus minimus; Hordeum brachyantherum; Festuca rubra;  Daucus pusillus; Sedum oreganum;  Allium amplectens","HJC-2643; HJC-2644; HJC-2645; HJC-2646; HJC-2647; HJC-2648; HJC-2655; HJC-2649",NA,"species",NA,49.6533333333333,-124.468333333333,"10U 394010 5501120",NA,NA,NA,NA,NA,NA,"Harvey Janszen",NA,NA,76,"Harvey Janszen Observations","HumanObservation","Northern Gulf Islands","HJ8-8-3"
8,8,4,"Holcus lanatus","Holcus lanatus","h","Holcus lanatus",19970619,"Texada Island; Harwood Point; Dick Island; east end of island","Canada","British Columbia","Texada Island",NA,"Northern Gulf Islands","present","almost dry vernal pool at high tide line","Myosurus minimus; Hordeum brachyantherum; Festuca rubra;  Daucus pusillus; Sedum oreganum;  Allium amplectens","HJC-2643; HJC-2644; HJC-2645; HJC-2646; HJC-2647; HJC-2648; HJC-2655; HJC-2649",NA,"species",NA,49.6533333333333,-124.468333333333,"10U 394010 5501120",NA,NA,NA,NA,NA,NA,"Harvey Janszen",NA,NA,77,"Harvey Janszen Observations","HumanObservation","Northern Gulf Islands","HJ8-8-4"
8,8,5,"Mimulus guttatus","Erythranthe guttata","h","Erythranthe guttata",19970619,"Texada Island; Harwood Point; Dick Island; east end of island","Canada","British Columbia","Texada Island",NA,"Northern Gulf Islands","present","almost dry vernal pool at high tide line","Myosurus minimus; Hordeum brachyantherum; Festuca rubra;  Daucus pusillus; Sedum oreganum;  Allium amplectens","HJC-2643; HJC-2644; HJC-2645; HJC-2646; HJC-2647; HJC-2648; HJC-2655; HJC-2649",NA,"species",NA,49.6533333333333,-124.468333333333,"10U 394010 5501120",NA,NA,NA,NA,NA,NA,"Harvey Janszen",NA,NA,78,"Harvey Janszen Observations","HumanObservation","Northern Gulf Islands","HJ8-8-5"
8,8,6,"Juncus bufonius","Juncus bufonius","h","Juncus bufonius",19970619,"Texada Island; Harwood Point; Dick Island; east end of island","Canada","British Columbia","Texada Island",NA,"Northern Gulf Islands","present","almost dry vernal pool at high tide line","Myosurus minimus; Hordeum brachyantherum; Festuca rubra;  Daucus pusillus; Sedum oreganum;  Allium amplectens","HJC-2643; HJC-2644; HJC-2645; HJC-2646; HJC-2647; HJC-2648; HJC-2655; HJC-2649",NA,"species",NA,49.6533333333333,-124.468333333333,"10U 394010 5501120",NA,NA,NA,NA,NA,NA,"Harvey Janszen",NA,NA,79,"Harvey Janszen Observations","HumanObservation","Northern Gulf Islands","HJ8-8-6"
8,8,7,"Plantago elongata","Plantago elongata","h","Plantago elongata",19970619,"Texada Island; Harwood Point; Dick Island; east end of island","Canada","British Columbia","Texada Island",NA,"Northern Gulf Islands","present","almost dry vernal pool at high tide line","Myosurus minimus; Hordeum brachyantherum; Festuca rubra;  Daucus pusillus; Sedum oreganum;  Allium amplectens","HJC-2643; HJC-2644; HJC-2645; HJC-2646; HJC-2647; HJC-2648; HJC-2655; HJC-2649",NA,"species",NA,49.6533333333333,-124.468333333333,"10U 394010 5501120",NA,NA,NA,NA,NA,NA,"Harvey Janszen",NA,NA,80,"Harvey Janszen Observations","HumanObservation","Northern Gulf Islands","HJ8-8-7"
8,9,1,"Festuca rubra","Festuca rubra","h","Festuca rubra",19970619,"Texada Island; Dick Island","Canada","British Columbia","Texada Island",NA,"Northern Gulf Islands","present","vernal seep","Plantago elongata; Brodia coronaria; Silene antirrhina; Vulpia myuros;  Vulpia microstachys; Trifolium willdenovii; Trifolium microcephalum; Geranium carolinianum; Madia madioides;  Madia gracilis; Dichanthelium scribnerianum; Bromus tectorum","HJC-2651; HJC-2652; HJC-2653; HJC-2654; HJC-2655; HJC-2656; HJC-2657; HJC-2658; HJC-2659A; HJC-2659B",NA,"species",NA,49.6516666666667,-124.468888888889,"10U 393970 5500950",NA,NA,NA,NA,NA,NA,"Harvey Janszen",NA,NA,81,"Harvey Janszen Observations","HumanObservation","Northern Gulf Islands","HJ8-9-1"
8,9,2,"Grindelia int","Grindelia integrifolia","h","Grindelia integrifolia",19970619,"Texada Island; Dick Island","Canada","British Columbia","Texada Island",NA,"Northern Gulf Islands","present","vernal seep","Plantago elongata; Brodia coronaria; Silene antirrhina; Vulpia myuros;  Vulpia microstachys; Trifolium willdenovii; Trifolium microcephalum; Geranium carolinianum; Madia madioides;  Madia gracilis; Dichanthelium scribnerianum; Bromus tectorum","HJC-2651; HJC-2652; HJC-2653; HJC-2654; HJC-2655; HJC-2656; HJC-2657; HJC-2658; HJC-2659A; HJC-2659B",NA,"species",NA,49.6516666666667,-124.468888888889,"10U 393970 5500950",NA,NA,NA,NA,NA,NA,"Harvey Janszen",NA,NA,82,"Harvey Janszen Observations","HumanObservation","Northern Gulf Islands","HJ8-9-2"
8,9,3,"Sedum oreganum","Sedum oreganum","h","Sedum oreganum",19970619,"Texada Island; Dick Island","Canada","British Columbia","Texada Island",NA,"Northern Gulf Islands","present","vernal seep","Plantago elongata; Brodia coronaria; Silene antirrhina; Vulpia myuros;  Vulpia microstachys; Trifolium willdenovii; Trifolium microcephalum; Geranium carolinianum; Madia madioides;  Madia gracilis; Dichanthelium scribnerianum; Bromus tectorum","HJC-2651; HJC-2652; HJC-2653; HJC-2654; HJC-2655; HJC-2656; HJC-2657; HJC-2658; HJC-2659A; HJC-2659B",NA,"species",NA,49.6516666666667,-124.468888888889,"10U 393970 5500950",NA,NA,NA,NA,NA,NA,"Harvey Janszen",NA,NA,83,"Harvey Janszen Observations","HumanObservation","Northern Gulf Islands","HJ8-9-3"
8,9,4,"Montia parvifolia","Montia parvifolia","h","Montia parvifolia",19970619,"Texada Island; Dick Island","Canada","British Columbia","Texada Island",NA,"Northern Gulf Islands","present","vernal seep","Plantago elongata; Brodia coronaria; Silene antirrhina; Vulpia myuros;  Vulpia microstachys; Trifolium willdenovii; Trifolium microcephalum; Geranium carolinianum; Madia madioides;  Madia gracilis; Dichanthelium scribnerianum; Bromus tectorum","HJC-2651; HJC-2652; HJC-2653; HJC-2654; HJC-2655; HJC-2656; HJC-2657; HJC-2658; HJC-2659A; HJC-2659B",NA,"species",NA,49.6516666666667,-124.468888888889,"10U 393970 5500950",NA,NA,NA,NA,NA,NA,"Harvey Janszen",NA,NA,84,"Harvey Janszen Observations","HumanObservation","Northern Gulf Islands","HJ8-9-4"
8,9,5,"Prunella vulgaris","Prunella vulgaris","h","Prunella vulgaris",19970619,"Texada Island; Dick Island","Canada","British Columbia","Texada Island",NA,"Northern Gulf Islands","present","vernal seep","Plantago elongata; Brodia coronaria; Silene antirrhina; Vulpia myuros;  Vulpia microstachys; Trifolium willdenovii; Trifolium microcephalum; Geranium carolinianum; Madia madioides;  Madia gracilis; Dichanthelium scribnerianum; Bromus tectorum","HJC-2651; HJC-2652; HJC-2653; HJC-2654; HJC-2655; HJC-2656; HJC-2657; HJC-2658; HJC-2659A; HJC-2659B",NA,"species",NA,49.6516666666667,-124.468888888889,"10U 393970 5500950",NA,NA,NA,NA,NA,NA,"Harvey Janszen",NA,NA,85,"Harvey Janszen Observations","HumanObservation","Northern Gulf Islands","HJ8-9-5"
8,9,6,"Fragaria virginiana","Fragaria virginiana","h","Fragaria virginiana",19970619,"Texada Island; Dick Island","Canada","British Columbia","Texada Island",NA,"Northern Gulf Islands","present","part edge of rocky tide line","Madia madioides; Epilobium minutum; Sedum lanceolatum nesioticum; Polygonum spergulariiforme","HJC-2660; HJC-2661; HJC-2662; HJC-2654; HJC-2655; HJC-2656; HJC-2657; HJC-2658; HJC-2659A; HJC-2659B",NA,"species",NA,49.6516666666667,-124.468888888889,"10U 393970 5500950",NA,NA,NA,NA,NA,"flowering","Harvey Janszen",NA,NA,86,"Harvey Janszen Observations","HumanObservation","Northern Gulf Islands","HJ8-9-6"
8,9,7,"Opuntia fragilis","Opuntia fragilis","h","Opuntia fragilis",19970619,"Texada Island; Dick Island","Canada","British Columbia","Texada Island",NA,"Northern Gulf Islands","present","part edge of rocky tide line","Madia madioides; Epilobium minutum; Sedum lanceolatum nesioticum; Polygonum spergulariiforme","HJC-2660; HJC-2661; HJC-2662; HJC-2654; HJC-2655; HJC-2656; HJC-2657; HJC-2658; HJC-2659A; HJC-2659B",NA,"species",NA,49.6516666666667,-124.468888888889,"10U 393970 5500950",NA,NA,NA,NA,NA,NA,"Harvey Janszen",NA,NA,87,"Harvey Janszen Observations","HumanObservation","Northern Gulf Islands","HJ8-9-7"
8,10,1,"Veronica scutellata","Veronica scutellata","h","Veronica scutellata",19970619,"Texada Island; Dick Island","Canada","British Columbia","Texada Island",NA,"Northern Gulf Islands","present","vernal pool at high part of islet","Agrostis exarata; Vaccinium ovatum; Cotoneaster; Lepidium virginicum","HJC-2663; HJC-2664; HJC-2665A; HJC-2665D; HJC-2655; HJC-2656; HJC-2657; HJC-2658; HJC-2659A; HJC-2659B",NA,"species",NA,49.6511111111111,-124.47,"10U 393900 5500880",NA,NA,NA,NA,NA,NA,"Harvey Janszen",NA,NA,88,"Harvey Janszen Observations","HumanObservation","Northern Gulf Islands","HJ8-10-1"
8,10,2,"Malus fusca","Malus fusca","h","Malus fusca",19970619,"Texada Island; Dick Island","Canada","British Columbia","Texada Island",NA,"Northern Gulf Islands","present","vernal pool at high part of islet","Agrostis exarata; Vaccinium ovatum; Cotoneaster; Lepidium virginicum","HJC-2663; HJC-2664; HJC-2665A; HJC-2665D; HJC-2655; HJC-2656; HJC-2657; HJC-2658; HJC-2659A; HJC-2659B",NA,"species",NA,49.6511111111111,-124.47,"10U 393900 5500880",NA,NA,NA,NA,NA,NA,"Harvey Janszen",NA,NA,89,"Harvey Janszen Observations","HumanObservation","Northern Gulf Islands","HJ8-10-2"
8,10,3,"Grindellia","Grindellia","h","Grindellia",19970619,"Texada Island; Dick Island","Canada","British Columbia","Texada Island",NA,"Northern Gulf Islands","present","vernal pool at high part of islet","Agrostis exarata; Vaccinium ovatum; Cotoneaster; Lepidium virginicum","HJC-2663; HJC-2664; HJC-2665A; HJC-2665D; HJC-2655; HJC-2656; HJC-2657; HJC-2658; HJC-2659A; HJC-2659B",NA,"genus",NA,49.6511111111111,-124.47,"10U 393900 5500880",NA,NA,NA,NA,NA,NA,"Harvey Janszen",NA,NA,90,"Harvey Janszen Observations","HumanObservation","Northern Gulf Islands","HJ8-10-3"
8,10,4,"Festuca rub","Festuca rubra","h","Festuca rubra",19970619,"Texada Island; Dick Island","Canada","British Columbia","Texada Island",NA,"Northern Gulf Islands","present","vernal pool at high part of islet","Agrostis exarata; Vaccinium ovatum; Cotoneaster; Lepidium virginicum","HJC-2663; HJC-2664; HJC-2665A; HJC-2665D; HJC-2655; HJC-2656; HJC-2657; HJC-2658; HJC-2659A; HJC-2659B",NA,"species",NA,49.6511111111111,-124.47,"10U 393900 5500880",NA,NA,NA,NA,NA,NA,"Harvey Janszen",NA,NA,91,"Harvey Janszen Observations","HumanObservation","Northern Gulf Islands","HJ8-10-4"
8,10,5,"Eriophyllum lanatum","Eriophyllum lanatum","h","Eriophyllum lanatum",19970619,"Texada Island; Dick Island; west end of island","Canada","British Columbia","Texada Island",NA,"Northern Gulf Islands","present",NA,"Spergularia marina; Aphyllon californicum","HJC-2665B; HJC-2665C; HJC-2665A; HJC-2665D; HJC-2655; HJC-2656; HJC-2657; HJC-2658; HJC-2659A; HJC-2659B","only at NW ends","species",NA,49.6511111111111,-124.47,"10U 393900 5500880",NA,NA,NA,NA,"uncollected",NA,"Harvey Janszen",NA,NA,92,"Harvey Janszen Observations","HumanObservation","Northern Gulf Islands","HJ8-10-5"
8,10,6,"Senecio sylvaticus","Senecio sylvaticus","h","Senecio sylvaticus",19970619,"Texada Island; Dick Island; west end of island","Canada","British Columbia","Texada Island",NA,"Northern Gulf Islands","present",NA,"Spergularia marina; Aphyllon californicum","HJC-2665B; HJC-2665C; HJC-2665A; HJC-2665D; HJC-2655; HJC-2656; HJC-2657; HJC-2658; HJC-2659A; HJC-2659B",NA,"species",NA,49.6511111111111,-124.47,"10U 393900 5500880",NA,NA,NA,NA,"uncollected",NA,"Harvey Janszen",NA,NA,93,"Harvey Janszen Observations","HumanObservation","Northern Gulf Islands","HJ8-10-6"
8,10,7,"Zygadenus ven","Zygadenus venenosus","h","Toxicoscordion venenosum",19970619,"Texada Island; Dick Island; west end of island","Canada","British Columbia","Texada Island",NA,"Northern Gulf Islands","present",NA,"Spergularia marina; Aphyllon californicum","HJC-2665B; HJC-2665C; HJC-2665A; HJC-2665D; HJC-2655; HJC-2656; HJC-2657; HJC-2658; HJC-2659A; HJC-2659B",NA,"species",NA,49.6511111111111,-124.47,"10U 393900 5500880",NA,NA,"moderately abundant","qualitative","uncollected, mod widespread",NA,"Harvey Janszen",NA,NA,94,"Harvey Janszen Observations","HumanObservation","Northern Gulf Islands","HJ8-10-7"
8,10,8,"Melica subulata","Melica subulata","h","Melica subulata",19970619,"Texada Island; Dick Island; interior of island","Canada","British Columbia","Texada Island",NA,"Northern Gulf Islands","present",NA,"Spergularia marina; Aphyllon californicum","HJC-2665B; HJC-2665C; HJC-2665A; HJC-2665D; HJC-2655; HJC-2656; HJC-2657; HJC-2658; HJC-2659A; HJC-2659B",NA,"species",NA,49.6511111111111,-124.47,"10U 393900 5500880",NA,NA,NA,NA,"uncollected",NA,"Harvey Janszen",NA,NA,95,"Harvey Janszen Observations","HumanObservation","Northern Gulf Islands","HJ8-10-8"
8,10,9,"Mahonia aquifolium","Mahonia aquifolium","h","Berberis aquifolium",19970619,"Texada Island; Harwood Point","Canada","British Columbia","Texada Island",NA,"Northern Gulf Islands","present","sand flats",NA,NA,NA,"species",NA,49.6533333333333,-124.468055555556,"10U 394040 5501120",NA,NA,NA,NA,"uncollected",NA,"Harvey Janszen",NA,NA,96,"Harvey Janszen Observations","HumanObservation","Northern Gulf Islands","HJ8-10-9"
8,10,10,"Holodiscus discolor","Holodiscus discolor","h","Holodiscus discolor",19970619,"Texada Island; Harwood Point","Canada","British Columbia","Texada Island",NA,"Northern Gulf Islands","present","sand flats",NA,NA,NA,"species",NA,49.6533333333333,-124.468055555556,"10U 394040 5501120",NA,NA,NA,NA,"uncollected",NA,"Harvey Janszen",NA,NA,97,"Harvey Janszen Observations","HumanObservation","Northern Gulf Islands","HJ8-10-10"
8,10,11,"Arbutus menziesii","Arbutus menziesii","h","Arbutus menziesii",19970619,"Texada Island; Harwood Point","Canada","British Columbia","Texada Island",NA,"Northern Gulf Islands","present","sand flats",NA,NA,NA,"species",NA,49.6533333333333,-124.468055555556,"10U 394040 5501120",NA,NA,NA,NA,"uncollected",NA,"Harvey Janszen",NA,NA,98,"Harvey Janszen Observations","HumanObservation","Northern Gulf Islands","HJ8-10-11"
8,10,12,"Juniperus scopulorum","Juniperus scopulorum","h","Juniperus scopulorum",19970619,"Texada Island; Harwood Point","Canada","British Columbia","Texada Island",NA,"Northern Gulf Islands","present","sand flats",NA,NA,NA,"species",NA,49.6533333333333,-124.468055555556,"10U 394040 5501120",NA,NA,NA,NA,"uncollected",NA,"Harvey Janszen",NA,NA,99,"Harvey Janszen Observations","HumanObservation","Northern Gulf Islands","HJ8-10-12"
8,11,1,"Bromus hordeaceus","Bromus hordeaceus","h","Bromus hordeaceus",19970619,"Texada Island; Harwood Point","Canada","British Columbia","Texada Island",NA,"Northern Gulf Islands","present","sand flats",NA,NA,NA,"species",NA,49.6533333333333,-124.468055555556,"10U 394040 5501120",NA,NA,NA,NA,"uncollected",NA,"Harvey Janszen",NA,NA,100,"Harvey Janszen Observations","HumanObservation","Northern Gulf Islands","HJ8-11-1"
8,11,2,"Achillea millefolium","Achillea millefolium","h","Achillea millefolium",19970619,"Texada Island; Harwood Point","Canada","British Columbia","Texada Island",NA,"Northern Gulf Islands","present","sand flats",NA,NA,NA,"species",NA,49.6533333333333,-124.468055555556,"10U 394040 5501120",NA,NA,NA,NA,"uncollected",NA,"Harvey Janszen",NA,NA,101,"Harvey Janszen Observations","HumanObservation","Northern Gulf Islands","HJ8-11-2"
8,11,3,"Rosa nutkana","Rosa nutkana","h","Rosa nutkana",19970619,"Texada Island; Harwood Point","Canada","British Columbia","Texada Island",NA,"Northern Gulf Islands","present","sand flats",NA,NA,NA,"species",NA,49.6533333333333,-124.468055555556,"10U 394040 5501120",NA,NA,NA,NA,"uncollected",NA,"Harvey Janszen",NA,NA,102,"Harvey Janszen Observations","HumanObservation","Northern Gulf Islands","HJ8-11-3"
8,11,4,"Rosa gymnocarpa","Rosa gymnocarpa","h","Rosa gymnocarpa",19970619,"Texada Island; Harwood Point","Canada","British Columbia","Texada Island",NA,"Northern Gulf Islands","present","sand flats",NA,NA,NA,"species",NA,49.6533333333333,-124.468055555556,"10U 394040 5501120",NA,NA,NA,NA,"uncollected",NA,"Harvey Janszen",NA,NA,103,"Harvey Janszen Observations","HumanObservation","Northern Gulf Islands","HJ8-11-4"
8,11,5,"Pinus contorta","Pinus contorta","h","Pinus contorta",19970619,"Texada Island; Harwood Point","Canada","British Columbia","Texada Island",NA,"Northern Gulf Islands","present","sand flats",NA,NA,NA,"species",NA,49.6533333333333,-124.468055555556,"10U 394040 5501120",NA,NA,NA,NA,"uncollected",NA,"Harvey Janszen",NA,NA,104,"Harvey Janszen Observations","HumanObservation","Northern Gulf Islands","HJ8-11-5"
8,11,6,"Ranunculus occidentalis","Ranunculus occidentalis","h","Ranunculus occidentalis",19970619,"Texada Island; Harwood Point","Canada","British Columbia","Texada Island",NA,"Northern Gulf Islands","present","sand flats",NA,NA,NA,"species",NA,49.6533333333333,-124.468055555556,"10U 394040 5501120",NA,NA,NA,NA,"uncollected","past flowering","Harvey Janszen",NA,NA,105,"Harvey Janszen Observations","HumanObservation","Northern Gulf Islands","HJ8-11-6"
8,11,7,"Sanicula crassicaulis","Sanicula crassicaulis","h","Sanicula crassicaulis",19970619,"Texada Island; Harwood Point","Canada","British Columbia","Texada Island",NA,"Northern Gulf Islands","present","sand flats",NA,NA,NA,"species",NA,49.6533333333333,-124.468055555556,"10U 394040 5501120",NA,NA,NA,NA,"uncollected",NA,"Harvey Janszen",NA,NA,106,"Harvey Janszen Observations","HumanObservation","Northern Gulf Islands","HJ8-11-7"
8,11,8,"Ambrosia chamissonis","Ambrosia chamissonis","h","Ambrosia chamissonis",19970619,"Texada Island; Harwood Point","Canada","British Columbia","Texada Island",NA,"Northern Gulf Islands","present","sand flats",NA,NA,NA,"species",NA,49.6533333333333,-124.468055555556,"10U 394040 5501120",NA,NA,NA,NA,"uncollected",NA,"Harvey Janszen",NA,NA,107,"Harvey Janszen Observations","HumanObservation","Northern Gulf Islands","HJ8-11-8"
8,11,9,"Plantago maritima","Plantago maritima","h","Plantago maritima",19970619,"Texada Island; Harwood Point","Canada","British Columbia","Texada Island",NA,"Northern Gulf Islands","present","sand flats",NA,NA,NA,"species",NA,49.6533333333333,-124.468055555556,"10U 394040 5501120",NA,NA,NA,NA,"uncollected",NA,"Harvey Janszen",NA,NA,108,"Harvey Janszen Observations","HumanObservation","Northern Gulf Islands","HJ8-11-9"
8,11,10,"Elymus mollis","Leymus mollis","h","Leymus mollis",19970619,"Texada Island; Harwood Point","Canada","British Columbia","Texada Island",NA,"Northern Gulf Islands","present","sand flats",NA,NA,NA,"species",NA,49.6533333333333,-124.468055555556,"10U 394040 5501120",NA,NA,NA,NA,"uncollected",NA,"Harvey Janszen",NA,NA,109,"Harvey Janszen Observations","HumanObservation","Northern Gulf Islands","HJ8-11-10"
8,11,11,"Lathyrus japonicus","Lathyrus japonicus","h","Lathyrus japonicus",19970619,"Texada Island; Harwood Point","Canada","British Columbia","Texada Island",NA,"Northern Gulf Islands","present","sand flats",NA,NA,NA,"species",NA,49.6533333333333,-124.468055555556,"10U 394040 5501120",NA,NA,NA,NA,"uncollected",NA,"Harvey Janszen",NA,NA,110,"Harvey Janszen Observations","HumanObservation","Northern Gulf Islands","HJ8-11-11"
8,11,12,"Trifolium dubium","Trifolium dubium","h","Trifolium dubium",19970619,"Texada Island; Harwood Point","Canada","British Columbia","Texada Island",NA,"Northern Gulf Islands","present","sand flats",NA,NA,NA,"species",NA,49.6533333333333,-124.468055555556,"10U 394040 5501120",NA,NA,NA,NA,"uncollected",NA,"Harvey Janszen",NA,NA,111,"Harvey Janszen Observations","HumanObservation","Northern Gulf Islands","HJ8-11-12"
8,11,13,"Atriplex patula","Atriplex patula","h","Atriplex patula",19970619,"Texada Island; Harwood Point","Canada","British Columbia","Texada Island",NA,"Northern Gulf Islands","present","sand flats",NA,NA,NA,"species",NA,49.6533333333333,-124.468055555556,"10U 394040 5501120",NA,NA,NA,NA,"uncollected",NA,"Harvey Janszen",NA,NA,112,"Harvey Janszen Observations","HumanObservation","Northern Gulf Islands","HJ8-11-13"
8,11,14,"Anthoxanthum odoratum","Anthoxanthum odoratum","h","Anthoxanthum odoratum",19970619,"Texada Island","Canada","British Columbia","Texada Island",NA,"Northern Gulf Islands","present","abandoned farm fields ditch","Juncus ensifolius","HJC-2672","185 degrees south aspect","species",NA,49.6138888888889,-124.404444444444,"10U 398550 5496640",NA,NA,NA,NA,NA,NA,"Harvey Janszen",NA,NA,113,"Harvey Janszen Observations","HumanObservation","Northern Gulf Islands","HJ8-11-14"
8,12,1,"Danthonia","Danthonia","h","Danthonia",19970619,"Texada Island","Canada","British Columbia","Texada Island",NA,"Northern Gulf Islands","present","abandoned farm fields ditch","Juncus ensifolius","HJC-2672","185 degrees south aspect","genus",NA,49.6138888888889,-124.404444444444,"10U 398550 5496640",NA,NA,NA,NA,NA,NA,"Harvey Janszen",NA,NA,114,"Harvey Janszen Observations","HumanObservation","Northern Gulf Islands","HJ8-12-1"
8,12,2,"Juncus effusus","Juncus effusus","h","Juncus effusus",19970619,"Texada Island","Canada","British Columbia","Texada Island",NA,"Northern Gulf Islands","present","abandoned farm fields ditch","Juncus ensifolius","HJC-2672","185 degrees south aspect","species",NA,49.6138888888889,-124.404444444444,"10U 398550 5496640",NA,NA,NA,NA,NA,NA,"Harvey Janszen",NA,NA,115,"Harvey Janszen Observations","HumanObservation","Northern Gulf Islands","HJ8-12-2"
8,12,3,"Carex echinata","Carex echinata","h","Carex echinata",19970619,"Texada Island","Canada","British Columbia","Texada Island",NA,"Northern Gulf Islands","present","abandoned farm fields ditch","Juncus ensifolius","HJC-2672","185 degrees south aspect","species",NA,49.6138888888889,-124.404444444444,"10U 398550 5496640",NA,NA,NA,NA,NA,NA,"Harvey Janszen",NA,NA,116,"Harvey Janszen Observations","HumanObservation","Northern Gulf Islands","HJ8-12-3"
8,12,4,"Carex aurea","Carex aurea","h","Carex aurea",19970619,"Texada Island","Canada","British Columbia","Texada Island",NA,"Northern Gulf Islands","present","neglected farm fields","Danthonia californica; Carex feta; Bromus inermis; Carex pachystachya; Juncus tenuis; Danthonia spicata; Epilobium ciliatum ciliatum","HJC-2673; HJC-2674; HJC-2675; HJC-2677; HJC-2678; HJC-2679; HJC-2657; HJC-2658; HJC-2659A; HJC-2659B","elevation 70 m, aspect 210 degrees, slope 10%","species",70,49.6138888888889,-124.404444444444,"10U 398550 5496640",NA,NA,NA,NA,NA,NA,"Harvey Janszen",NA,NA,117,"Harvey Janszen Observations","HumanObservation","Northern Gulf Islands","HJ8-12-4"
8,12,5,"Poa (trivialis)","Poa trivialis","m","Poa trivialis",19970619,"Texada Island","Canada","British Columbia","Texada Island",NA,"Northern Gulf Islands","present","oak woods",NA,NA,NA,"species",70,49.6138888888889,-124.404444444444,"10U 398550 5496640",NA,NA,NA,NA,NA,NA,"Harvey Janszen",NA,NA,118,"Harvey Janszen Observations","HumanObservation","Northern Gulf Islands","HJ8-12-5"
8,12,6,"Geranium robertianum","Geranium robertianum","h","Geranium robertianum",19970619,"Texada Island","Canada","British Columbia","Texada Island",NA,"Northern Gulf Islands","present","oak woods",NA,NA,NA,"species",70,49.6138888888889,-124.404444444444,"10U 398550 5496640",NA,NA,NA,NA,NA,NA,"Harvey Janszen",NA,NA,119,"Harvey Janszen Observations","HumanObservation","Northern Gulf Islands","HJ8-12-6"
8,12,7,"Ranunculus uncinatus","Ranunculus uncinatus","h","Ranunculus uncinatus",19970619,"Texada Island","Canada","British Columbia","Texada Island",NA,"Northern Gulf Islands","present","oak woods",NA,NA,NA,"species",70,49.6138888888889,-124.404444444444,"10U 398550 5496640",NA,NA,NA,NA,NA,NA,"Harvey Janszen",NA,NA,120,"Harvey Janszen Observations","HumanObservation","Northern Gulf Islands","HJ8-12-7"
8,12,8,"Melica subulata","Melica subulata","h","Melica subulata",19970619,"Texada Island","Canada","British Columbia","Texada Island",NA,"Northern Gulf Islands","present","oak woods",NA,NA,NA,"species",70,49.6138888888889,-124.404444444444,"10U 398550 5496640",NA,NA,NA,NA,NA,NA,"Harvey Janszen",NA,NA,121,"Harvey Janszen Observations","HumanObservation","Northern Gulf Islands","HJ8-12-8"
8,12,9,"Galium aparine","Galium aparine","h","Galium aparine",19970619,"Texada Island","Canada","British Columbia","Texada Island",NA,"Northern Gulf Islands","present","oak woods",NA,NA,NA,"species",70,49.6138888888889,-124.404444444444,"10U 398550 5496640",NA,NA,NA,NA,NA,NA,"Harvey Janszen",NA,NA,122,"Harvey Janszen Observations","HumanObservation","Northern Gulf Islands","HJ8-12-9"
8,12,10,"Carex deweyana","Carex deweyana","h","Carex deweyana",19970619,"Texada Island","Canada","British Columbia","Texada Island",NA,"Northern Gulf Islands","present","oak woods",NA,NA,NA,"species",70,49.6138888888889,-124.404444444444,"10U 398550 5496640",NA,NA,NA,NA,NA,NA,"Harvey Janszen",NA,NA,123,"Harvey Janszen Observations","HumanObservation","Northern Gulf Islands","HJ8-12-10"
8,12,11,"Opuntia fragilis","Opuntia fragilis","h","Opuntia fragilis",19970619,"Texada Island; west hydro substation on point","Canada","British Columbia","Texada Island",NA,"Northern Gulf Islands","present","open hydro cut","Vicia hirsuta; Eriophyllum lanatum","HJC-2680; HJC-2681; HJC-2675; HJC-2677; HJC-2678; HJC-2679; HJC-2657; HJC-2658; HJC-2659A; HJC-2659B","in hydro cut","species",NA,49.5902777777778,-124.358611111111,"10U 401810 5493950",NA,NA,NA,NA,NA,NA,"Harvey Janszen",NA,NA,124,"Harvey Janszen Observations","HumanObservation","Northern Gulf Islands","HJ8-12-11"
8,12,12,"Panicum oligosanthes var. shreiberi","Panicum oligosanthes scribnerianum","h","Dichanthelium scribnerianum",19970619,"Texada Island; west hydro substation on point","Canada","British Columbia","Texada Island",NA,"Northern Gulf Islands","present","open hydro cut","Vicia hirsuta; Eriophyllum lanatum","HJC-2680; HJC-2681; HJC-2675; HJC-2677; HJC-2678; HJC-2679; HJC-2657; HJC-2658; HJC-2659A; HJC-2659B","in hydro cut","species",NA,49.5902777777778,-124.358611111111,"10U 401810 5493950",NA,NA,NA,NA,NA,NA,"Harvey Janszen",NA,NA,125,"Harvey Janszen Observations","HumanObservation","Northern Gulf Islands","HJ8-12-12"
8,13,1,"Anthoxanthum od","Anthoxanthum odoratum","h","Anthoxanthum odoratum",19970619,"Texada Island; west hydro substation on point","Canada","British Columbia","Texada Island",NA,"Northern Gulf Islands","present","open hydro cut, shallow earth shelves on rock outcrop","Danthonia californica; Sisyrinchium idahoense macounii; Bromus carinatus; Packera macounii; Danthonia spicata; Asplenium trichomanes","HJC-2682; HJC-2683; HJC-2684; HJC-2685; HJC- 2686; HJC-2687; HJC-2657; HJC-2658; HJC-2659A; HJC-2659B","slope 50 %, exp 220 degrees","species",40,49.5905555555556,-124.3575,"10U 401880 5493990",NA,NA,"70","count","gen hydro cont stuff",NA,"Harvey Janszen",NA,NA,126,"Harvey Janszen Observations","HumanObservation","Northern Gulf Islands","HJ8-13-1"
8,13,2,"Rubus ursinus","Rubus ursinus","h","Rubus ursinus",19970619,"Texada Island; west hydro substation on point","Canada","British Columbia","Texada Island",NA,"Northern Gulf Islands","present","open hydro cut, shallow earth shelves on rock outcrop","Danthonia californica; Sisyrinchium idahoense macounii; Bromus carinatus; Packera macounii; Danthonia spicata; Asplenium trichomanes","HJC-2682; HJC-2683; HJC-2684; HJC-2685; HJC- 2686; HJC-2687; HJC-2657; HJC-2658; HJC-2659A; HJC-2659B","slope 50 %, exp 220 degrees","species",40,50.5905555555556,-125.3575,"10U 401880 5493990",NA,NA,NA,NA,"gen hydro cont stuff",NA,"Harvey Janszen",NA,NA,127,"Harvey Janszen Observations","HumanObservation","Northern Gulf Islands","HJ8-13-2"
8,13,3,"Berberis aquifolium","Berberis aquifolium","h","Berberis aquifolium",19970619,"Texada Island; west hydro substation on point","Canada","British Columbia","Texada Island",NA,"Northern Gulf Islands","present","open hydro cut, shallow earth shelves on rock outcrop","Danthonia californica; Sisyrinchium idahoense macounii; Bromus carinatus; Packera macounii; Danthonia spicata; Asplenium trichomanes","HJC-2682; HJC-2683; HJC-2684; HJC-2685; HJC- 2686; HJC-2687; HJC-2657; HJC-2658; HJC-2659A; HJC-2659B","slope 50 %, exp 220 degrees","species",40,50.5905555555556,-125.3575,"10U 401880 5493990",NA,NA,NA,NA,"gen hydro cont stuff",NA,"Harvey Janszen",NA,NA,128,"Harvey Janszen Observations","HumanObservation","Northern Gulf Islands","HJ8-13-3"
8,13,4,"Festuca rubra","Festuca rubra","h","Festuca rubra",19970619,"Texada Island; west hydro substation on point","Canada","British Columbia","Texada Island",NA,"Northern Gulf Islands","present","open hydro cut, shallow earth shelves on rock outcrop","Danthonia californica; Sisyrinchium idahoense macounii; Bromus carinatus; Packera macounii; Danthonia spicata; Asplenium trichomanes","HJC-2682; HJC-2683; HJC-2684; HJC-2685; HJC- 2686; HJC-2687; HJC-2657; HJC-2658; HJC-2659A; HJC-2659B","slope 50 %, exp 220 degrees","species",40,50.5905555555556,-125.3575,"10U 401880 5493990",NA,NA,NA,NA,"gen hydro cont stuff",NA,"Harvey Janszen",NA,NA,129,"Harvey Janszen Observations","HumanObservation","Northern Gulf Islands","HJ8-13-4"
8,13,5,"Phleum pratense","Phleum pratense","h","Phleum pratense",19970619,"Texada Island; west hydro substation on point","Canada","British Columbia","Texada Island",NA,"Northern Gulf Islands","present","open hydro cut, shallow earth shelves on rock outcrop","Danthonia californica; Sisyrinchium idahoense macounii; Bromus carinatus; Packera macounii; Danthonia spicata; Asplenium trichomanes","HJC-2682; HJC-2683; HJC-2684; HJC-2685; HJC- 2686; HJC-2687; HJC-2657; HJC-2658; HJC-2659A; HJC-2659B","slope 50 %, exp 220 degrees","species",40,50.5905555555556,-125.3575,"10U 401880 5493990",NA,NA,NA,NA,"gen hydro cont stuff, non coll obs",NA,"Harvey Janszen",NA,NA,130,"Harvey Janszen Observations","HumanObservation","Northern Gulf Islands","HJ8-13-5"
8,13,6,"Poa compressa","Poa compressa","h","Poa compressa",19970619,"Texada Island; west hydro substation on point","Canada","British Columbia","Texada Island",NA,"Northern Gulf Islands","present","open hydro cut, shallow earth shelves on rock outcrop","Danthonia californica; Sisyrinchium idahoense macounii; Bromus carinatus; Packera macounii; Danthonia spicata; Asplenium trichomanes","HJC-2682; HJC-2683; HJC-2684; HJC-2685; HJC- 2686; HJC-2687; HJC-2657; HJC-2658; HJC-2659A; HJC-2659B","slope 50 %, exp 220 degrees","species",40,50.5905555555556,-125.3575,"10U 401880 5493990",NA,NA,NA,NA,"gen hydro cont stuff, non coll obs",NA,"Harvey Janszen",NA,NA,131,"Harvey Janszen Observations","HumanObservation","Northern Gulf Islands","HJ8-13-6"
8,13,7,"Carex rostrata","Carex rostrata","h","Carex rostrata",19970619,"Texada Island; fen on road to west hydro substation","Canada","British Columbia","Texada Island",NA,"Northern Gulf Islands","present","fen","Scutellaria galericulata","HJC-2690",NA,"species",NA,48.6016666666667,-124.386666666667,"10U 399800 5495270",NA,NA,NA,NA,NA,NA,"Harvey Janszen",NA,NA,132,"Harvey Janszen Observations","HumanObservation","Northern Gulf Islands","HJ8-13-7"
8,13,8,"Carex canescens","Carex canescens","h","Carex canescens",19970619,"Texada Island; fen on road to west hydro substation","Canada","British Columbia","Texada Island",NA,"Northern Gulf Islands","present","fen","Scutellaria galericulata","HJC-2690",NA,"species",NA,48.6016666666667,-124.386666666667,"10U 399800 5495270",NA,NA,NA,NA,NA,NA,"Harvey Janszen",NA,NA,133,"Harvey Janszen Observations","HumanObservation","Northern Gulf Islands","HJ8-13-8"
8,13,9,"Lysichiton","Lysichiton","h","Lysichiton",19970619,"Texada Island; fen on road to west hydro substation","Canada","British Columbia","Texada Island",NA,"Northern Gulf Islands","present","fen","Scutellaria galericulata","HJC-2690",NA,"genus",NA,48.6016666666667,-124.386666666667,"10U 399800 5495270",NA,NA,NA,NA,NA,NA,"Harvey Janszen",NA,NA,134,"Harvey Janszen Observations","HumanObservation","Northern Gulf Islands","HJ8-13-9"
8,13,10,"Typha","Typha","h","Typha",19970619,"Texada Island; fen on road to west hydro substation","Canada","British Columbia","Texada Island",NA,"Northern Gulf Islands","present","fen","Scutellaria galericulata","HJC-2690",NA,"genus",NA,48.6016666666667,-124.386666666667,"10U 399800 5495270",NA,NA,NA,NA,NA,NA,"Harvey Janszen",NA,NA,135,"Harvey Janszen Observations","HumanObservation","Northern Gulf Islands","HJ8-13-10"
8,15,1,"Conioselinum pacificum","Conioselinum pacificum","h","Conioselinum gmelinii",19970620,"Texada Island; Blubber Bay; northwest point of bay","Canada","British Columbia","Texada Island",NA,"Northern Gulf Islands","present",NA,NA,NA,NA,"species",NA,NA,NA,NA,NA,NA,NA,NA,NA,NA,"Harvey Janszen",NA,NA,136,"Harvey Janszen Observations","HumanObservation","Northern Gulf Islands","HJ8-15-1"
8,15,2,"Allium cernuum","Allium cernuum","h","Allium cernuum",19970620,"Texada Island; Blubber Bay; northwest point of bay","Canada","British Columbia","Texada Island",NA,"Northern Gulf Islands","present",NA,NA,NA,NA,"species",NA,NA,NA,NA,NA,NA,NA,NA,NA,NA,"Harvey Janszen",NA,NA,137,"Harvey Janszen Observations","HumanObservation","Northern Gulf Islands","HJ8-15-2"
8,15,3,"Sedum acre","Sedum acre","h","Sedum acre",19970620,"Texada Island; Blubber Bay; northwest point of bay","Canada","British Columbia","Texada Island",NA,"Northern Gulf Islands","present","seaside",NA,NA,NA,"species",NA,NA,NA,NA,NA,NA,"widespread","qualitative","fairly widespread escape on limestone at sea edge",NA,"Harvey Janszen",NA,NA,138,"Harvey Janszen Observations","HumanObservation","Northern Gulf Islands","HJ8-15-3"
8,15,4,"Cotoneaster horizontalis","Cotoneaster horizontalis","h","Cotoneaster horizontalis",19970620,"Texada Island; Blubber Bay; northwest point of bay","Canada","British Columbia","Texada Island",NA,"Northern Gulf Islands","present","margins of woods at sea edge",NA,NA,NA,"species",NA,NA,NA,NA,NA,NA,"several","qualitative","slightly I woods at sea edge",NA,"Harvey Janszen",NA,NA,139,"Harvey Janszen Observations","HumanObservation","Northern Gulf Islands","HJ8-15-4"
8,15,5,"Senecio macounii","Senecio macounii","h","Packera macounii",19970620,"Texada Island; Blubber Bay; northwest point of bay","Canada","British Columbia","Texada Island",NA,"Northern Gulf Islands","present",NA,NA,NA,NA,"species",NA,NA,NA,NA,NA,NA,"200","count","approx 200 sterile, sample taken to compare",NA,"Harvey Janszen",NA,NA,140,"Harvey Janszen Observations","HumanObservation","Northern Gulf Islands","HJ8-15-5"
8,15,6,"Campanula biennis","Campanula medium","h","Campanula medium",19970620,"Texada Island; Blubber Bay; northwest point of bay","Canada","British Columbia","Texada Island",NA,"Northern Gulf Islands","present","road median",NA,NA,NA,"species",NA,NA,NA,NA,NA,NA,NA,NA,"here and there",NA,"Harvey Janszen",NA,NA,141,"Harvey Janszen Observations","HumanObservation","Northern Gulf Islands","HJ8-15-6"
8,15,7,"Lycopus americanus","Lycopus americanus","h","Lycopus americanus",19970620,"Texada Island; [Guillse]? Point","Canada","British Columbia","Texada Island",NA,"Northern Gulf Islands","present",NA,"Sisyrinchium idahoense; Erigeron philadelphicus; Sisyrinchium californicum; Euphrasia nemorosa; Hypericum scouleri","HJC-2710A; HJC-2710B; HJC-2711; HJC-2712; HJC-2713; HJC-2687; HJC-2657; HJC-2658; HJC-2659A; HJC-2659B",NA,"species",NA,49.8005555555556,-124.505833333333,"10U 384440 5517680",NA,NA,NA,NA,"uncollected",NA,"Harvey Janszen",NA,NA,142,"Harvey Janszen Observations","HumanObservation","Northern Gulf Islands","HJ8-15-7"
8,15,8,"Holcus lanatus","Holcus lanatus","h","Holcus lanatus",19970620,"Texada Island; [Guillse]? Point","Canada","British Columbia","Texada Island",NA,"Northern Gulf Islands","present","slopes of quarry","Packera macounii","HJC-2714A",NA,"species",NA,49.8005555555556,-124.505833333333,"10U 384440 5517680",NA,NA,NA,NA,"dist slopes quarry",NA,"Harvey Janszen",NA,NA,143,"Harvey Janszen Observations","HumanObservation","Northern Gulf Islands","HJ8-15-8"
8,15,9,"Pseudotsuga m.","Pseudotsuga menziesii","h","Pseudotsuga menziesii",19970620,"Texada Island; [Guillse]? Point","Canada","British Columbia","Texada Island",NA,"Northern Gulf Islands","present","slopes of quarry","Packera macounii","HJC-2714A",NA,"species",NA,49.8005555555556,-124.505833333333,"10U 384440 5517680",NA,NA,NA,NA,"dist slopes quarry",NA,"Harvey Janszen",NA,NA,144,"Harvey Janszen Observations","HumanObservation","Northern Gulf Islands","HJ8-15-9"
8,15,10,"Festuca rubra","Festuca rubra","h","Festuca rubra",19970620,"Texada Island; [Guillse]? Point","Canada","British Columbia","Texada Island",NA,"Northern Gulf Islands","present","slopes of quarry","Packera macounii","HJC-2714A",NA,"species",NA,49.8005555555556,-124.505833333333,"10U 384440 5517680",NA,NA,NA,NA,"dist slopes quarry",NA,"Harvey Janszen",NA,NA,145,"Harvey Janszen Observations","HumanObservation","Northern Gulf Islands","HJ8-15-10"
8,15,11,"Hypochaeris radicata","Hypochaeris radicata","h","Hypochaeris radicata",19970620,"Texada Island; [Guillse]? Point","Canada","British Columbia","Texada Island",NA,"Northern Gulf Islands","present","slopes of quarry","Packera macounii","HJC-2714A",NA,"species",NA,49.8005555555556,-124.505833333333,"10U 384440 5517680",NA,NA,NA,NA,"dist slopes quarry",NA,"Harvey Janszen",NA,NA,146,"Harvey Janszen Observations","HumanObservation","Northern Gulf Islands","HJ8-15-11"
8,15,12,"Bromus tectorum","Bromus tectorum","h","Bromus tectorum",19970620,"Texada Island; [Guillse]? Point","Canada","British Columbia","Texada Island",NA,"Northern Gulf Islands","present","slopes of quarry","Packera macounii","HJC-2714A",NA,"species",NA,49.8005555555556,-124.505833333333,"10U 384440 5517680",NA,NA,NA,NA,"dist slopes quarry",NA,"Harvey Janszen",NA,NA,147,"Harvey Janszen Observations","HumanObservation","Northern Gulf Islands","HJ8-15-12"
8,15,13,"Achillea m","Achillea millefolium","h","Achillea millefolium",19970620,"Texada Island; [Guillse]? Point","Canada","British Columbia","Texada Island",NA,"Northern Gulf Islands","present","slopes of quarry","Packera macounii","HJC-2714A",NA,"species",NA,49.8005555555556,-124.505833333333,"10U 384440 5517680",NA,NA,NA,NA,"dist slopes quarry",NA,"Harvey Janszen",NA,NA,148,"Harvey Janszen Observations","HumanObservation","Northern Gulf Islands","HJ8-15-13"
8,15,14,"Prunella v","Prunella vulgaris","h","Prunella vulgaris",19970620,"Texada Island; [Guillse]? Point","Canada","British Columbia","Texada Island",NA,"Northern Gulf Islands","present","slopes of quarry","Packera macounii","HJC-2714A",NA,"species",NA,49.8005555555556,-124.505833333333,"10U 384440 5517680",NA,NA,NA,NA,"dist slopes quarry",NA,"Harvey Janszen",NA,NA,149,"Harvey Janszen Observations","HumanObservation","Northern Gulf Islands","HJ8-15-14"
8,16,1,"Cw","Tsuga heterophylla","h","Tsuga heterophylla",19970620,"Texada Island; [Guillse]? Point","Canada","British Columbia","Texada Island",NA,"Northern Gulf Islands","present","limestone cliff in quarry","Centaurea diffusa; Toxicodendron diversilobum","HJC-2714B; HJC-2715; HJC-2711; HJC-2712; HJC-2713; HJC-2687; HJC-2657; HJC-2658; HJC-2659A; HJC-2659B","aspect 304 degrees, slope vertical","species",3,49.8002777777778,-124.612777777778,"10U 383940 5517660",NA,NA,NA,NA,"associates",NA,"Harvey Janszen",NA,NA,150,"Harvey Janszen Observations","HumanObservation","Northern Gulf Islands","HJ8-16-1"
8,16,2,"Arbutus","Arbutus menziesii","h","Arbutus menziesii",19970620,"Texada Island; [Guillse]? Point","Canada","British Columbia","Texada Island",NA,"Northern Gulf Islands","present","limestone cliff in quarry","Centaurea diffusa; Toxicodendron diversilobum","HJC-2714B; HJC-2715; HJC-2711; HJC-2712; HJC-2713; HJC-2687; HJC-2657; HJC-2658; HJC-2659A; HJC-2659B","aspect 304 degrees, slope vertical","species",3,49.8002777777778,-124.612777777778,"10U 383940 5517660",NA,NA,NA,NA,"associates",NA,"Harvey Janszen",NA,NA,151,"Harvey Janszen Observations","HumanObservation","Northern Gulf Islands","HJ8-16-2"
8,16,3,"Lonicera hispidula","Lonicera hispidula","h","Lonicera hispidula",19970620,"Texada Island; [Guillse]? Point","Canada","British Columbia","Texada Island",NA,"Northern Gulf Islands","present","limestone cliff in quarry","Centaurea diffusa; Toxicodendron diversilobum","HJC-2714B; HJC-2715; HJC-2711; HJC-2712; HJC-2713; HJC-2687; HJC-2657; HJC-2658; HJC-2659A; HJC-2659B","aspect 304 degrees, slope vertical","species",3,49.8002777777778,-124.612777777778,"10U 383940 5517660",NA,NA,NA,NA,"associates",NA,"Harvey Janszen",NA,NA,152,"Harvey Janszen Observations","HumanObservation","Northern Gulf Islands","HJ8-16-3"
8,16,4,"Cichorium intybus","Cichorium intybus","h","Cichorium intybus",19970620,"Texada Island; [Guillse]? Point","Canada","British Columbia","Texada Island",NA,"Northern Gulf Islands","present","output of area",NA,NA,NA,"species",NA,49.8002777777778,-124.612777777778,"10U 383940 5517660",NA,NA,NA,NA,"obs",NA,"Harvey Janszen",NA,NA,153,"Harvey Janszen Observations","HumanObservation","Northern Gulf Islands","HJ8-16-4"
8,16,5,"Cotoneaster horizontalis","Cotoneaster horizontalis","h","Cotoneaster horizontalis",19970620,"Texada Island; [Guillse]? Point","Canada","British Columbia","Texada Island",NA,"Northern Gulf Islands","present","output of area",NA,NA,NA,"species",NA,49.8002777777778,-124.612777777778,"10U 383940 5517660",NA,NA,"lots","qualitative","obs",NA,"Harvey Janszen",NA,NA,154,"Harvey Janszen Observations","HumanObservation","Northern Gulf Islands","HJ8-16-5"
8,16,6,"Tropagon sp. dubius","Tragopogon dubius","h","Tragopogon dubius",19970620,"Texada Island; [Guillse]? Point","Canada","British Columbia","Texada Island",NA,"Northern Gulf Islands","present","output of area",NA,NA,NA,"species",NA,49.8002777777778,-124.612777777778,"10U 383940 5517660",NA,NA,NA,NA,"obs",NA,"Harvey Janszen",NA,NA,155,"Harvey Janszen Observations","HumanObservation","Northern Gulf Islands","HJ8-16-6"
8,16,7,"Melilotus alba","Melilotus albus","h","Melilotus albus",19970620,"Texada Island; [Guillse]? Point","Canada","British Columbia","Texada Island",NA,"Northern Gulf Islands","present","output of area",NA,NA,NA,"species",NA,49.8002777777778,-124.612777777778,"10U 383940 5517660",NA,NA,NA,NA,"obs",NA,"Harvey Janszen",NA,NA,156,"Harvey Janszen Observations","HumanObservation","Northern Gulf Islands","HJ8-16-7"
8,17,1,"Senecio macounii","Senecio macounii","h","Packera macounii",19970620,"Texada Island; [Vananda]?","Canada","British Columbia","Texada Island",NA,"Northern Gulf Islands","present",NA,"Centaurea pratensis","HJC-2717","at dock","species",NA,49.7588888888889,-124.553333333333,"10U 388130 5512970",NA,NA,"200","count","additional approx 200 plants",NA,"Harvey Janszen",NA,NA,157,"Harvey Janszen Observations","HumanObservation","Northern Gulf Islands","HJ8-17-1"
8,17,2,"Picea sitchensis","Picea sitchensis","h","Picea sitchensis",19970621,"Texada Island; Gillies Bay; forest behind ball field","Canada","British Columbia","Texada Island",NA,"Northern Gulf Islands","present","forest",NA,NA,"forest behind ball field","species",NA,NA,NA,NA,NA,NA,NA,NA,NA,NA,"Harvey Janszen",NA,NA,158,"Harvey Janszen Observations","HumanObservation","Northern Gulf Islands","HJ8-17-2"
8,17,3,"Oplopanax horridus","Oplopanax horridus","h","Oplopanax horridus",19970621,"Texada Island; Gillies Bay; forest behind ball field","Canada","British Columbia","Texada Island",NA,"Northern Gulf Islands","present","forest",NA,NA,"forest behind ball field","species",NA,NA,NA,NA,NA,NA,NA,NA,NA,NA,"Harvey Janszen",NA,NA,159,"Harvey Janszen Observations","HumanObservation","Northern Gulf Islands","HJ8-17-3"
8,17,4,"Lysichiton","Lysichiton americanus","h","Lysichiton americanus",19970621,"Texada Island; Gillies Bay; forest behind ball field","Canada","British Columbia","Texada Island",NA,"Northern Gulf Islands","present","forest",NA,NA,"forest behind ball field","species",NA,NA,NA,NA,NA,NA,NA,NA,NA,NA,"Harvey Janszen",NA,NA,160,"Harvey Janszen Observations","HumanObservation","Northern Gulf Islands","HJ8-17-4"
8,17,5,"Carex obnupta","Carex obnupta","h","Carex obnupta",19970621,"Texada Island; Gillies Bay; forest behind ball field","Canada","British Columbia","Texada Island",NA,"Northern Gulf Islands","present","forest",NA,NA,"forest behind ball field","species",NA,NA,NA,NA,NA,NA,NA,NA,NA,NA,"Harvey Janszen",NA,NA,161,"Harvey Janszen Observations","HumanObservation","Northern Gulf Islands","HJ8-17-5"
8,17,6,"Rubus spectabilis","Rubus spectabilis","h","Rubus spectabilis",19970621,"Texada Island; Gillies Bay; forest behind ball field","Canada","British Columbia","Texada Island",NA,"Northern Gulf Islands","present","forest",NA,NA,"forest behind ball field","species",NA,NA,NA,NA,NA,NA,NA,NA,NA,NA,"Harvey Janszen",NA,NA,162,"Harvey Janszen Observations","HumanObservation","Northern Gulf Islands","HJ8-17-6"
8,17,7,"Polystichum","Polystichum","h","Polystichum",19970621,"Texada Island; Gillies Bay; forest behind ball field","Canada","British Columbia","Texada Island",NA,"Northern Gulf Islands","present","forest",NA,NA,"forest behind ball field","genus",NA,NA,NA,NA,NA,NA,NA,NA,NA,NA,"Harvey Janszen",NA,NA,163,"Harvey Janszen Observations","HumanObservation","Northern Gulf Islands","HJ8-17-7"
8,17,8,"Athyrium filix-femina","Athyrium filix-femina","h","Athyrium filix-femina",19970621,"Texada Island; Gillies Bay; forest behind ball field","Canada","British Columbia","Texada Island",NA,"Northern Gulf Islands","present","forest",NA,NA,"forest behind ball field","species",NA,NA,NA,NA,NA,NA,NA,NA,NA,NA,"Harvey Janszen",NA,NA,164,"Harvey Janszen Observations","HumanObservation","Northern Gulf Islands","HJ8-17-8"
8,17,9,"Dryopteris expansa","Dryopteris expansa","h","Dryopteris expansa",19970621,"Texada Island; Gillies Bay; forest behind ball field","Canada","British Columbia","Texada Island",NA,"Northern Gulf Islands","present","forest",NA,NA,"forest behind ball field","species",NA,NA,NA,NA,NA,NA,NA,NA,"Dryopteris austriaca crossed out",NA,"Harvey Janszen",NA,NA,165,"Harvey Janszen Observations","HumanObservation","Northern Gulf Islands","HJ8-17-9"
