"archiveID","pageNum","numPage","vName","vSciName","conf","sciName","date","locality","country","stateProvince","island","idQualifier","county","occStatus","habitat","assCollTaxa","assColl","locationRemarks","vTaxonRank","vElevM","vLat","vLon","vUTM","vCoordUncM","numPlantsCode","orgQuantity","orgQtype","occRemarks","phenology","recordedBy","idBy","dataEntryRemarks","index"
7,1,1,"Artemisia suksdorfii","Artemisia suksdorfii","h","Artemisia suksdorfii",19810528,"North Pender Island; log dump beach with navy channel","Canada","British Columbia","North Pender Island",NA,"Southern Gulf Islands",NA,"beach",NA,NA,NA,NA,NA,NA,NA,NA,NA,NA,NA,NA,NA,NA,NA,NA,NA,1
7,1,2,"Poa annua","Poa annua","h","Poa annua",19810528,"Prevost Island; at dock","Canada","British Columbia","Prevost Island",NA,NA,NA,NA,NA,NA,"at dock",NA,NA,NA,NA,NA,NA,NA,NA,NA,NA,NA,NA,NA,NA,2
7,1,3,"Lolium perenne","Lolium perenne","h","Lolium perenne",19810528,"Prevost Island; at dock","Canada","British Columbia","Prevost Island",NA,NA,NA,NA,NA,NA,"at dock",NA,NA,NA,NA,NA,NA,NA,NA,NA,NA,NA,NA,NA,NA,3
7,1,4,"Plantago lanceolata","Plantago lanceolata","h","Plantago lanceolata",19810528,"Prevost Island; at dock","Canada","British Columbia","Prevost Island",NA,NA,NA,NA,NA,NA,"at dock",NA,NA,NA,NA,NA,NA,NA,NA,NA,NA,NA,NA,NA,NA,4
7,1,5,"Bromus mollis","Bromus mollis","h","Bromus hordeaceus",19810528,"Prevost Island; at dock","Canada","British Columbia","Prevost Island",NA,NA,NA,NA,NA,NA,"at dock",NA,NA,NA,NA,NA,NA,NA,NA,NA,NA,NA,NA,NA,NA,5
7,1,6,"Bromus tectorum","Bromus tectorum","h","Bromus tectorum",19810528,"Prevost Island; at dock","Canada","British Columbia","Prevost Island",NA,NA,NA,NA,NA,NA,"at dock",NA,NA,NA,NA,NA,NA,NA,NA,NA,NA,NA,NA,NA,NA,6
7,1,7,"Vicia sativa","Vicia sativa","h","Vicia sativa",19810528,"Prevost Island; at dock","Canada","British Columbia","Prevost Island",NA,NA,NA,NA,NA,NA,"at dock",NA,NA,NA,NA,NA,NA,NA,NA,NA,NA,NA,NA,NA,NA,7
7,1,8,"Poa pratensis","Poa pratensis","h","Poa pratensis",19810528,"Prevost Island; at dock","Canada","British Columbia","Prevost Island",NA,NA,NA,NA,NA,NA,"at dock",NA,NA,NA,NA,NA,NA,NA,NA,NA,NA,NA,NA,NA,NA,8
7,1,9,"Rumex acetosella","Rumex acetosella","h","Rumex acetosella",19810528,"Prevost Island; at dock","Canada","British Columbia","Prevost Island",NA,NA,NA,NA,NA,NA,"at dock",NA,NA,NA,NA,NA,NA,NA,NA,NA,NA,NA,NA,NA,NA,9
7,1,10,"Festuca megalura","Festuca megalura","m","Vulpia myuros megalura",19810528,"Prevost Island; at dock","Canada","British Columbia","Prevost Island",NA,NA,NA,NA,NA,NA,"at dock",NA,NA,NA,NA,NA,NA,NA,NA,NA,NA,NA,NA,NA,NA,10
7,1,11,"Arbutus menziesii","Arbutus menziesii","h","Arbutus menziesii",19810528,"Prevost Island; at dock","Canada","British Columbia","Prevost Island",NA,NA,NA,NA,NA,NA,"at dock",NA,NA,NA,NA,NA,NA,NA,NA,NA,NA,NA,NA,NA,NA,11
7,1,12,"Lotus corniculatus","Lotus corniculatus","h","Lotus corniculatus",19810528,"Prevost Island; at dock","Canada","British Columbia","Prevost Island",NA,NA,NA,NA,NA,NA,"at dock",NA,NA,NA,NA,NA,NA,NA,NA,NA,NA,NA,NA,NA,NA,12
7,1,13,"Trifolium dubium","Trifolium dubium","h","Trifolium dubium",19810528,"Prevost Island; at dock","Canada","British Columbia","Prevost Island",NA,NA,NA,NA,NA,NA,"at dock",NA,NA,NA,NA,NA,NA,NA,NA,NA,NA,NA,NA,NA,NA,13
7,1,14,"Trifolium repens","Trifolium repens","h","Trifolium repens",19810528,"Prevost Island; at dock","Canada","British Columbia","Prevost Island",NA,NA,NA,NA,NA,NA,"at dock",NA,NA,NA,NA,NA,NA,NA,NA,NA,NA,NA,NA,NA,NA,14
7,1,15,"Trifolium subterraneum","Trifolium subterraneum","h","Trifolium subterraneum",19810528,"Prevost Island; at dock","Canada","British Columbia","Prevost Island",NA,NA,NA,NA,NA,NA,"at dock",NA,NA,NA,NA,NA,NA,NA,NA,NA,NA,NA,NA,NA,NA,15
7,1,16,"Aira caryophyllea","Aira caryophyllea","h","Aira caryophyllea",19810528,"Prevost Island; at dock","Canada","British Columbia","Prevost Island",NA,NA,NA,NA,NA,NA,"at dock",NA,NA,NA,NA,NA,NA,NA,NA,NA,NA,NA,NA,NA,NA,16
7,1,17,"Hypochaeris radicata","Hypochaeris radicata","h","Hypochaeris radicata",19810528,"Prevost Island; at dock","Canada","British Columbia","Prevost Island",NA,NA,NA,NA,NA,NA,"at dock",NA,NA,NA,NA,NA,NA,NA,NA,NA,NA,NA,NA,NA,NA,17
7,1,18,"Dactylis glomerata","Dactylis glomerata","h","Dactylis glomerata",19810528,"Prevost Island; at dock","Canada","British Columbia","Prevost Island",NA,NA,NA,NA,NA,NA,"at dock",NA,NA,NA,NA,NA,NA,NA,NA,NA,NA,NA,NA,NA,NA,18
7,1,19,"Bromus pacificus","Bromus pacificus","h","Bromus pacificus",19810528,"Prevost Island; at dock","Canada","British Columbia","Prevost Island",NA,NA,NA,NA,NA,NA,"at dock",NA,NA,NA,NA,NA,NA,NA,NA,NA,NA,NA,NA,NA,NA,19
7,1,20,"Bellis perennis","Bellis perennis","h","Bellis perennis",19810528,"Prevost Island; at dock","Canada","British Columbia","Prevost Island",NA,NA,NA,NA,NA,NA,"at dock",NA,NA,NA,NA,NA,NA,NA,NA,NA,NA,NA,NA,NA,NA,20
7,1,21,"Matricaria matricarioides","Matricaria matricarioides","h","Matricaria discoidea",19810528,"Prevost Island; at dock","Canada","British Columbia","Prevost Island",NA,NA,NA,NA,NA,NA,"at dock",NA,NA,NA,NA,NA,NA,NA,NA,NA,NA,NA,NA,NA,NA,21
7,1,22,"Pseudotsuga menziesii","Pseudotsuga menziesii","h","Pseudotsuga menziesii",19810528,"Prevost Island; at dock","Canada","British Columbia","Prevost Island",NA,NA,NA,NA,NA,NA,"at dock",NA,NA,NA,NA,NA,NA,NA,NA,NA,NA,NA,NA,NA,NA,22
7,2,1,"Sedum spathulifolium","Sedum spathulifolium","h","Sedum spathulifolium",19810528,"Prevost Island","Canada","British Columbia","Prevost Island",NA,NA,NA,NA,NA,NA,NA,NA,NA,NA,NA,NA,NA,NA,NA,NA,NA,NA,NA,NA,NA,23
7,2,2,"Juniperus scopulorum","Juniperus scopulorum","h","Juniperus scopulorum",19810528,"Prevost Island","Canada","British Columbia","Prevost Island",NA,NA,NA,NA,NA,NA,NA,NA,NA,NA,NA,NA,NA,NA,NA,NA,NA,NA,NA,NA,NA,24
7,2,3,"Lonicera ciliosa","Lonicera ciliosa","h","Lonicera ciliosa",19810528,"Prevost Island","Canada","British Columbia","Prevost Island",NA,NA,NA,NA,NA,NA,NA,NA,NA,NA,NA,NA,NA,NA,NA,NA,NA,NA,NA,NA,NA,25
7,2,4,"Salix scouleriana","Salix scouleriana","h","Salix scouleriana",19810528,"Prevost Island","Canada","British Columbia","Prevost Island",NA,NA,NA,NA,NA,NA,NA,NA,NA,NA,NA,NA,NA,NA,NA,NA,NA,NA,NA,NA,NA,26
7,2,5,"Filago germanica","Filago germanica","h","Filago germanica",19810528,"Prevost Island","Canada","British Columbia","Prevost Island",NA,NA,NA,NA,NA,NA,NA,NA,NA,NA,NA,NA,NA,NA,NA,NA,NA,NA,NA,NA,NA,27
7,2,6,"Rubus ursinus","Rubus ursinus","h","Rubus ursinus",19810528,"Prevost Island","Canada","British Columbia","Prevost Island",NA,NA,NA,NA,NA,NA,NA,NA,NA,NA,NA,NA,NA,NA,NA,NA,NA,NA,NA,NA,NA,28
7,2,7,"Gaultheria shallon","Gaultheria shallon","h","Gaultheria shallon",19810528,"Prevost Island","Canada","British Columbia","Prevost Island",NA,NA,NA,NA,NA,NA,NA,NA,NA,NA,NA,NA,NA,NA,NA,NA,NA,NA,NA,NA,NA,29
7,2,8,"Bromus pacificus","Bromus pacificus","h","Bromus pacificus",19810528,"Prevost Island","Canada","British Columbia","Prevost Island",NA,NA,NA,NA,NA,NA,NA,NA,NA,NA,NA,NA,NA,NA,NA,NA,"asterisk next to taxon name",NA,NA,NA,"has asterisk",30
7,2,9,"Bromus sterilis","Bromus sterilis","h","Bromus sterilis",19810528,"Prevost Island","Canada","British Columbia","Prevost Island",NA,NA,NA,NA,NA,NA,NA,NA,NA,NA,NA,NA,NA,NA,NA,NA,NA,NA,NA,NA,NA,31
7,2,10,"Daucus pusillus","Daucus pusillus","h","Daucus pusillus",19810528,"Prevost Island","Canada","British Columbia","Prevost Island",NA,NA,NA,NA,NA,NA,NA,NA,NA,NA,NA,NA,NA,NA,NA,NA,NA,NA,NA,NA,NA,32
7,2,11,"Heuchera micrantha","Heuchera micrantha","h","Heuchera micrantha",19810528,"Prevost Island","Canada","British Columbia","Prevost Island",NA,NA,NA,NA,NA,NA,NA,NA,NA,NA,NA,NA,NA,NA,NA,NA,NA,NA,NA,NA,NA,33
7,2,12,"Achillea millefolium","Achillea millefolium","h","Achillea millefolium",19810528,"Prevost Island","Canada","British Columbia","Prevost Island",NA,NA,NA,NA,NA,NA,NA,NA,NA,NA,NA,NA,NA,NA,NA,NA,NA,NA,NA,NA,NA,34
7,2,13,"Vaccinium parvifolium","Vaccinium parvifolium","h","Vaccinium parvifolium",19810528,"Prevost Island","Canada","British Columbia","Prevost Island",NA,NA,NA,NA,NA,NA,NA,NA,NA,NA,NA,NA,NA,NA,NA,NA,NA,NA,NA,NA,NA,35
7,2,15,"Vicia gigantea","Vicia gigantea","h","Vicia gigantea",19810528,"Prevost Island","Canada","British Columbia","Prevost Island",NA,NA,NA,NA,NA,NA,NA,NA,NA,NA,NA,NA,NA,NA,NA,NA,NA,NA,NA,NA,NA,36
7,2,16,"Ribes sanguineum","Ribes sanguineum","h","Ribes sanguineum",19810528,"Prevost Island","Canada","British Columbia","Prevost Island",NA,NA,NA,NA,NA,NA,NA,NA,NA,NA,NA,NA,NA,NA,NA,NA,NA,NA,NA,NA,NA,37
7,2,17,"Grindelia integrifolia","Grindelia integrifolia","h","Grindelia integrifolia",19810528,"Prevost Island","Canada","British Columbia","Prevost Island",NA,NA,NA,NA,NA,NA,NA,NA,NA,NA,NA,NA,NA,NA,NA,NA,NA,NA,NA,NA,NA,38
7,2,18,"Conioselinum pacificum","Conioselinum pacificum","h","Conioselinum gmelinii",19810528,"Prevost Island","Canada","British Columbia","Prevost Island",NA,NA,NA,NA,NA,NA,NA,NA,NA,NA,NA,NA,NA,NA,NA,NA,NA,NA,NA,NA,NA,39
7,2,19,"Plantago maritima","Plantago maritima","h","Plantago maritima",19810528,"Prevost Island","Canada","British Columbia","Prevost Island",NA,NA,NA,NA,NA,NA,NA,NA,NA,NA,NA,NA,NA,NA,NA,NA,NA,NA,NA,NA,NA,40
7,2,20,"Elymus glaucus","Elymus glaucus","h","Elymus glaucus",19810528,"Prevost Island","Canada","British Columbia","Prevost Island",NA,NA,NA,NA,NA,NA,NA,NA,NA,NA,NA,NA,NA,NA,NA,NA,NA,NA,NA,NA,NA,41
7,2,21,"Thuja plicata","Thuja plicata","h","Thuja plicata",19810528,"Prevost Island","Canada","British Columbia","Prevost Island",NA,NA,NA,NA,NA,NA,NA,NA,NA,NA,NA,NA,NA,NA,NA,NA,NA,NA,NA,NA,NA,42
7,2,22,"Lonicera hispidula","Lonicera hispidula","h","Lonicera hispidula",19810528,"Prevost Island","Canada","British Columbia","Prevost Island",NA,NA,NA,NA,NA,NA,NA,NA,NA,NA,NA,NA,NA,NA,NA,NA,NA,NA,NA,NA,NA,43
7,2,23,"Acer macrophyllum","Acer macrophyllum","h","Acer macrophyllum",19810528,"Prevost Island","Canada","British Columbia","Prevost Island",NA,NA,NA,NA,NA,NA,NA,NA,NA,NA,NA,NA,NA,NA,NA,NA,NA,NA,NA,NA,NA,44
7,2,24,"Galium triflorum","Galium triflorum","h","Galium triflorum",19810528,"Prevost Island","Canada","British Columbia","Prevost Island","Galium triflorum cf.",NA,NA,NA,NA,NA,NA,NA,NA,NA,NA,NA,NA,NA,NA,NA,"question mark beside taxon name",NA,NA,NA,"question mark",45
7,2,25,"Lactuca muralis","Lactuca muralis","h","Lactuca muralis",19810528,"Prevost Island","Canada","British Columbia","Prevost Island",NA,NA,NA,NA,NA,NA,NA,NA,NA,NA,NA,NA,NA,NA,NA,NA,NA,NA,NA,NA,NA,46
7,2,26,"Verbascum thapsus","Verbascum thapsus","m","Verbascum thapsus",19810528,"Prevost Island","Canada","British Columbia","Prevost Island",NA,NA,NA,NA,NA,NA,NA,NA,NA,NA,NA,NA,NA,NA,NA,NA,NA,NA,NA,NA,NA,47
7,2,27,"Epilobium minutum","Epilobium minutum","m","Epilobium minutum",19810528,"Prevost Island","Canada","British Columbia","Prevost Island",NA,NA,NA,NA,NA,NA,NA,NA,NA,NA,NA,NA,NA,NA,NA,NA,NA,NA,NA,NA,"unsure if montanum or minutum",48
7,2,28,"Cerastium viscosum","Cerastium viscosum","h","Cerastium holosteoides",19810528,"Prevost Island","Canada","British Columbia","Prevost Island",NA,NA,NA,NA,NA,NA,NA,NA,NA,NA,NA,NA,NA,NA,NA,NA,NA,NA,NA,NA,NA,49
7,2,29,"Berberis nervosa","Berberis nervosa","h","Berberis nervosa",19810528,"Prevost Island","Canada","British Columbia","Prevost Island",NA,NA,NA,NA,NA,NA,NA,NA,NA,NA,NA,NA,NA,NA,NA,NA,NA,NA,NA,NA,NA,50
7,2,30,"Galium aparine","Galium aparine","h","Galium aparine",19810528,"Prevost Island","Canada","British Columbia","Prevost Island",NA,NA,NA,NA,NA,NA,NA,NA,NA,NA,NA,NA,NA,NA,NA,NA,NA,NA,NA,NA,NA,51
7,2,31,"Hieracium alb","Hieracium albiflorum","m","Hieracium albiflorum",19810528,"Prevost Island","Canada","British Columbia","Prevost Island",NA,NA,NA,NA,NA,NA,NA,NA,NA,NA,NA,NA,NA,NA,NA,NA,NA,NA,NA,NA,NA,52
7,2,32,"Trientalis latifolia","Trientalis latifolia","h","Lysimachia latifolia",19810528,"Prevost Island","Canada","British Columbia","Prevost Island",NA,NA,NA,NA,NA,NA,NA,NA,NA,NA,NA,NA,NA,NA,NA,NA,NA,NA,NA,NA,NA,53
7,2,33,"Festuca occidentalis","Festuca occidentalis","h","Festuca occidentalis",19810528,"Prevost Island","Canada","British Columbia","Prevost Island","Festuca cf . occidentalis",NA,NA,NA,NA,NA,NA,NA,NA,NA,NA,NA,NA,NA,NA,NA,"question mark in between genus and species; check mark next to taxon name",NA,NA,NA,"question mark in between genus and species. Check mark",54
7,2,34,"Amelanchier alnifolia","Amelanchier alnifolia","h","Amelanchier alnifolia",19810528,"Prevost Island","Canada","British Columbia","Prevost Island",NA,NA,NA,NA,NA,NA,NA,NA,NA,NA,NA,NA,NA,NA,NA,NA,NA,NA,NA,NA,NA,55
7,2,35,"rosa gymnocarpa","Rosa gymnocarpa","h","Rosa gymnocarpa",19810528,"Prevost Island","Canada","British Columbia","Prevost Island",NA,NA,NA,NA,NA,NA,NA,NA,NA,NA,NA,NA,NA,NA,NA,NA,NA,NA,NA,NA,NA,56
7,2,36,"Anthoxanthum odoratum","Anthoxanthum odoratum","h","Anthoxanthum odoratum",19810528,"Prevost Island","Canada","British Columbia","Prevost Island",NA,NA,NA,NA,NA,NA,NA,NA,NA,NA,NA,NA,NA,NA,NA,NA,NA,NA,NA,NA,NA,57
7,2,37,"Madia madioides","Madia madioides","h","Madia madioides",19810528,"Prevost Island","Canada","British Columbia","Prevost Island",NA,NA,NA,NA,NA,NA,NA,NA,NA,NA,NA,NA,NA,NA,NA,NA,NA,NA,NA,NA,NA,58
7,2,38,"Festuca rubra lit","Festuca rubra litoralis","l","Festuca rubra litoralis",19810528,"Prevost Island","Canada","British Columbia","Prevost Island",NA,NA,NA,NA,NA,NA,NA,NA,NA,NA,NA,NA,NA,NA,NA,NA,NA,NA,NA,NA,NA,59
7,2,39,"Bromus vulgaris","Bromus vulgaris","h","Bromus vulgaris",19810528,"Prevost Island","Canada","British Columbia","Prevost Island",NA,NA,NA,NA,NA,NA,NA,NA,NA,NA,NA,NA,NA,NA,NA,NA,"asterisk next to taxon name",NA,NA,NA,"asterisk",60
7,2,40,"Barbarea orthoceras","Barbarea orthoceras","h","Barbarea orthoceras",19810528,"Prevost Island","Canada","British Columbia","Prevost Island",NA,NA,NA,NA,NA,NA,NA,NA,NA,NA,NA,NA,NA,NA,NA,NA,"asterisk next to taxon name",NA,NA,NA,"asterisk",61
7,3,1,"Symphoricarpos albus","Symphoricarpos albus","h","Symphoricarpos albus",19810528,"Prevost Island","Canada","British Columbia","Prevost Island",NA,NA,NA,NA,NA,NA,NA,NA,NA,NA,NA,NA,NA,NA,NA,NA,NA,NA,NA,NA,NA,62
7,3,2,"Collinsia grandiflora","Collinsia grandiflora","h","Collinsia grandiflora",19810528,"Prevost Island","Canada","British Columbia","Prevost Island",NA,NA,NA,NA,NA,NA,NA,NA,NA,NA,NA,NA,NA,NA,NA,NA,NA,NA,NA,NA,NA,63
7,3,3,"Arenaria serpyllifolia","Arenaria serpyllifolia","m","Arenaria serpyllifolia",19810528,"Prevost Island","Canada","British Columbia","Prevost Island","cf. Arenaria serpyllifolia",NA,NA,NA,NA,NA,NA,NA,NA,NA,NA,NA,NA,NA,NA,NA,"taxon name circled with big question mark",NA,NA,NA,"question mark and circled",64
7,3,4,"Sisymbrium officinale","Sisymbrium officinale","h","Sisymbrium officinale",19810528,"Prevost Island","Canada","British Columbia","Prevost Island",NA,NA,NA,NA,NA,NA,NA,NA,NA,NA,NA,NA,NA,NA,NA,NA,NA,NA,NA,NA,NA,65
7,3,5,"Lenontodon Crepis capillaris","Crepis capillaris","l","Crepis capillaris",19810528,"Prevost Island","Canada","British Columbia","Prevost Island",NA,NA,"absent",NA,NA,NA,NA,NA,NA,NA,NA,NA,NA,NA,NA,NA,"crossed out and has asterisk beside taxon name",NA,NA,NA,"inferrring absent from crossing out",66
7,3,6,"Collinsia parviflora","Collinsia parviflora","h","Collinsia parviflora",19810528,"Prevost Island","Canada","British Columbia","Prevost Island",NA,NA,NA,NA,NA,NA,NA,NA,NA,NA,NA,NA,NA,NA,NA,NA,NA,NA,NA,NA,NA,67
7,3,7,"Veronica arvense","Veronica arvensis","m","Veronica arvensis",19810528,"Prevost Island","Canada","British Columbia","Prevost Island",NA,NA,NA,NA,NA,NA,NA,NA,NA,NA,NA,NA,NA,NA,NA,NA,NA,NA,NA,NA,NA,68
7,3,8,"Atriplex patula","Atriplex patula","h","Atriplex patula",19810528,"Prevost Island","Canada","British Columbia","Prevost Island",NA,NA,NA,NA,NA,NA,NA,NA,NA,NA,NA,NA,NA,NA,NA,NA,NA,NA,NA,NA,NA,69
7,3,9,"Polypoda glycyrrhiza","Polypodium glycyrrhiza","h","Polypodium glycyrrhiza",19810528,"Prevost Island","Canada","British Columbia","Prevost Island",NA,NA,NA,NA,NA,NA,NA,NA,NA,NA,NA,NA,NA,NA,NA,NA,NA,NA,NA,NA,NA,70
7,3,10,"Cardamine oligosperma","Cardamine oligosperma","h","Cardamine oligosperma",19810528,"Prevost Island","Canada","British Columbia","Prevost Island",NA,NA,NA,NA,NA,NA,NA,NA,NA,NA,NA,NA,NA,NA,NA,NA,NA,NA,NA,NA,NA,71
7,3,11,"Veronica serpyllifolia","Veronica serpyllifolia","h","Veronica serpyllifolia",19810528,"Prevost Island","Canada","British Columbia","Prevost Island",NA,NA,NA,NA,NA,NA,NA,NA,NA,NA,NA,NA,NA,NA,NA,NA,NA,NA,NA,NA,NA,72
7,3,12,"Osmorhiza chilensis","Osmorhiza chilensis","h","Osmorhiza berteroi",19810528,"Prevost Island","Canada","British Columbia","Prevost Island",NA,NA,NA,NA,NA,NA,NA,NA,NA,NA,NA,NA,NA,NA,NA,NA,NA,NA,NA,NA,NA,73
7,3,13,"Pteridium aquilinum","Pteridium aquilinum","h","Pteridium aquilinum",19810528,"Prevost Island","Canada","British Columbia","Prevost Island",NA,NA,NA,NA,NA,NA,NA,NA,NA,NA,NA,NA,NA,NA,NA,NA,NA,NA,NA,NA,NA,74
7,3,14,"Crataegus monogyna","Crataegus monogyna","h","Crataegus monogyna",19810528,"Prevost Island","Canada","British Columbia","Prevost Island",NA,NA,NA,NA,NA,NA,NA,NA,NA,NA,NA,NA,NA,NA,NA,NA,NA,NA,NA,NA,NA,75
7,3,15,"Epilobium watsonii","Epilobium watsonii","l","Epilobium ciliatum watsonii",19810528,"Prevost Island","Canada","British Columbia","Prevost Island",NA,NA,NA,NA,NA,NA,NA,NA,NA,NA,NA,NA,NA,NA,NA,NA,NA,NA,NA,NA,NA,76
7,3,16,"Plantago major","Plantago major","h","Plantago major",19810528,"Prevost Island","Canada","British Columbia","Prevost Island",NA,NA,NA,NA,NA,NA,NA,NA,NA,NA,NA,NA,NA,NA,NA,NA,NA,NA,NA,NA,NA,77
7,3,17,"Spergularia rubra","Spergularia rubra","h","Spergularia rubra",19810528,"Prevost Island","Canada","British Columbia","Prevost Island",NA,NA,NA,NA,NA,NA,NA,NA,NA,NA,NA,NA,NA,NA,NA,NA,NA,NA,NA,NA,NA,78
7,3,18,"Geranium dissectum","Geranium dissectum","h","Geranium dissectum",19810528,"Prevost Island","Canada","British Columbia","Prevost Island",NA,NA,NA,NA,NA,NA,NA,NA,NA,NA,NA,NA,NA,NA,NA,NA,NA,NA,NA,NA,NA,79
7,3,19,"Geranium molle","Geranium molle","h","Geranium molle",19810528,"Prevost Island","Canada","British Columbia","Prevost Island",NA,NA,NA,NA,NA,NA,NA,NA,NA,NA,NA,NA,NA,NA,NA,NA,NA,NA,NA,NA,NA,80
7,3,20,"Cerastium arvense","Cerastium arvense","h","Cerastium arvense",19810528,"Prevost Island","Canada","British Columbia","Prevost Island",NA,NA,NA,NA,NA,NA,NA,NA,NA,NA,NA,NA,NA,NA,NA,NA,NA,NA,NA,NA,NA,81
7,3,21,"Salicornia virginica","Salicornia virginica","h","Salicornia depressa",19810528,"Prevost Island","Canada","British Columbia","Prevost Island",NA,NA,NA,NA,NA,NA,NA,NA,NA,NA,NA,NA,NA,NA,NA,NA,NA,NA,NA,NA,NA,82
7,3,22,"Crepis capillaris","Crepis capillaris","h","Crepis capillaris",19810528,"Prevost Island","Canada","British Columbia","Prevost Island",NA,NA,NA,NA,NA,NA,NA,NA,NA,NA,NA,NA,NA,NA,NA,NA,NA,NA,NA,NA,NA,83
7,3,23,"Allium acuminatum","Allium acuminatum","h","Allium acuminatum",19810528,"Prevost Island","Canada","British Columbia","Prevost Island",NA,NA,NA,NA,NA,NA,NA,NA,NA,NA,NA,NA,NA,NA,NA,NA,NA,NA,NA,NA,NA,84
7,3,24,"Trifolium tridentatum","Trifolium tridentatum","h","Trifolium willdenovii",19810528,"Prevost Island","Canada","British Columbia","Prevost Island",NA,NA,NA,NA,NA,NA,NA,NA,NA,NA,NA,NA,NA,NA,NA,NA,NA,NA,NA,NA,NA,85
7,3,25,"Puccinellia","Puccinellia","h","Puccinellia",19810528,"Prevost Island","Canada","British Columbia","Prevost Island","Puccinellia sp. cf.",NA,NA,NA,NA,NA,NA,NA,NA,NA,NA,NA,NA,NA,NA,NA,"sp. ?",NA,NA,NA,NA,86
7,3,26,"Spergularia canadensis","Spergularia canadensis","h","Spergularia canadensis",19810528,"Prevost Island","Canada","British Columbia","Prevost Island","Spergularia cf. canadensis",NA,NA,NA,NA,NA,NA,NA,NA,NA,NA,NA,NA,NA,NA,NA,"(canadensis?)",NA,NA,NA,NA,87
7,3,27,"Polystichum munitum","Polystichum munitum","h","Polystichum munitum",19810528,"Prevost Island","Canada","British Columbia","Prevost Island",NA,NA,NA,NA,NA,NA,NA,NA,NA,NA,NA,NA,NA,NA,NA,NA,NA,NA,NA,NA,NA,88
7,3,28,"Sanicula crassicaulis","Sanicula crassicaulis","h","Sanicula crassicaulis",19810528,"Prevost Island","Canada","British Columbia","Prevost Island",NA,NA,NA,NA,NA,NA,NA,NA,NA,NA,NA,NA,NA,NA,NA,NA,NA,NA,NA,NA,NA,89
7,3,29,"Fragaria vesca","Fragaria vesca","h","Fragaria vesca",19810528,"Prevost Island","Canada","British Columbia","Prevost Island",NA,NA,NA,NA,NA,NA,NA,NA,NA,NA,NA,NA,NA,NA,NA,NA,NA,NA,NA,NA,NA,90
7,3,30,"Ranunculus repens","Ranunculus repens","h","Ranunculus repens",19810528,"Prevost Island","Canada","British Columbia","Prevost Island",NA,NA,NA,NA,NA,NA,NA,NA,NA,NA,NA,NA,NA,NA,NA,NA,NA,NA,NA,NA,NA,91
7,3,31,"Athyria filix-folia","Athyrium filix-femina","m","Athyrium filix-femina",19810528,"Prevost Island","Canada","British Columbia","Prevost Island",NA,NA,NA,NA,NA,NA,NA,NA,NA,NA,NA,NA,NA,NA,NA,NA,NA,NA,NA,NA,NA,92
7,3,32,"Poa trivialis","Poa trivialis","h","Poa trivialis",19810528,"Prevost Island","Canada","British Columbia","Prevost Island",NA,NA,NA,NA,NA,NA,NA,NA,NA,NA,NA,NA,NA,NA,NA,NA,NA,NA,NA,NA,NA,93
7,3,33,"Alopecurus geniculatus","Alopecurus geniculatus","l","Alopecurus geniculatus",19810528,"Prevost Island","Canada","British Columbia","Prevost Island",NA,NA,NA,NA,NA,NA,NA,NA,NA,NA,NA,NA,NA,NA,NA,NA,NA,NA,NA,NA,"having trouble deciphering taxon name",94
7,3,34,"Juncus bufonius","Juncus bufonius","h","Juncus bufonius",19810528,"Prevost Island","Canada","British Columbia","Prevost Island",NA,NA,NA,NA,NA,NA,NA,NA,NA,NA,NA,NA,NA,NA,NA,NA,NA,NA,NA,NA,NA,95
7,3,35,"Cirsium vulgare","Cirsium vulgare","h","Cirsium vulgare",19810528,"Prevost Island","Canada","British Columbia","Prevost Island",NA,NA,NA,NA,NA,NA,NA,NA,NA,NA,NA,NA,NA,NA,NA,NA,NA,NA,NA,NA,NA,96
7,3,36,"Polygonum aviculare","Polygonum aviculare","h","Polygonum aviculare",19810528,"Prevost Island","Canada","British Columbia","Prevost Island",NA,NA,NA,NA,NA,NA,NA,NA,NA,NA,NA,NA,NA,NA,NA,NA,NA,NA,NA,NA,NA,97
7,4,1,"Rumex crispus","Rumex crispus","h","Rumex crispus",19810528,"Prevost Island","Canada","British Columbia","Prevost Island","Rumex cf. crispus",NA,NA,NA,NA,NA,NA,NA,NA,NA,NA,NA,NA,NA,NA,NA,"specific epithet bracketed",NA,NA,NA,NA,98
7,4,2,"Juncus effusus","Juncus effusus","h","Juncus effusus",19810528,"Prevost Island","Canada","British Columbia","Prevost Island","Juncus effusus cf. var",NA,NA,NA,NA,NA,NA,NA,NA,NA,NA,NA,NA,NA,NA,NA,"no var provided, ""var"" underlined",NA,NA,NA,NA,99
7,4,3,"Alopecuris","Alopecurus","m","Alopecurus",19810528,"Prevost Island","Canada","British Columbia","Prevost Island",NA,NA,NA,NA,NA,NA,NA,NA,NA,NA,NA,NA,NA,NA,NA,NA,"asterisk beside genus name",NA,NA,NA,NA,100
7,4,4,"Sagina procumbens","Sagina procumbens","h","Sagina procumbens",19810528,"Prevost Island","Canada","British Columbia","Prevost Island",NA,NA,NA,NA,NA,NA,NA,NA,NA,NA,NA,NA,NA,NA,NA,NA,NA,NA,NA,NA,NA,101
7,4,5,"Triglochin montinum","Triglochin maritima","m","Triglochin maritima",19810528,"Prevost Island","Canada","British Columbia","Prevost Island",NA,NA,NA,NA,NA,NA,NA,NA,NA,NA,NA,NA,NA,NA,NA,NA,"crossed-out asterisk",NA,NA,NA,NA,102
7,4,6,"Sagina crassicaulis","Sagina crassicaulis","m","Sagina maxima crassicaulis",19810528,"Prevost Island","Canada","British Columbia","Prevost Island",NA,NA,NA,NA,NA,NA,NA,NA,NA,NA,NA,NA,NA,NA,NA,NA,"check mark and asterisk next to taxon name",NA,NA,NA,NA,103
7,4,7,"Centaurium umbellatum","Centaurium umbellatum","m","Centaurium erythraea",19810528,"Prevost Island","Canada","British Columbia","Prevost Island",NA,NA,NA,NA,NA,NA,NA,NA,NA,NA,NA,NA,NA,NA,NA,NA,"Initial genus name bracketed with question mark; arrow pointing to new name",NA,NA,NA,NA,104
7,4,8,"Quercus garryana","Quercus garryana","h","Quercus garryana",19810528,"Prevost Island","Canada","British Columbia","Prevost Island",NA,NA,NA,NA,NA,NA,NA,NA,NA,NA,NA,NA,NA,NA,NA,NA,NA,NA,NA,NA,NA,105
7,4,9,"Holodiscus discolor","Holodiscus discolor","h","Holodiscus discolor",19810528,"Prevost Island","Canada","British Columbia","Prevost Island",NA,NA,NA,NA,NA,NA,NA,NA,NA,NA,NA,NA,NA,NA,NA,NA,NA,NA,NA,NA,NA,106
7,4,10,"Pyrola aphylla","Pyrola aphylla","h","Pyrola aphylla",19810528,"Prevost Island","Canada","British Columbia","Prevost Island",NA,NA,NA,NA,NA,NA,NA,NA,NA,NA,NA,NA,NA,NA,NA,NA,NA,NA,NA,NA,"cannot decipher comment next to name in brackets. Is that a suspected intraspecific epithet?",107
7,4,11,"Poa howellii","Poa howellii","h","Poa howellii",19810528,"Prevost Island","Canada","British Columbia","Prevost Island",NA,NA,NA,NA,NA,NA,NA,NA,NA,NA,NA,NA,NA,NA,NA,NA,"asterisk next to taxon name",NA,NA,NA,NA,108
7,4,12,"Taraxacum officinale","Taraxacum officinale","h","Taraxacum officinale",19810528,"Prevost Island","Canada","British Columbia","Prevost Island",NA,NA,NA,NA,NA,NA,NA,NA,NA,NA,NA,NA,NA,NA,NA,NA,NA,NA,NA,NA,NA,109
7,4,13,"Linnaea borealis","Linnaea borealis","h","Linnaea borealis",19810528,"Prevost Island","Canada","British Columbia","Prevost Island",NA,NA,NA,NA,NA,NA,NA,NA,NA,NA,NA,NA,NA,NA,NA,NA,NA,NA,NA,NA,NA,110
7,4,14,"Montia parvifolia","Montia parvifolia","h","Montia parvifolia",19810528,"Prevost Island","Canada","British Columbia","Prevost Island",NA,NA,NA,NA,NA,NA,NA,NA,NA,NA,NA,NA,NA,NA,NA,NA,NA,NA,NA,NA,NA,111
7,4,15,"Zostera marina","Zostera marina","h","Zostera marina",19810528,"Prevost Island","Canada","British Columbia","Prevost Island",NA,NA,NA,NA,NA,NA,NA,NA,NA,NA,NA,NA,NA,NA,NA,NA,NA,NA,NA,NA,NA,112
7,4,16,"Digitalis purpurea","Digitalis purpurea","h","Digitalis purpurea",19810528,"Prevost Island","Canada","British Columbia","Prevost Island",NA,NA,NA,NA,NA,NA,NA,NA,NA,NA,NA,NA,NA,NA,NA,NA,NA,NA,NA,NA,NA,113
7,4,17,"Holcus lanatus","Holcus lanatus","h","Holcus lanatus",19810528,"Prevost Island","Canada","British Columbia","Prevost Island",NA,NA,NA,NA,NA,NA,NA,NA,NA,NA,NA,NA,NA,NA,NA,NA,NA,NA,NA,NA,NA,114
7,4,18,"Callitriche heterophylla","Callitriche heterophylla","h","Callitriche heterophylla",19810528,"Prevost Island","Canada","British Columbia","Prevost Island",NA,NA,NA,NA,NA,NA,NA,NA,NA,NA,NA,NA,NA,NA,NA,NA,NA,NA,NA,NA,NA,115
7,4,19,"Festuca pratensis","Festuca pratense","m","Festuca pratense",19810528,"Prevost Island","Canada","British Columbia","Prevost Island",NA,NA,NA,NA,NA,NA,NA,NA,NA,NA,NA,NA,NA,NA,NA,NA,NA,NA,NA,NA,NA,116
7,4,20,"Carex pachystachya","Carex pachystachya","h","Carex pachystachya",19810528,"Prevost Island","Canada","British Columbia","Prevost Island",NA,NA,NA,NA,NA,NA,NA,NA,NA,NA,NA,NA,NA,NA,NA,NA,"initially Carex sp., sp. crossed out for specified specific epithet",NA,NA,NA,NA,117
7,4,21,"Orthocarpus pusillus","Orthocarpus pusillus","l","Triphysaria pusilla",19810528,"Prevost Island","Canada","British Columbia","Prevost Island",NA,NA,NA,NA,NA,NA,NA,NA,NA,NA,NA,NA,NA,NA,NA,NA,NA,NA,NA,NA,NA,118
7,4,22,"Abies grandis","Abies grandis","h","Abies grandis",19810528,"Prevost Island","Canada","British Columbia","Prevost Island",NA,NA,NA,NA,NA,NA,NA,NA,NA,NA,NA,NA,NA,NA,NA,NA,NA,NA,NA,NA,NA,119
7,4,23,"Distichlis spicata","Distichlis spicata","h","Distichlis spicata",19810528,"Prevost Island","Canada","British Columbia","Prevost Island",NA,NA,NA,NA,NA,NA,NA,NA,NA,NA,NA,NA,NA,NA,NA,NA,NA,NA,NA,NA,NA,120
7,4,24,"Juncus balticus","Juncus balticus","h","Juncus balticus",19810528,"Prevost Island","Canada","British Columbia","Prevost Island",NA,NA,NA,NA,NA,NA,NA,NA,NA,NA,NA,NA,NA,NA,NA,NA,NA,NA,NA,NA,NA,121
7,4,27,"Myosotis discolor","Myosotis discolor","h","Myosotis discolor",19810528,"Prevost Island","Canada","British Columbia","Prevost Island",NA,NA,NA,NA,NA,NA,NA,NA,NA,NA,NA,NA,NA,NA,NA,NA,NA,NA,NA,NA,NA,122
7,4,28,"Saxifraga cespitosa","Saxifraga cespitosa","m","Saxifraga cespitosa",19810528,"Prevost Island","Canada","British Columbia","Prevost Island",NA,NA,NA,NA,NA,NA,NA,NA,NA,NA,NA,NA,NA,NA,NA,NA,"asterisk next to taxon name",NA,NA,NA,NA,123
7,4,29,"Pachistima myrsinites","Pachistima myrsinites","h","Paxistima myrsinites",19810528,"Prevost Island","Canada","British Columbia","Prevost Island",NA,NA,NA,NA,NA,NA,NA,NA,NA,NA,NA,NA,NA,NA,NA,NA,NA,NA,NA,NA,NA,124
7,4,30,"Aira praecox","Aira praecox","h","Aira praecox",19810528,"Prevost Island","Canada","British Columbia","Prevost Island",NA,NA,NA,NA,NA,NA,NA,NA,NA,NA,NA,NA,NA,NA,NA,NA,NA,NA,NA,NA,NA,125
7,4,32,"Shepherdia canadensis","Shepherdia canadensis","h","Shepherdia canadensis",19810528,"Prevost Island","Canada","British Columbia","Prevost Island",NA,NA,NA,NA,NA,NA,NA,NA,NA,NA,NA,NA,NA,NA,NA,NA,"original genus name corsses out",NA,NA,NA,NA,126
7,4,33,"Carex pensylvanica","Carex pensylvanica","h","Carex pensylvanica",19810528,"Prevost Island","Canada","British Columbia","Prevost Island",NA,NA,NA,NA,NA,NA,NA,NA,NA,NA,NA,NA,NA,NA,NA,NA,NA,NA,NA,NA,NA,127
7,4,34,"Cynosurus cristatus","Cynosurus cristatus","h","Cynosurus cristatus",19810528,"Prevost Island","Canada","British Columbia","Prevost Island",NA,NA,NA,NA,NA,NA,NA,NA,NA,NA,NA,NA,NA,NA,NA,NA,NA,NA,NA,NA,NA,128
7,4,35,"Juncus gracilis","Juncus gracilis","l","Marsippospermum gracile",19810528,"Prevost Island","Canada","British Columbia","Prevost Island",NA,NA,NA,NA,NA,NA,NA,NA,NA,NA,NA,NA,NA,NA,NA,NA,NA,NA,NA,NA,"new species name not found in region",129
7,5,1,"Cirsium arvense","Cirsium arvense","h","Cirsium arvense",19810528,"Prevost Island","Canada","British Columbia","Prevost Island",NA,NA,NA,NA,NA,NA,NA,NA,NA,NA,NA,NA,NA,NA,NA,NA,NA,NA,NA,NA,NA,130
7,5,2,"Myosotis laxa","Myosotis laxa","h","Myosotis laxa",19810528,"Prevost Island","Canada","British Columbia","Prevost Island","Myosotis cf. laxa",NA,NA,NA,NA,NA,NA,NA,NA,NA,NA,NA,NA,NA,NA,NA,"specific epithet bracketed",NA,NA,NA,NA,131
7,5,3,"Rubus discolor","Rubus discolor","h","Rubus armeniacus",19810528,"Prevost Island","Canada","British Columbia","Prevost Island",NA,NA,NA,NA,NA,NA,NA,NA,NA,NA,NA,NA,NA,NA,NA,NA,NA,NA,NA,NA,NA,132
7,5,4,"Veronica americana","Veronica americana","h","Veronica americana",19810528,"Prevost Island","Canada","British Columbia","Prevost Island",NA,NA,NA,NA,NA,NA,NA,NA,NA,NA,NA,NA,NA,NA,NA,NA,NA,NA,NA,NA,NA,133
7,5,5,"Geum macrophyllum","Geum macrophyllum","h","Geum macrophyllum",19810528,"Prevost Island","Canada","British Columbia","Prevost Island",NA,NA,NA,NA,NA,NA,NA,NA,NA,NA,NA,NA,NA,NA,NA,NA,NA,NA,NA,NA,NA,134
7,5,6,"Sherardia arvensis","Sherardia arvensis","h","Sherardia arvensis",19810528,"Prevost Island","Canada","British Columbia","Prevost Island",NA,NA,NA,NA,NA,NA,NA,NA,NA,NA,NA,NA,NA,NA,NA,NA,NA,NA,NA,NA,NA,135
7,5,7,"Allium cernuum","Allium cernuum","h","Allium cernuum",19810528,"Prevost Island","Canada","British Columbia","Prevost Island",NA,NA,NA,NA,NA,NA,NA,NA,NA,NA,NA,NA,NA,NA,NA,NA,NA,NA,NA,NA,NA,136
7,5,8,"Carex deweyana","Carex deweyana","h","Carex deweyana",19810528,"Prevost Island","Canada","British Columbia","Prevost Island",NA,NA,NA,NA,NA,NA,NA,NA,NA,NA,NA,NA,NA,NA,NA,NA,NA,NA,NA,NA,NA,137
7,5,9,"Festuca subuliflora","Festuca subuliflora","h","Festuca subuliflora",19810528,"Prevost Island","Canada","British Columbia","Prevost Island",NA,NA,NA,NA,NA,NA,NA,NA,NA,NA,NA,NA,NA,NA,NA,NA,NA,NA,NA,NA,NA,138
7,5,10,"Lotus corniculatus","Lotus corniculatus","h","Lotus corniculatus",19810528,"Prevost Island","Canada","British Columbia","Prevost Island",NA,NA,NA,NA,NA,NA,NA,NA,NA,NA,NA,NA,NA,NA,NA,NA,NA,NA,NA,NA,NA,139
7,5,11,"Selaginella wallacei","Selaginella wallacei","m","Selaginella wallacei",19810528,"Prevost Island","Canada","British Columbia","Prevost Island",NA,NA,NA,NA,NA,NA,NA,NA,NA,NA,NA,NA,NA,NA,NA,NA,NA,NA,NA,NA,NA,140
7,5,12,"Mimulus guttatus","Mimulus guttatus","h","Erythranthe guttata",19810528,"Prevost Island","Canada","British Columbia","Prevost Island",NA,NA,NA,NA,NA,NA,NA,NA,NA,NA,NA,NA,NA,NA,NA,NA,NA,NA,NA,NA,NA,141
7,5,13,"Pityrogramma triangularis","Pityrogramma triangularis","h","Pentagramma triangularis",19810528,"Prevost Island","Canada","British Columbia","Prevost Island",NA,NA,NA,NA,NA,NA,NA,NA,NA,NA,NA,NA,NA,NA,NA,NA,NA,NA,NA,NA,NA,142
7,5,14,"Mimulus alsinoides","Mimulus alsinoides","m","Erythranthe alsinoides",19810528,"Prevost Island","Canada","British Columbia","Prevost Island",NA,NA,NA,NA,NA,NA,NA,NA,NA,NA,NA,NA,NA,NA,NA,NA,NA,NA,NA,NA,NA,143
7,5,15,"Monotropa uniflora","Monotropa uniflora","h","Monotropa uniflora",19810528,"Prevost Island","Canada","British Columbia","Prevost Island",NA,NA,NA,NA,NA,NA,NA,NA,NA,NA,NA,NA,NA,NA,NA,NA,NA,NA,NA,NA,NA,144
7,5,16,"Chimaphila umbellata","Chimaphila umbellata","h","Chimaphila umbellata",19810528,"Prevost Island","Canada","British Columbia","Prevost Island",NA,NA,NA,NA,NA,NA,NA,NA,NA,NA,NA,NA,NA,NA,NA,NA,NA,NA,NA,NA,NA,145
7,5,17,"Carex lyngbyei","Carex lyngbyei","h","Carex lyngbyei",19810528,"Prevost Island","Canada","British Columbia","Prevost Island",NA,NA,NA,NA,NA,NA,NA,NA,NA,NA,NA,NA,NA,NA,NA,NA,NA,NA,NA,NA,NA,146
7,5,18,"Arabis glabra","Arabis glabra","h","Arabis glabra",19810528,"Prevost Island","Canada","British Columbia","Prevost Island",NA,NA,NA,NA,NA,NA,NA,NA,NA,NA,NA,NA,NA,NA,NA,NA,NA,NA,NA,NA,NA,147
7,5,19,"Pyrus fusca","Pyrus fusca","h","Malus fusca",19810528,"Prevost Island","Canada","British Columbia","Prevost Island",NA,NA,NA,NA,NA,NA,NA,NA,NA,NA,NA,NA,NA,NA,NA,NA,NA,NA,NA,NA,NA,148
7,5,20,"Hypericum anagalloides","Hypericum anagalloides","h","Hypericum anagalloides",19810528,"Prevost Island","Canada","British Columbia","Prevost Island",NA,NA,NA,NA,NA,NA,NA,NA,NA,NA,NA,NA,NA,NA,NA,NA,NA,NA,NA,NA,NA,149
7,5,21,"Mentha arvense","Mentha arvensis","h","Mentha arvensis",19810528,"Prevost Island","Canada","British Columbia","Prevost Island",NA,NA,NA,NA,NA,NA,NA,NA,NA,NA,NA,NA,NA,NA,NA,NA,NA,NA,NA,NA,NA,150
7,5,22,"Urtica dioica","Urtica dioica","h","Urtica dioica",19810528,"Prevost Island","Canada","British Columbia","Prevost Island",NA,NA,NA,NA,NA,NA,NA,NA,NA,NA,NA,NA,NA,NA,NA,NA,NA,NA,NA,NA,NA,151
7,5,23,"Alnus rubra","Alnus rubra","h","Alnus rubra",19810528,"Prevost Island","Canada","British Columbia","Prevost Island",NA,NA,NA,NA,NA,NA,NA,NA,NA,NA,NA,NA,NA,NA,NA,NA,NA,NA,NA,NA,NA,152
7,5,24,"Stellaria crispa","Stellaria crispa","h","Stellaria crispa",19810528,"Prevost Island","Canada","British Columbia","Prevost Island",NA,NA,NA,NA,NA,NA,NA,NA,NA,NA,NA,NA,NA,NA,NA,NA,NA,NA,NA,NA,NA,153
7,5,25,"Trifolium microcephalum","Trifolium microcephalum","h","Trifolium microcephalum",19810528,"Prevost Island","Canada","British Columbia","Prevost Island",NA,NA,NA,NA,NA,NA,NA,NA,NA,NA,NA,NA,NA,NA,NA,NA,NA,NA,NA,NA,NA,154
7,5,26,"Lepidium virginicum","Lepidium virginicum","h","Lepidium virginicum",19810528,"Prevost Island","Canada","British Columbia","Prevost Island",NA,NA,NA,NA,NA,NA,NA,NA,NA,NA,NA,NA,NA,NA,NA,NA,NA,NA,NA,NA,NA,155
7,5,27,"Taxus brevifolia","Taxus brevifolia","h","Taxus brevifolia",19810528,"Prevost Island","Canada","British Columbia","Prevost Island",NA,NA,NA,NA,NA,NA,NA,NA,NA,NA,NA,NA,NA,NA,NA,NA,NA,NA,NA,NA,NA,156
7,5,28,"Eriophyllum lanatum","Eriophyllum lanatum","h","Eriophyllum lanatum",19810528,"Prevost Island","Canada","British Columbia","Prevost Island",NA,NA,NA,NA,NA,NA,NA,NA,NA,NA,NA,NA,NA,NA,NA,NA,NA,NA,NA,NA,NA,157
7,5,29,"Sonchus asper","Sonchus asper","h","Sonchus asper",19810528,"Prevost Island","Canada","British Columbia","Prevost Island",NA,NA,NA,NA,NA,NA,NA,NA,NA,NA,NA,NA,NA,NA,NA,NA,NA,NA,NA,NA,NA,158
7,5,30,"Clarkia amoena","Clarkia amoena","h","Clarkia amoena",19810528,"Prevost Island","Canada","British Columbia","Prevost Island",NA,NA,NA,NA,NA,NA,NA,NA,NA,NA,NA,NA,NA,NA,NA,NA,NA,NA,NA,NA,NA,159
7,5,31,"Agoseris grandiflora","Agoseris grandiflora","h","Agoseris grandiflora",19810528,"Prevost Island","Canada","British Columbia","Prevost Island",NA,NA,NA,NA,NA,NA,NA,NA,NA,NA,NA,NA,NA,NA,NA,NA,NA,NA,NA,NA,NA,160
7,5,32,"Hypochaeris glabra","Hypochaeris glabra","h","Hypochaeris glabra",19810528,"Prevost Island","Canada","British Columbia","Prevost Island",NA,NA,NA,NA,NA,NA,NA,NA,NA,NA,NA,NA,NA,NA,NA,NA,NA,NA,NA,NA,NA,161
7,5,33,"Tsuga heterophylla","Tsuga heterophylla","h","Tsuga heterophylla",19810528,"Prevost Island","Canada","British Columbia","Prevost Island",NA,NA,NA,NA,NA,NA,NA,NA,NA,NA,NA,NA,NA,NA,NA,NA,NA,NA,NA,NA,NA,162
7,5,34,"Trifolium oliganthum","Trifolium oliganthum","h","Trifolium oliganthum",19810528,"Prevost Island","Canada","British Columbia","Prevost Island",NA,NA,NA,NA,NA,NA,NA,NA,NA,NA,NA,NA,NA,NA,NA,NA,NA,NA,NA,NA,NA,163
7,5,35,"Arctium minus","Arctium minus","h","Arctium minus",19810528,"Prevost Island","Canada","British Columbia","Prevost Island",NA,NA,NA,NA,NA,NA,NA,NA,NA,NA,NA,NA,NA,NA,NA,NA,NA,NA,NA,NA,NA,164
7,5,36,"Spergularia rubra","Spergularia rubra","h","Spergularia rubra",19810528,"Prevost Island","Canada","British Columbia","Prevost Island",NA,NA,NA,NA,NA,NA,NA,NA,NA,NA,NA,NA,NA,NA,NA,NA,NA,NA,NA,NA,NA,165
7,6,1,"Rosa nutkana","Rosa nutkana","h","Rosa nutkana",19810528,"Prevost Island","Canada","British Columbia","Prevost Island",NA,NA,NA,NA,NA,NA,NA,NA,NA,NA,NA,NA,NA,NA,NA,NA,NA,NA,NA,NA,NA,166
7,6,2,"Gnaphalium uliginosum","Gnaphalium uliginosum","m","Gnaphalium uliginosum",19810528,"Prevost Island","Canada","British Columbia","Prevost Island",NA,NA,NA,NA,NA,NA,NA,NA,NA,NA,NA,NA,NA,NA,NA,NA,NA,NA,NA,NA,NA,167
7,6,4,"Lemna minor","Lemna minor","h","Lemna minor",19810528,"Prevost Island","Canada","British Columbia","Prevost Island",NA,NA,NA,NA,NA,NA,NA,NA,NA,NA,NA,NA,NA,NA,NA,NA,NA,NA,NA,NA,NA,168
7,6,5,"Ranunculus aquariatum","Ranunculus aquatilis","m","Ranunculus aquatilis",19810528,"Prevost Island","Canada","British Columbia","Prevost Island",NA,NA,NA,NA,NA,NA,NA,NA,NA,NA,NA,NA,NA,NA,NA,NA,NA,NA,NA,NA,NA,169
7,6,6,"Prunus emarginata","Prunus emarginata","h","Prunus emarginata",19810528,"Prevost Island","Canada","British Columbia","Prevost Island",NA,NA,NA,NA,NA,NA,NA,NA,NA,NA,NA,NA,NA,NA,NA,NA,NA,NA,NA,NA,NA,170
7,6,7,"Adenocaulon bicolor","Adenocaulon bicolor","h","Adenocaulon bicolor",19810528,"Prevost Island","Canada","British Columbia","Prevost Island",NA,NA,NA,NA,NA,NA,NA,NA,NA,NA,NA,NA,NA,NA,NA,NA,NA,NA,NA,NA,NA,171
7,6,8,"Satureja douglasii","Satureja douglasii","h","Clinopodium douglasii",19810528,"Prevost Island","Canada","British Columbia","Prevost Island",NA,NA,NA,NA,NA,NA,NA,NA,NA,NA,NA,NA,NA,NA,NA,NA,"originally recorded as Yerba buena, crossed out",NA,NA,NA,NA,172
7,6,9,"Achlys triphylla","Achlys triphylla","h","Achlys triphylla",19810528,"Prevost Island","Canada","British Columbia","Prevost Island",NA,NA,NA,NA,NA,NA,NA,NA,NA,NA,NA,NA,NA,NA,NA,NA,NA,NA,NA,NA,NA,173
7,6,10,"Populus tremuloides","Populus tremuloides","h","Populus tremuloides",19810528,"Prevost Island","Canada","British Columbia","Prevost Island",NA,NA,NA,NA,NA,NA,NA,NA,NA,NA,NA,NA,NA,NA,NA,NA,NA,NA,NA,NA,NA,174
7,6,11,"Typha latifolia","Typha latifolia","h","Typha latifolia",19810528,"Prevost Island","Canada","British Columbia","Prevost Island",NA,NA,NA,NA,NA,NA,NA,NA,NA,NA,NA,NA,NA,NA,NA,NA,NA,NA,NA,NA,NA,175
7,6,12,"Eleocharis palustris","Eleocharis palustris","h","Eleocharis palustris",19810528,"Prevost Island","Canada","British Columbia","Prevost Island",NA,NA,NA,NA,NA,NA,NA,NA,NA,NA,NA,NA,NA,NA,NA,NA,"originally recorded as Spike rush, crossed out",NA,NA,NA,NA,176
7,6,13,"Veronica officinalis","Veronica officinalis","h","Veronica officinalis",19810528,"Prevost Island","Canada","British Columbia","Prevost Island",NA,NA,NA,NA,NA,NA,NA,NA,NA,NA,NA,NA,NA,NA,NA,NA,NA,NA,NA,NA,NA,177
7,6,15,"Ranunculus flammula","Ranunculus flammula","h","Ranunculus flammula",19810528,"Prevost Island","Canada","British Columbia","Prevost Island",NA,NA,NA,NA,NA,NA,NA,NA,NA,NA,NA,NA,NA,NA,NA,NA,NA,NA,NA,NA,NA,178
7,6,16,"Campanula scouleri","Campanula scouleri","h","Campanula scouleri",19810528,"Prevost Island","Canada","British Columbia","Prevost Island",NA,NA,NA,NA,NA,NA,NA,NA,NA,NA,NA,NA,NA,NA,NA,NA,NA,NA,NA,NA,NA,179
7,6,17,"Acer glabrum","Acer glabrum","h","Acer glabrum",19810528,"Prevost Island","Canada","British Columbia","Prevost Island",NA,NA,NA,NA,NA,NA,NA,NA,NA,NA,NA,NA,NA,NA,NA,NA,NA,NA,NA,NA,NA,180
7,6,18,"Rubus armeniacus","Rubus armeniacus","h","Rubus armeniacus",19810528,"Prevost Island","Canada","British Columbia","Prevost Island",NA,NA,NA,NA,NA,NA,NA,NA,NA,NA,NA,NA,NA,NA,NA,NA,NA,NA,NA,NA,NA,181
7,6,19,"Stellaria media","Stellaria media","h","Stellaria media",19810528,"Prevost Island","Canada","British Columbia","Prevost Island",NA,NA,NA,NA,NA,NA,NA,NA,NA,NA,NA,NA,NA,NA,NA,NA,NA,NA,NA,NA,NA,182
7,6,20,"Myriophyllum","Myriophyllum","h","Myriophyllum",19810528,"Prevost Island","Canada","British Columbia","Prevost Island","Myriophyllum cf. sp.",NA,NA,NA,NA,NA,NA,NA,NA,NA,NA,NA,NA,NA,NA,NA,"sp. Bracketed",NA,NA,NA,NA,183
7,6,21,"Potamogeton natans","Potamogeton natans","h","Potamogeton natans",19810528,"Prevost Island","Canada","British Columbia","Prevost Island",NA,NA,NA,NA,NA,NA,NA,NA,NA,NA,NA,NA,NA,NA,NA,NA,NA,NA,NA,NA,NA,184
7,6,22,"Cardamine pensylvanica","Cardamine pensylvanica","h","Cardamine pensylvanica",19810528,"Prevost Island","Canada","British Columbia","Prevost Island",NA,NA,NA,NA,NA,NA,NA,NA,NA,NA,NA,NA,NA,NA,NA,NA,NA,NA,NA,NA,NA,185
7,6,23,"Berberis aquifolium","Berberis aquifolium","h","Berberis aquifolium",19810528,"Prevost Island","Canada","British Columbia","Prevost Island",NA,NA,NA,NA,NA,NA,NA,NA,NA,NA,NA,NA,NA,NA,NA,NA,NA,NA,NA,NA,NA,186
7,6,24,"Lathyrus nevadensis","Lathyrus nevadensis","h","Lathyrus nevadensis",19810528,"Prevost Island","Canada","British Columbia","Prevost Island",NA,NA,NA,NA,NA,NA,NA,NA,NA,NA,NA,NA,NA,NA,NA,NA,NA,NA,NA,NA,NA,187
7,6,25,"Ranunculus acris","Ranunculus acris","h","Ranunculus acris",19810528,"Prevost Island","Canada","British Columbia","Prevost Island",NA,NA,NA,NA,NA,NA,NA,NA,NA,NA,NA,NA,NA,NA,NA,NA,NA,NA,NA,NA,NA,188
7,6,26,"Anthriscus scandicina","Anthriscus scandicina","h","Anthriscus caucalis",19810528,"Prevost Island","Canada","British Columbia","Prevost Island",NA,NA,NA,NA,NA,NA,NA,NA,NA,NA,NA,NA,NA,NA,NA,NA,"asterisk beside taxon name; originally Umbellifera?",NA,NA,NA,NA,189
7,6,27,"Phleum pratense","Phleum pratense","h","Phleum pratense",19810528,"Prevost Island","Canada","British Columbia","Prevost Island",NA,NA,NA,NA,NA,NA,NA,NA,NA,NA,NA,NA,NA,NA,NA,NA,NA,NA,NA,NA,NA,190
7,6,28,"Nuphar polysepala","Nuphar polysepala","h","Nuphar polysepala",19810528,"Prevost Island","Canada","British Columbia","Prevost Island",NA,NA,NA,NA,NA,NA,NA,NA,NA,NA,NA,NA,NA,NA,NA,NA,NA,NA,NA,NA,NA,191
7,6,29,"Galium trifidum","Galium trifidum","h","Galium trifidum",19810528,"Prevost Island","Canada","British Columbia","Prevost Island",NA,NA,NA,NA,NA,NA,NA,NA,NA,NA,NA,NA,NA,NA,NA,NA,NA,NA,NA,NA,NA,192
7,6,30,"Carex obnupta","Carex obnupta","h","Carex obnupta",19810528,"Prevost Island","Canada","British Columbia","Prevost Island",NA,NA,NA,NA,NA,NA,NA,NA,NA,NA,NA,NA,NA,NA,NA,NA,NA,NA,NA,NA,NA,193
7,6,31,"Equisetum arvense","Equisetum arvense","h","Equisetum arvense",19810528,"Prevost Island","Canada","British Columbia","Prevost Island",NA,NA,NA,NA,NA,NA,NA,NA,NA,NA,NA,NA,NA,NA,NA,NA,NA,NA,NA,NA,NA,194
7,6,32,"Veronica scutellata","Veronica scutellata","h","Veronica scutellata",19810528,"Prevost Island","Canada","British Columbia","Prevost Island",NA,NA,NA,NA,NA,NA,NA,NA,NA,NA,NA,NA,NA,NA,NA,NA,NA,NA,NA,NA,NA,195
7,6,33,"Goodyera oblongifolia","Goodyera oblongifolia","h","Goodyera oblongifolia",19810528,"Prevost Island","Canada","British Columbia","Prevost Island",NA,NA,NA,NA,NA,NA,NA,NA,NA,NA,NA,NA,NA,NA,NA,NA,NA,NA,NA,NA,NA,196
7,6,34,"Arenaria macrophylla","Arenaria macrophylla","h","Moehringia macrophylla",19810528,"Prevost Island","Canada","British Columbia","Prevost Island",NA,NA,NA,NA,NA,NA,NA,NA,NA,NA,NA,NA,NA,NA,NA,NA,NA,NA,NA,NA,NA,197
7,6,35,"Arabis hirsuta","Arabis hirsuta","l","Arabis hirsuta",19810528,"Prevost Island","Canada","British Columbia","Prevost Island",NA,NA,NA,NA,NA,NA,NA,NA,NA,NA,NA,NA,NA,NA,NA,NA,NA,NA,NA,NA,"very rare in area, maybe I did not decipher name right?",198
7,7,1,"Elymus mollis","Elymus mollis","h","Leymus mollis",19810528,"small island on east end of Prevost Island","Canada","British Columbia","Prevost Island",NA,NA,NA,NA,NA,NA,NA,NA,NA,NA,NA,NA,NA,NA,NA,NA,NA,NA,NA,NA,NA,199
7,7,2,"Plectritis congesta","Plectritis congesta","h","Plectritis congesta",19810528,"small island on east end of Prevost Island","Canada","British Columbia","Prevost Island",NA,NA,NA,NA,NA,NA,NA,NA,NA,NA,NA,NA,NA,NA,NA,NA,NA,NA,NA,NA,NA,200
7,7,3,"Sedum lanceolatum","Sedum lanceolatum","h","Sedum lanceolatum",19810528,"small island on east end of Prevost Island","Canada","British Columbia","Prevost Island",NA,NA,NA,NA,NA,NA,NA,NA,NA,NA,NA,NA,NA,NA,NA,NA,NA,NA,NA,NA,NA,201
7,7,4,"Vicia americana","Vicia americana","h","Vicia americana",19810528,"small island on east end of Prevost Island","Canada","British Columbia","Prevost Island",NA,NA,NA,NA,NA,NA,NA,NA,NA,NA,NA,NA,NA,NA,NA,NA,NA,NA,NA,NA,NA,202
7,7,5,"Camassia leichtlinii","Camassia leichtlinii","h","Camassia leichtlinii",19810528,"small island on east end of Prevost Island","Canada","British Columbia","Prevost Island",NA,NA,NA,NA,NA,NA,NA,NA,NA,NA,NA,NA,NA,NA,NA,NA,NA,NA,NA,NA,NA,203
7,7,6,"Zygadenus venenosus","Zygadenus venenosus","h","Toxicoscordion venenosum",19810528,"on islands to south of Prevost Island","Canada","British Columbia","Prevost Island",NA,NA,NA,NA,NA,NA,NA,NA,NA,NA,NA,NA,NA,NA,NA,NA,NA,NA,NA,NA,NA,204
7,7,8,"Lychnis coronaria","Lychnis coronaria","h","Silene coronaria",19810528,"North East point of Prevost Island","Canada","British Columbia","Prevost Island",NA,NA,NA,NA,NA,NA,NA,NA,NA,NA,NA,NA,NA,NA,NA,NA,"spreading",NA,NA,NA,NA,205
7,7,10,"Listera cordata","Listera cordata","h","Neottia cordata",19810528,"North East point of Prevost Island","Canada","British Columbia","Prevost Island",NA,NA,NA,NA,NA,NA,NA,NA,NA,NA,NA,NA,NA,NA,NA,NA,NA,NA,NA,NA,NA,206
7,7,11,"Vinca major","Vinca major","h","Vinca major",19810528,"North East point of Prevost Island","Canada","British Columbia","Prevost Island",NA,NA,NA,NA,NA,NA,"around old light keepers house",NA,NA,NA,NA,NA,NA,NA,"persistant","qualitative","varigated",NA,NA,NA,NA,207
7,7,12,"Sedum album","Sedum album","h","Sedum album",19810528,"North East point of Prevost Island","Canada","British Columbia","Prevost Island",NA,NA,NA,NA,NA,NA,"around old light keepers house",NA,NA,NA,NA,NA,NA,NA,"persistant","qualitative",NA,NA,NA,NA,NA,208
7,7,13,"Santolina chamaecyparissus","Santolina chamaecyparissus","h","Santolina chamaecyparissus",19810528,"North East point of Prevost Island","Canada","British Columbia","Prevost Island",NA,NA,NA,NA,NA,NA,"around old light keepers house",NA,NA,NA,NA,NA,NA,NA,"persistant","qualitative",NA,NA,NA,NA,NA,209
7,7,14,"Hypericum calycinum","Hypericum calycinum","h","Hypericum calycinum",19810528,"North East point of Prevost Island","Canada","British Columbia","Prevost Island",NA,NA,NA,NA,NA,NA,"around old light keepers house",NA,NA,NA,NA,NA,NA,NA,"persistant","qualitative",NA,NA,NA,NA,NA,210
7,7,15,"Cytisus scoparius","Cytisus scoparius","h","Cytisus scoparius",19810528,"North East point of Prevost Island","Canada","British Columbia","Prevost Island",NA,NA,NA,NA,NA,NA,"around old light keepers house",NA,NA,NA,NA,NA,NA,NA,"1","individuals","single at sea edge",NA,NA,NA,NA,211
7,7,17,"Myriophyllum","Myriophyllum","h","Myriophyllum",19810528,"North East point of Prevost Island","Canada","British Columbia","Prevost Island","Myriophyllum cf. sp.",NA,NA,NA,NA,NA,"around old light keepers house",NA,NA,NA,NA,NA,NA,NA,NA,NA,NA,NA,NA,NA,NA,212
7,8,1,"Artemisia campestris","Artemisia campestris","h","Artemisia campestris",19810527,"Saturna Island; Monarch head","Canada","British Columbia","Saturna Island",NA,NA,NA,NA,NA,NA,NA,NA,NA,NA,NA,NA,NA,NA,NA,NA,NA,NA,NA,NA,NA,213
7,8,2,"Trifolium macraei","Trifolium macraei","h","Trifolium macraei",19810527,"Saturna Island; Monarch head","Canada","British Columbia","Saturna Island",NA,NA,NA,NA,NA,NA,NA,NA,NA,NA,NA,NA,NA,NA,NA,NA,"lots at M. h.",NA,NA,NA,NA,214
7,8,3,"Saxifraga caespitosa","Saxifraga caespitosa","h","Saxifraga cespitosa",19810527,"Saturna Island; Cactus Point","Canada","British Columbia","Saturna Island",NA,NA,NA,NA,NA,NA,NA,NA,NA,NA,NA,NA,NA,NA,NA,NA,NA,NA,NA,NA,NA,215
7,8,4,"Sedum","Sedum","h","Sedum",19810610,"North Pender Island; Port Washington; George Hill area","Canada","British Columbia","North Pender Island",NA,NA,NA,NA,"Taxus brevifolia, Juncus bufonius, Deschampsia elongata, Geranium carolinianum, Silene coronaria, Montia sibirica, Lepidium virginicum, Alopecurus geniculatus, Physocarpus capitatus","1947, 1948, 1949, 1950, 1951, 1952, 1953, 1954, 1955",NA,NA,NA,NA,NA,NA,NA,NA,NA,NA,"asst planted (underlined), well established",NA,NA,NA,NA,216
7,8,5,"Papaver orientale","Papaver orientale","h","Papaver orientale",19810610,"North Pender Island; Port Washington; George Hill area","Canada","British Columbia","North Pender Island",NA,NA,NA,NA,"Taxus brevifolia, Juncus bufonius, Deschampsia elongata, Geranium carolinianum, Silene coronaria, Montia sibirica, Lepidium virginicum, Alopecurus geniculatus, Physocarpus capitatus","1947, 1948, 1949, 1950, 1951, 1952, 1953, 1954, 1955",NA,NA,NA,NA,NA,NA,NA,NA,NA,NA,"asst planted (underlined), not much spreading",NA,NA,NA,NA,217
7,8,6,"Papaver somniferum","Papaver somniferum","h","Papaver somniferum",19810610,"North Pender Island; Port Washington; George Hill area","Canada","British Columbia","North Pender Island",NA,NA,NA,NA,"Taxus brevifolia, Juncus bufonius, Deschampsia elongata, Geranium carolinianum, Silene coronaria, Montia sibirica, Lepidium virginicum, Alopecurus geniculatus, Physocarpus capitatus","1947, 1948, 1949, 1950, 1951, 1952, 1953, 1954, 1955",NA,NA,NA,NA,NA,NA,NA,NA,NA,NA,"asst planted (underlined), not much spreading",NA,NA,NA,NA,218
7,8,7,"Calendula","Calendula","h","Calendula",19810610,"North Pender Island; Port Washington; George Hill area","Canada","British Columbia","North Pender Island",NA,NA,NA,NA,"Taxus brevifolia, Juncus bufonius, Deschampsia elongata, Geranium carolinianum, Silene coronaria, Montia sibirica, Lepidium virginicum, Alopecurus geniculatus, Physocarpus capitatus","1947, 1948, 1949, 1950, 1951, 1952, 1953, 1954, 1955",NA,NA,NA,NA,NA,NA,NA,NA,NA,NA,"asst planted (underlined), not much spreading",NA,NA,NA,NA,219
7,8,8,"Oenothera","Oenothera","h","Oenothera",19810610,"North Pender Island; Port Washington; George Hill area","Canada","British Columbia","North Pender Island",NA,NA,NA,NA,"Taxus brevifolia, Juncus bufonius, Deschampsia elongata, Geranium carolinianum, Silene coronaria, Montia sibirica, Lepidium virginicum, Alopecurus geniculatus, Physocarpus capitatus","1947, 1948, 1949, 1950, 1951, 1952, 1953, 1954, 1955",NA,NA,NA,NA,NA,NA,NA,NA,NA,NA,"asst planted (underlined), not much spreading",NA,NA,NA,NA,220
7,9,1,"Sedum albus","Sedum album","h","Sedum album",19810610,"North Pender Island; Port Washington; George Hill area","Canada","British Columbia","North Pender Island",NA,NA,NA,"sea side","Taxus brevifolia, Juncus bufonius, Deschampsia elongata, Geranium carolinianum, Silene coronaria, Montia sibirica, Lepidium virginicum, Alopecurus geniculatus, Physocarpus capitatus","1947, 1948, 1949, 1950, 1951, 1952, 1953, 1954, 1955","around dock",NA,NA,NA,NA,NA,NA,NA,NA,NA,"around dock",NA,NA,NA,NA,221
7,10,1,"Juncus acuminatus","Juncus acuminatus","h","Juncus acuminatus",19810615,"North Pender Island; Port Washington","Canada","British Columbia","North Pender Island","Juncus c.f. acuminatus",NA,NA,"wet meadow","Stellaria calycantha, Daphne laureola, Hypochaeris radicata, Pyrola asarifolia, Sanguisorba minor, Veronica serpyllifolia, Trifolium campestre, Polygonum spergulariiforme, Brodia coronaria,  Lupinus bicolor, Agoseris heterophylla, Festuca rubra litoralis, Triteleia hyacinthina, Potentilla gracilis, Anthemis arvensis, Carex aurea, Lotus corniculatus","1956, 1957, 1958, 1959, 1960, 1961, 1962, 1963, 1964, 1965, 1966, 1967, 1968, 1969, 1970, 1971, 1972",NA,NA,NA,NA,NA,NA,NA,NA,NA,NA,"several species of rush poss Juncus acuminatus",NA,NA,NA,NA,222
7,10,2,"Juncus gracilis","Juncus gracilis","h","Marsippospermum gracile",19810615,"North Pender Island; Port Washington","Canada","British Columbia","North Pender Island",NA,NA,NA,"wet meadow","Stellaria calycantha, Daphne laureola, Hypochaeris radicata, Pyrola asarifolia, Sanguisorba minor, Veronica serpyllifolia, Trifolium campestre, Polygonum spergulariiforme, Brodia coronaria,  Lupinus bicolor, Agoseris heterophylla, Festuca rubra litoralis, Triteleia hyacinthina, Potentilla gracilis, Anthemis arvensis, Carex aurea, Lotus corniculatus","1956, 1957, 1958, 1959, 1960, 1961, 1962, 1963, 1964, 1965, 1966, 1967, 1968, 1969, 1970, 1971, 1972",NA,NA,NA,NA,NA,NA,NA,NA,NA,NA,NA,NA,NA,NA,"uncertain of updated name",223
7,10,4,"Myriophyllum","Myriophyllum","h","Myriophyllum",19810619,"North Pender Island; Magic Lake Horse","Canada","British Columbia","North Pender Island",NA,NA,NA,NA,NA,NA,NA,NA,NA,NA,NA,NA,NA,NA,NA,NA,NA,NA,NA,NA,NA,224
7,10,5,"Lotus corniculatus","Lotus corniculatus","h","Lotus corniculatus",19810619,"North Pender Island; Ross Smith fields","Canada","British Columbia","North Pender Island",NA,NA,NA,NA,NA,NA,NA,NA,NA,NA,NA,NA,NA,NA,"abundant","qualitative",NA,NA,NA,NA,NA,225
7,11,1,"Polygonum coccineum","Polygonum coccineum","h","Persicaria amphibia emersa",19810619,"North Pender Island; fen below Magic Lake","Canada","British Columbia","North Pender Island","c.f. Polygonum coccineum",NA,NA,"fen","Tragopogon porrifolius, Medicago lupulina, Sisyrinchium angustifolium, Centaurea nigra, Carex oederi, Pinus contorta, Populus balsamifera, Sisyrinchium palmifolium palmifolium","1977, 1978, 1979, 1980, 1981, 1982, 1983, 1984",NA,NA,NA,NA,NA,NA,NA,NA,NA,NA,"taxon name underlined",NA,NA,NA,NA,226
7,11,2,"Hippuris vulgaris","Hippuris vulgaris","h","Hippuris vulgaris",19810619,"North Pender Island; fen below Magic Lake","Canada","British Columbia","North Pender Island",NA,NA,NA,"fen","Tragopogon porrifolius, Medicago lupulina, Sisyrinchium angustifolium, Centaurea nigra, Carex oederi, Pinus contorta, Populus balsamifera, Sisyrinchium palmifolium palmifolium","1977, 1978, 1979, 1980, 1981, 1982, 1983, 1984",NA,NA,NA,NA,NA,NA,NA,NA,NA,NA,NA,NA,NA,NA,NA,227
7,11,3,"Lycopus","Lycopus","h","Lycopus",19810619,"North Pender Island; fen below Magic Lake","Canada","British Columbia","North Pender Island",NA,NA,NA,"fen","Tragopogon porrifolius, Medicago lupulina, Sisyrinchium angustifolium, Centaurea nigra, Carex oederi, Pinus contorta, Populus balsamifera, Sisyrinchium palmifolium palmifolium","1977, 1978, 1979, 1980, 1981, 1982, 1983, 1984",NA,NA,NA,NA,NA,NA,NA,NA,NA,NA,"recheck",NA,NA,NA,NA,228
7,11,4,"Juncus balticus- filiformis","Juncus balticus filiformis","h","Juncus balticus filiformis",19810619,"North Pender Island; fen below Magic Lake","Canada","British Columbia","North Pender Island",NA,NA,NA,"fen","Tragopogon porrifolius, Medicago lupulina, Sisyrinchium angustifolium, Centaurea nigra, Carex oederi, Pinus contorta, Populus balsamifera, Sisyrinchium palmifolium palmifolium","1977, 1978, 1979, 1980, 1981, 1982, 1983, 1984",NA,NA,NA,NA,NA,NA,NA,NA,NA,NA,"recheck",NA,NA,NA,NA,229
7,12,1,"Crataegus douglasii","Crataegus douglasii","h","Crataegus douglasii",19810707,"Galiano Island; near G. lodge","Canada","British Columbia","Galiano Island",NA,NA,NA,NA,NA,NA,NA,NA,NA,NA,NA,NA,NA,NA,NA,NA,NA,NA,NA,NA,NA,230
7,12,2,"Eschscholzia californica","Eschscholzia californica","h","Eschscholzia californica",19810707,"Galiano Island; Sturdies Bay","Canada","British Columbia","Galiano Island",NA,NA,NA,NA,NA,NA,NA,NA,NA,NA,NA,NA,NA,NA,NA,NA,NA,NA,NA,NA,NA,231
7,12,3,"Conioselinum pacificum","Conioselinum pacificum","h","Conioselinum gmelinii",19810707,"Galiano Island; [lain penn.]?","Canada","British Columbia","Galiano Island",NA,NA,NA,NA,NA,NA,NA,NA,NA,NA,NA,NA,NA,NA,NA,NA,NA,NA,NA,NA,NA,232
7,12,4,"Hypericum calycinum","Hypericum calycinum","h","Hypericum calycinum",19810707,"Galiano Island","Canada","British Columbia","Galiano Island",NA,NA,NA,NA,NA,NA,"on slope above [short cut]? to ferry",NA,NA,NA,NA,NA,NA,NA,NA,NA,"well established",NA,NA,NA,NA,233
7,17,1,"Anagallis arvensis","Anagallis arvensis","m","Anagallis arvensis",19810718,"Saturna Island; free school","Canada","British Columbia","Saturna Island",NA,NA,NA,NA,"Persicaria lapathifolia","2062",NA,NA,NA,NA,NA,NA,NA,NA,NA,NA,NA,NA,NA,NA,NA,234
7,17,2,"Festuca myuros","Festuca myuros","h","Festuca myuros",19810728,"Parker Island","Canada","British Columbia","Parker Island",NA,NA,NA,NA,NA,NA,NA,NA,NA,NA,NA,NA,NA,NA,NA,NA,NA,NA,NA,NA,NA,235
7,17,3,"Arbutus menziesii","Arbutus menziesii","h","Arbutus menziesii",19810728,"Parker Island","Canada","British Columbia","Parker Island",NA,NA,NA,NA,NA,NA,NA,NA,NA,NA,NA,NA,NA,NA,NA,NA,NA,NA,NA,NA,NA,236
7,17,4,"Pseudotsuga menziesii","Pseudotsuga menziesii","h","Pseudotsuga menziesii",19810728,"Parker Island","Canada","British Columbia","Parker Island",NA,NA,NA,NA,NA,NA,NA,NA,NA,NA,NA,NA,NA,NA,NA,NA,NA,NA,NA,NA,NA,237
7,17,5,"Quercus garryana","Quercus garryana","h","Quercus garryana",19810728,"Parker Island","Canada","British Columbia","Parker Island",NA,NA,NA,NA,NA,NA,NA,NA,NA,NA,NA,NA,NA,NA,NA,NA,NA,NA,NA,NA,NA,238
7,17,6,"Holodiscus discolor","Holodiscus discolor","h","Holodiscus discolor",19810728,"Parker Island","Canada","British Columbia","Parker Island",NA,NA,NA,NA,NA,NA,NA,NA,NA,NA,NA,NA,NA,NA,NA,NA,NA,NA,NA,NA,NA,239
7,17,7,"Symphoricarpos albus","Symphoricarpos albus","h","Symphoricarpos albus",19810728,"Parker Island","Canada","British Columbia","Parker Island",NA,NA,NA,NA,NA,NA,NA,NA,NA,NA,NA,NA,NA,NA,NA,NA,NA,NA,NA,NA,NA,240
7,17,8,"Rosa gymnocarpa","Rosa gymnocarpa","h","Rosa gymnocarpa",19810728,"Parker Island","Canada","British Columbia","Parker Island",NA,NA,NA,NA,NA,NA,NA,NA,NA,NA,NA,NA,NA,NA,NA,NA,NA,NA,NA,NA,NA,241
7,17,9,"Cytisus scoparius","Cytisus scoparius","h","Cytisus scoparius",19810728,"Parker Island","Canada","British Columbia","Parker Island",NA,NA,NA,NA,NA,NA,NA,NA,NA,NA,NA,NA,NA,NA,NA,NA,NA,NA,NA,NA,NA,242
7,17,10,"Rubus leucodermis","Rubus leucodermis","h","Rubus leucodermis",19810728,"Parker Island","Canada","British Columbia","Parker Island",NA,NA,NA,NA,NA,NA,NA,NA,NA,NA,NA,NA,NA,NA,NA,NA,NA,NA,NA,NA,NA,243
7,17,11,"Heuchera micrantha","Heuchera micrantha","h","Heuchera micrantha",19810728,"Parker Island","Canada","British Columbia","Parker Island",NA,NA,NA,NA,NA,NA,NA,NA,NA,NA,NA,NA,NA,NA,NA,NA,NA,NA,NA,NA,NA,244
7,17,12,"Bromus pacificus","Bromus pacificus","h","Bromus pacificus",19810728,"Parker Island","Canada","British Columbia","Parker Island",NA,NA,NA,NA,NA,NA,NA,NA,NA,NA,NA,NA,NA,NA,NA,NA,NA,NA,NA,NA,NA,245
7,17,13,"Elymus glaucus","Elymus glaucus","h","Elymus glaucus",19810728,"Parker Island","Canada","British Columbia","Parker Island",NA,NA,NA,NA,NA,NA,NA,NA,NA,NA,NA,NA,NA,NA,NA,NA,NA,NA,NA,NA,NA,246
7,17,14,"Berberis aquifolium","Berberis aquifolium","h","Berberis aquifolium",19810728,"Parker Island","Canada","British Columbia","Parker Island",NA,NA,NA,NA,NA,NA,NA,NA,NA,NA,NA,NA,NA,NA,NA,NA,NA,NA,NA,NA,NA,247
7,17,15,"Lonicera hispidula","Lonicera hispidula","h","Lonicera hispidula",19810728,"Parker Island","Canada","British Columbia","Parker Island",NA,NA,NA,NA,NA,NA,NA,NA,NA,NA,NA,NA,NA,NA,NA,NA,NA,NA,NA,NA,NA,248
7,17,16,"Paxistima myrsinites","Paxistima myrsinites","h","Paxistima myrsinites",19810728,"Parker Island","Canada","British Columbia","Parker Island",NA,NA,NA,NA,NA,NA,NA,NA,NA,NA,NA,NA,NA,NA,NA,NA,NA,NA,NA,NA,NA,249
7,17,17,"Gaultheria shallon","Gaultheria shallon","h","Gaultheria shallon",19810728,"Parker Island","Canada","British Columbia","Parker Island",NA,NA,NA,NA,NA,NA,NA,NA,NA,NA,NA,NA,NA,NA,NA,NA,NA,NA,NA,NA,NA,250
7,17,18,"Salix (scouleriana)","Salix scouleriana","h","Salix scouleriana",19810728,"Parker Island","Canada","British Columbia","Parker Island","Salix c.f. scouleriana",NA,NA,NA,NA,NA,NA,NA,NA,NA,NA,NA,NA,NA,NA,NA,"Salix (scouleriana)",NA,NA,NA,NA,251
7,17,19,"Sedum spathulifolium","Sedum spathulifolium","h","Sedum spathulifolium",19810728,"Parker Island","Canada","British Columbia","Parker Island",NA,NA,NA,NA,NA,NA,NA,NA,NA,NA,NA,NA,NA,NA,NA,NA,NA,NA,NA,NA,NA,252
7,17,20,"Plantago maritima","Plantago maritima","h","Plantago maritima",19810728,"Parker Island","Canada","British Columbia","Parker Island",NA,NA,NA,NA,NA,NA,NA,NA,NA,NA,NA,NA,NA,NA,NA,NA,NA,NA,NA,NA,NA,253
7,17,21,"Hypochaeris radicata","Hypochaeris radicata","h","Hypochaeris radicata",19810728,"Parker Island","Canada","British Columbia","Parker Island",NA,NA,NA,NA,NA,NA,NA,NA,NA,NA,NA,NA,NA,NA,NA,NA,NA,NA,NA,NA,NA,254
7,18,1,"Aira praecox","Aira praecox","h","Aira praecox",19810728,"Parker Island","Canada","British Columbia","Parker Island",NA,NA,NA,NA,NA,NA,NA,NA,NA,NA,NA,NA,NA,NA,NA,NA,NA,NA,NA,NA,NA,255
7,18,2,"Vicia americana","Vicia americana","h","Vicia americana",19810728,"Parker Island","Canada","British Columbia","Parker Island",NA,NA,NA,NA,NA,NA,NA,NA,NA,NA,NA,NA,NA,NA,NA,NA,NA,NA,NA,NA,NA,256
7,18,3,"Juniperus scopulorum","Juniperus scopulorum","h","Juniperus scopulorum",19810728,"Parker Island","Canada","British Columbia","Parker Island",NA,NA,NA,NA,NA,NA,NA,NA,NA,NA,NA,NA,NA,NA,NA,NA,NA,NA,NA,NA,NA,257
7,18,4,"Amlanchier alnifolia","Amelanchier alnifolia","h","Amelanchier alnifolia",19810728,"Parker Island","Canada","British Columbia","Parker Island",NA,NA,NA,NA,NA,NA,NA,NA,NA,NA,NA,NA,NA,NA,NA,NA,NA,NA,NA,NA,NA,258
7,18,5,"Goodyera oblongifolia","Goodyera oblongifolia","h","Goodyera oblongifolia",19810728,"Parker Island","Canada","British Columbia","Parker Island",NA,NA,NA,NA,NA,NA,NA,NA,NA,NA,NA,NA,NA,NA,NA,NA,NA,NA,NA,NA,NA,259
7,18,6,"Madia madioides","Madia madioides","h","Madia madioides",19810728,"Parker Island","Canada","British Columbia","Parker Island",NA,NA,NA,NA,NA,NA,NA,NA,NA,NA,NA,NA,NA,NA,NA,NA,NA,NA,NA,NA,NA,260
7,18,7,"Linnaea borealis","Linnaea borealis","h","Linnaea borealis",19810728,"Parker Island","Canada","British Columbia","Parker Island",NA,NA,NA,NA,NA,NA,NA,NA,NA,NA,NA,NA,NA,NA,NA,NA,NA,NA,NA,NA,NA,261
7,18,8,"Bromus vulgaris","Bromus vulgaris","h","Bromus vulgaris",19810728,"Parker Island","Canada","British Columbia","Parker Island",NA,NA,NA,NA,NA,NA,NA,NA,NA,NA,NA,NA,NA,NA,NA,NA,NA,NA,NA,NA,NA,262
7,18,9,"Thuja plicata","Thuja plicata","h","Thuja plicata",19810728,"Parker Island","Canada","British Columbia","Parker Island",NA,NA,NA,NA,NA,NA,NA,NA,NA,NA,NA,NA,NA,NA,NA,NA,NA,NA,NA,NA,NA,263
7,18,10,"Trifolium repens","Trifolium repens","h","Trifolium repens",19810728,"Parker Island","Canada","British Columbia","Parker Island",NA,NA,NA,NA,NA,NA,NA,NA,NA,NA,NA,NA,NA,NA,NA,NA,NA,NA,NA,NA,NA,264
7,18,11,"Berberis nervosa","Berberis nervosa","h","Berberis nervosa",19810728,"Parker Island","Canada","British Columbia","Parker Island",NA,NA,NA,NA,NA,NA,NA,NA,NA,NA,NA,NA,NA,NA,NA,NA,NA,NA,NA,NA,NA,265
7,18,12,"Plantago lanceolata","Plantago lanceolata","h","Plantago lanceolata",19810728,"Parker Island","Canada","British Columbia","Parker Island",NA,NA,NA,NA,NA,NA,NA,NA,NA,NA,NA,NA,NA,NA,NA,NA,NA,NA,NA,NA,NA,266
7,18,13,"Habenaria elegans","Habenaria elegans","h","Platanthera elegans",19810728,"Parker Island","Canada","British Columbia","Parker Island",NA,NA,NA,NA,NA,NA,NA,NA,NA,NA,NA,NA,NA,NA,NA,NA,NA,NA,NA,NA,NA,267
7,18,14,"Hordeum brachyantherum","Hordeum brachyantherum","h","Hordeum brachyantherum",19810728,"Parker Island","Canada","British Columbia","Parker Island",NA,NA,NA,NA,NA,NA,NA,NA,NA,NA,NA,NA,NA,NA,NA,NA,NA,NA,NA,NA,NA,268
7,18,15,"Cerastium arvense","Cerastium arvense","h","Cerastium arvense",19810728,"Parker Island","Canada","British Columbia","Parker Island",NA,NA,NA,NA,NA,NA,NA,NA,NA,NA,NA,NA,NA,NA,NA,NA,NA,NA,NA,NA,NA,269
7,18,16,"Cerastium viscosum","Cerastium viscosum","h","Cerastium viscosum",19810728,"Parker Island","Canada","British Columbia","Parker Island",NA,NA,NA,NA,NA,NA,NA,NA,NA,NA,NA,NA,NA,NA,NA,NA,NA,NA,NA,NA,NA,270
7,18,17,"Fritillaria lanceolata","Fritillaria lanceolata","h","Fritillaria lanceolata",19810728,"Parker Island","Canada","British Columbia","Parker Island",NA,NA,NA,NA,NA,NA,NA,NA,NA,NA,NA,NA,NA,NA,NA,NA,"[(dry)]?",NA,NA,NA,NA,271
7,18,18,"Festuca rubra","Festuca rubra","h","Festuca rubra",19810728,"Parker Island","Canada","British Columbia","Parker Island",NA,NA,NA,NA,NA,NA,NA,NA,NA,NA,NA,NA,NA,NA,NA,NA,NA,NA,NA,NA,NA,272
7,18,19,"Luzula campestris","Luzula campestris","h","Luzula campestris",19810728,"Parker Island","Canada","British Columbia","Parker Island",NA,NA,NA,NA,NA,NA,NA,NA,NA,NA,NA,NA,NA,NA,NA,NA,NA,NA,NA,NA,NA,273
7,18,20,"Aira caryophyllea","Aira caryophyllea","h","Aira caryophyllea",19810728,"Parker Island","Canada","British Columbia","Parker Island",NA,NA,NA,NA,NA,NA,NA,NA,NA,NA,NA,NA,NA,NA,NA,NA,NA,NA,NA,NA,NA,274
7,18,21,"Trientalis latifolia","Trientalis latifolia","h","Lysimachia latifolia",19810728,"Parker Island","Canada","British Columbia","Parker Island",NA,NA,NA,NA,NA,NA,NA,NA,NA,NA,NA,NA,NA,NA,NA,NA,NA,NA,NA,NA,NA,275
7,18,22,"Polypodium glycyrrhiza","Polypodium glycyrrhiza","h","Polypodium glycyrrhiza",19810728,"Parker Island","Canada","British Columbia","Parker Island",NA,NA,NA,NA,NA,NA,NA,NA,NA,NA,NA,NA,NA,NA,NA,NA,NA,NA,NA,NA,NA,276
7,18,23,"Festuca occidentalis","Festuca occidentalis","h","Festuca occidentalis",19810728,"Parker Island","Canada","British Columbia","Parker Island",NA,NA,NA,NA,NA,NA,NA,NA,NA,NA,NA,NA,NA,NA,NA,NA,NA,NA,NA,NA,NA,277
7,18,24,"Trisetum canescens","Trisetum canescens","h","Trisetum canescens",19810728,"Parker Island","Canada","British Columbia","Parker Island",NA,NA,NA,NA,NA,NA,NA,NA,NA,NA,NA,NA,NA,NA,NA,NA,"asterisk crossed out beside taxon name",NA,NA,NA,NA,278
7,18,25,"Rubus ursinus","Rubus ursinus","h","Rubus ursinus",19810728,"Parker Island","Canada","British Columbia","Parker Island",NA,NA,NA,NA,NA,NA,NA,NA,NA,NA,NA,NA,NA,NA,NA,NA,NA,NA,NA,NA,NA,279
7,18,26,"Holcus lanatus","Holcus lanatus","h","Holcus lanatus",19810728,"Parker Island","Canada","British Columbia","Parker Island",NA,NA,NA,NA,NA,NA,NA,NA,NA,NA,NA,NA,NA,NA,NA,NA,NA,NA,NA,NA,NA,280
7,18,27,"T. dubium","Trifolium dubium","m","Trifolium dubium",19810728,"Parker Island","Canada","British Columbia","Parker Island",NA,NA,NA,NA,NA,NA,NA,NA,NA,NA,NA,NA,NA,NA,NA,NA,NA,NA,NA,NA,NA,281
7,18,28,"Polystichum munitum","Polystichum munitum","h","Polystichum munitum",19810728,"Parker Island","Canada","British Columbia","Parker Island",NA,NA,NA,NA,NA,NA,NA,NA,NA,NA,NA,NA,NA,NA,NA,NA,NA,NA,NA,NA,NA,282
7,18,29,"Hieracium albiflorum","Hieracium albiflorum","h","Hieracium albiflorum",19810728,"Parker Island","Canada","British Columbia","Parker Island",NA,NA,NA,NA,NA,NA,NA,NA,NA,NA,NA,NA,NA,NA,NA,NA,NA,NA,NA,NA,NA,283
7,18,30,"Agropyron repens","Agropyron repens","h","Elymus repens",19810728,"Parker Island","Canada","British Columbia","Parker Island",NA,NA,NA,NA,NA,NA,NA,NA,NA,NA,NA,NA,NA,NA,NA,NA,NA,NA,NA,NA,NA,284
7,18,31,"Achillea millefolium","Achillea millefolium","h","Achillea millefolium",19810728,"Parker Island","Canada","British Columbia","Parker Island",NA,NA,NA,NA,NA,NA,NA,NA,NA,NA,NA,NA,NA,NA,NA,NA,NA,NA,NA,NA,NA,285
7,18,32,"Orobanche uniflora","Orobanche uniflora","h","Orobanche uniflorum",19810728,"Parker Island","Canada","British Columbia","Parker Island",NA,NA,NA,NA,NA,NA,NA,NA,NA,NA,NA,NA,NA,NA,NA,NA,NA,NA,NA,NA,NA,286
7,18,33,"Bromus mollis","Bromus mollis","h","Bromus hordeaceus",19810728,"Parker Island","Canada","British Columbia","Parker Island",NA,NA,NA,NA,NA,NA,NA,NA,NA,NA,NA,NA,NA,NA,NA,NA,NA,NA,NA,NA,NA,287
7,18,34,"Trifolium tridentatum","Trifolium tridentatum","h","Trifolium willdenovii",19810728,"Parker Island","Canada","British Columbia","Parker Island",NA,NA,NA,NA,NA,NA,NA,NA,NA,NA,NA,NA,NA,NA,NA,NA,NA,NA,NA,NA,NA,288
