occurrenceId,verbatimScientificName,scientificName,key,matchType,confidence,status,rank,kingdom,phylum,class,order,family,genus,species,canonicalName,authorship
"HJO1","Artemisia suksdorfii","Artemisia suksdorfii Piper","3121338","EXACT","99","ACCEPTED","SPECIES","Plantae","Tracheophyta","Magnoliopsida","Asterales","Asteraceae","Artemisia","Artemisia suksdorfii","Artemisia suksdorfii","Piper"
"HJO10","Vulpia myuros megalura","Vulpia myuros f. megalura (Nutt.) Stace & R.Cotton","5678955","EXACT","97","SYNONYM","FORM","Plantae","Tracheophyta","Liliopsida","Poales","Poaceae","Festuca","Festuca myuros","Vulpia myuros megalura","(Nutt.) Stace & R.Cotton"
"HJO100","Alopecurus","Alopecurus L.","2705236","EXACT","94","ACCEPTED","GENUS","Plantae","Tracheophyta","Liliopsida","Poales","Poaceae","Alopecurus",,"Alopecurus","L."
"HJO101","Sagina procumbens","Sagina procumbens L.","3085402","EXACT","97","ACCEPTED","SPECIES","Plantae","Tracheophyta","Magnoliopsida","Caryophyllales","Caryophyllaceae","Sagina","Sagina procumbens","Sagina procumbens","L."
"HJO102","Triglochin maritima","Triglochin maritima L.","2865368","EXACT","98","ACCEPTED","SPECIES","Plantae","Tracheophyta","Liliopsida","Alismatales","Juncaginaceae","Triglochin","Triglochin maritima","Triglochin maritima","L."
"HJO103","Sagina maxima crassicaulis","Sagina maxima subsp. crassicaulis (S.Watson) G.E.Crow","6363740","EXACT","97","ACCEPTED","SUBSPECIES","Plantae","Tracheophyta","Magnoliopsida","Caryophyllales","Caryophyllaceae","Sagina","Sagina maxima","Sagina maxima crassicaulis","(S.Watson) G.E.Crow"
"HJO104","Centaurium erythraea","Centaurium erythraea Rafn","5414457","EXACT","98","ACCEPTED","SPECIES","Plantae","Tracheophyta","Magnoliopsida","Gentianales","Gentianaceae","Centaurium","Centaurium erythraea","Centaurium erythraea","Rafn"
"HJO105","Quercus garryana","Quercus garryana Douglas ex Hook.","2879260","EXACT","97","ACCEPTED","SPECIES","Plantae","Tracheophyta","Magnoliopsida","Fagales","Fagaceae","Quercus","Quercus garryana","Quercus garryana","Douglas ex Hook."
"HJO106","Holodiscus discolor","Holodiscus discolor (Pursh) Maxim.","2987780","EXACT","99","ACCEPTED","SPECIES","Plantae","Tracheophyta","Magnoliopsida","Rosales","Rosaceae","Holodiscus","Holodiscus discolor","Holodiscus discolor","(Pursh) Maxim."
"HJO107","Pyrola aphylla","Pyrola aphylla Sm.","2888261","EXACT","99","ACCEPTED","SPECIES","Plantae","Tracheophyta","Magnoliopsida","Ericales","Ericaceae","Pyrola","Pyrola aphylla","Pyrola aphylla","Sm."
"HJO108","Poa howellii","Poa howellii Vasey & Scribn.","2704309","EXACT","99","ACCEPTED","SPECIES","Plantae","Tracheophyta","Liliopsida","Poales","Poaceae","Poa","Poa howellii","Poa howellii","Vasey & Scribn."
"HJO109","Taraxacum officinale","Taraxacum officinale Weber ex Wiggins","5394163","EXACT","98","ACCEPTED","SPECIES","Plantae","Tracheophyta","Magnoliopsida","Asterales","Asteraceae","Taraxacum","Taraxacum officinale","Taraxacum officinale","Weber ex Wiggins"
"HJO11","Arbutus menziesii","Arbutus menziesii Pursh","2882802","EXACT","99","ACCEPTED","SPECIES","Plantae","Tracheophyta","Magnoliopsida","Ericales","Ericaceae","Arbutus","Arbutus menziesii","Arbutus menziesii","Pursh"
"HJO110","Linnaea borealis","Linnaea borealis L.","5334220","EXACT","97","ACCEPTED","SPECIES","Plantae","Tracheophyta","Magnoliopsida","Dipsacales","Caprifoliaceae","Linnaea","Linnaea borealis","Linnaea borealis","L."
"HJO111","Montia parvifolia","Montia parvifolia (Moc. ex DC.) Greene","5384300","EXACT","99","ACCEPTED","SPECIES","Plantae","Tracheophyta","Magnoliopsida","Caryophyllales","Montiaceae","Montia","Montia parvifolia","Montia parvifolia","(Moc. ex DC.) Greene"
"HJO112","Zostera marina","Zostera marina L.","2863967","EXACT","98","ACCEPTED","SPECIES","Plantae","Tracheophyta","Liliopsida","Alismatales","Zosteraceae","Zostera","Zostera marina","Zostera marina","L."
"HJO113","Digitalis purpurea","Digitalis purpurea L.","5414995","EXACT","99","ACCEPTED","SPECIES","Plantae","Tracheophyta","Magnoliopsida","Lamiales","Plantaginaceae","Digitalis","Digitalis purpurea","Digitalis purpurea","L."
"HJO114","Holcus lanatus","Holcus lanatus L.","2706164","EXACT","99","ACCEPTED","SPECIES","Plantae","Tracheophyta","Liliopsida","Poales","Poaceae","Holcus","Holcus lanatus","Holcus lanatus","L."
"HJO115","Callitriche heterophylla","Callitriche heterophylla Pursh","5372482","EXACT","99","ACCEPTED","SPECIES","Plantae","Tracheophyta","Magnoliopsida","Lamiales","Plantaginaceae","Callitriche","Callitriche heterophylla","Callitriche heterophylla","Pursh"
"HJO116","Festuca pratense","Festuca pratensis Honck.","8070993","EDITED","90","SYNONYM","SPECIES","Plantae","Tracheophyta","Liliopsida","Poales","Poaceae","Festuca","Festuca ovina","Festuca pratensis",
"HJO117","Carex pachystachya","Carex pachystachya Cham. ex Steud.","2724825","EXACT","97","ACCEPTED","SPECIES","Plantae","Tracheophyta","Liliopsida","Poales","Cyperaceae","Carex","Carex pachystachya","Carex pachystachya","Cham. ex Steud."
"HJO118","Triphysaria pusilla","Triphysaria pusilla (Benth.) T.I.Chuang & Heckard","3171833","EXACT","99","ACCEPTED","SPECIES","Plantae","Tracheophyta","Magnoliopsida","Lamiales","Orobanchaceae","Triphysaria","Triphysaria pusilla","Triphysaria pusilla","(Benth.) T.I.Chuang & Heckard"
"HJO119","Abies grandis","Abies grandis (Douglas ex D.Don) Lindl.","2685361","EXACT","97","ACCEPTED","SPECIES","Plantae","Tracheophyta","Pinopsida","Pinales","Pinaceae","Abies","Abies grandis","Abies grandis","(Douglas ex D.Don) Lindl."
"HJO12","Lotus corniculatus","Lotus corniculatus L.","5357013","EXACT","99","ACCEPTED","SPECIES","Plantae","Tracheophyta","Magnoliopsida","Fabales","Fabaceae","Lotus","Lotus corniculatus","Lotus corniculatus","L."
"HJO120","Distichlis spicata","Distichlis spicata (L.) Greene","2704509","EXACT","98","ACCEPTED","SPECIES","Plantae","Tracheophyta","Liliopsida","Poales","Poaceae","Distichlis","Distichlis spicata","Distichlis spicata","(L.) Greene"
"HJO121","Juncus balticus","Juncus balticus Willd.","2702048","EXACT","99","ACCEPTED","SPECIES","Plantae","Tracheophyta","Liliopsida","Poales","Juncaceae","Juncus","Juncus balticus","Juncus balticus","Willd."
"HJO122","Myosotis discolor","Myosotis discolor Pers.","5341177","EXACT","99","ACCEPTED","SPECIES","Plantae","Tracheophyta","Magnoliopsida","Boraginales","Boraginaceae","Myosotis","Myosotis discolor","Myosotis discolor","Pers."
"HJO123","Saxifraga cespitosa","Saxifraga cespitosa L.","3032796","EXACT","97","ACCEPTED","SPECIES","Plantae","Tracheophyta","Magnoliopsida","Saxifragales","Saxifragaceae","Saxifraga","Saxifraga cespitosa","Saxifraga cespitosa","L."
"HJO124","Paxistima myrsinites","Paxistima myrsinites (Pursh) Raf.","3169107","EXACT","99","ACCEPTED","SPECIES","Plantae","Tracheophyta","Magnoliopsida","Celastrales","Celastraceae","Paxistima","Paxistima myrsinites","Paxistima myrsinites","(Pursh) Raf."
"HJO125","Aira praecox","Aira praecox L.","5289582","EXACT","99","ACCEPTED","SPECIES","Plantae","Tracheophyta","Liliopsida","Poales","Poaceae","Aira","Aira praecox","Aira praecox","L."
"HJO126","Shepherdia canadensis","Shepherdia canadensis (L.) Nutt.","5372427","EXACT","99","ACCEPTED","SPECIES","Plantae","Tracheophyta","Magnoliopsida","Rosales","Elaeagnaceae","Shepherdia","Shepherdia canadensis","Shepherdia canadensis","(L.) Nutt."
"HJO127","Carex pensylvanica","Carex pensylvanica Lam.","2724855","EXACT","99","ACCEPTED","SPECIES","Plantae","Tracheophyta","Liliopsida","Poales","Cyperaceae","Carex","Carex pensylvanica","Carex pensylvanica","Lam."
"HJO128","Cynosurus cristatus","Cynosurus cristatus L.","2704395","EXACT","99","ACCEPTED","SPECIES","Plantae","Tracheophyta","Liliopsida","Poales","Poaceae","Cynosurus","Cynosurus cristatus","Cynosurus cristatus","L."
"HJO129","Marsippospermum gracile","Marsippospermum gracile (Hook.fil.) Buchenau","2700592","EXACT","97","ACCEPTED","SPECIES","Plantae","Tracheophyta","Liliopsida","Poales","Juncaceae","Marsippospermum","Marsippospermum gracile","Marsippospermum gracile","(Hook.fil.) Buchenau"
"HJO13","Trifolium dubium","Trifolium dubium Sibth.","5359429","EXACT","99","ACCEPTED","SPECIES","Plantae","Tracheophyta","Magnoliopsida","Fabales","Fabaceae","Trifolium","Trifolium dubium","Trifolium dubium","Sibth."
"HJO130","Cirsium arvense","Cirsium arvense (L.) Scop.","3113414","EXACT","99","ACCEPTED","SPECIES","Plantae","Tracheophyta","Magnoliopsida","Asterales","Asteraceae","Cirsium","Cirsium arvense","Cirsium arvense","(L.) Scop."
"HJO131","Myosotis laxa","Myosotis laxa Lehm.","5341182","EXACT","97","ACCEPTED","SPECIES","Plantae","Tracheophyta","Magnoliopsida","Boraginales","Boraginaceae","Myosotis","Myosotis laxa","Myosotis laxa","Lehm."
"HJO132","Rubus armeniacus","Rubus armeniacus Focke","2996525","EXACT","99","ACCEPTED","SPECIES","Plantae","Tracheophyta","Magnoliopsida","Rosales","Rosaceae","Rubus","Rubus armeniacus","Rubus armeniacus","Focke"
"HJO133","Veronica americana","Veronica americana (Raf.) Schwein. ex Benth.","3172084","EXACT","97","ACCEPTED","SPECIES","Plantae","Tracheophyta","Magnoliopsida","Lamiales","Plantaginaceae","Veronica","Veronica americana","Veronica americana","(Raf.) Schwein. ex Benth."
"HJO134","Geum macrophyllum","Geum macrophyllum Willd.","5369784","EXACT","98","ACCEPTED","SPECIES","Plantae","Tracheophyta","Magnoliopsida","Rosales","Rosaceae","Geum","Geum macrophyllum","Geum macrophyllum","Willd."
"HJO135","Sherardia arvensis","Sherardia arvensis L.","5339050","EXACT","99","ACCEPTED","SPECIES","Plantae","Tracheophyta","Magnoliopsida","Gentianales","Rubiaceae","Sherardia","Sherardia arvensis","Sherardia arvensis","L."
"HJO136","Allium cernuum","Allium cernuum Roth","2856745","EXACT","97","ACCEPTED","SPECIES","Plantae","Tracheophyta","Liliopsida","Asparagales","Amaryllidaceae","Allium","Allium cernuum","Allium cernuum","Roth"
"HJO137","Carex deweyana","Carex deweyana Schwein.","2723801","EXACT","99","ACCEPTED","SPECIES","Plantae","Tracheophyta","Liliopsida","Poales","Cyperaceae","Carex","Carex deweyana","Carex deweyana","Schwein."
"HJO138","Festuca subuliflora","Festuca subuliflora Scribn.","2704973","EXACT","99","ACCEPTED","SPECIES","Plantae","Tracheophyta","Liliopsida","Poales","Poaceae","Festuca","Festuca subuliflora","Festuca subuliflora","Scribn."
"HJO14","Trifolium repens","Trifolium repens L.","5358748","EXACT","97","ACCEPTED","SPECIES","Plantae","Tracheophyta","Magnoliopsida","Fabales","Fabaceae","Trifolium","Trifolium repens","Trifolium repens","L."
"HJO140","Selaginella wallacei","Selaginella wallacei Hieron.","2688237","EXACT","99","ACCEPTED","SPECIES","Plantae","Tracheophyta","Lycopodiopsida","Selaginellales","Selaginellaceae","Selaginella","Selaginella wallacei","Selaginella wallacei","Hieron."
"HJO141","Erythranthe guttata","Erythranthe guttata (DC.) G.L.Nesom","7346102","EXACT","99","ACCEPTED","SPECIES","Plantae","Tracheophyta","Magnoliopsida","Lamiales","Phrymaceae","Erythranthe","Erythranthe guttata","Erythranthe guttata","(DC.) G.L.Nesom"
"HJO142","Pentagramma triangularis","Pentagramma triangularis (Kaulf.) Yatsk., Windham & Wollenw.","5275443","EXACT","99","ACCEPTED","SPECIES","Plantae","Tracheophyta","Polypodiopsida","Polypodiales","Pteridaceae","Pentagramma","Pentagramma triangularis","Pentagramma triangularis","(Kaulf.) Yatsk., Windham & Wollenw."
"HJO143","Erythranthe alsinoides","Erythranthe alsinoides (Douglas ex Benth.) G.L.Nesom & N.S.Fraga","7346094","EXACT","99","ACCEPTED","SPECIES","Plantae","Tracheophyta","Magnoliopsida","Lamiales","Phrymaceae","Erythranthe","Erythranthe alsinoides","Erythranthe alsinoides","(Douglas ex Benth.) G.L.Nesom & N.S.Fraga"
"HJO144","Monotropa uniflora","Monotropa uniflora L.","2888353","EXACT","97","ACCEPTED","SPECIES","Plantae","Tracheophyta","Magnoliopsida","Ericales","Ericaceae","Monotropa","Monotropa uniflora","Monotropa uniflora","L."
"HJO145","Chimaphila umbellata","Chimaphila umbellata (L.) W.P.C.Barton","2888307","EXACT","97","ACCEPTED","SPECIES","Plantae","Tracheophyta","Magnoliopsida","Ericales","Ericaceae","Chimaphila","Chimaphila umbellata","Chimaphila umbellata","(L.) W.P.C.Barton"
"HJO146","Carex lyngbyei","Carex lyngbyei Hornem.","2725520","EXACT","99","ACCEPTED","SPECIES","Plantae","Tracheophyta","Liliopsida","Poales","Cyperaceae","Carex","Carex lyngbyei","Carex lyngbyei","Hornem."
"HJO147","Arabis glabra","Arabis glabra (L.) Bernh.","5376011","EXACT","98","SYNONYM","SPECIES","Plantae","Tracheophyta","Magnoliopsida","Brassicales","Brassicaceae","Turritis","Turritis glabra","Arabis glabra","(L.) Bernh."
"HJO148","Malus fusca","Malus fusca (Raf.) C.K.Schneid.","3001080","EXACT","98","SYNONYM","SPECIES","Plantae","Tracheophyta","Magnoliopsida","Rosales","Rosaceae","Sinomalus","Sinomalus fusca","Malus fusca","(Raf.) C.K.Schneid."
"HJO149","Hypericum anagalloides","Hypericum anagalloides Cham. & Schltdl.","3189470","EXACT","99","ACCEPTED","SPECIES","Plantae","Tracheophyta","Magnoliopsida","Malpighiales","Hypericaceae","Hypericum","Hypericum anagalloides","Hypericum anagalloides","Cham. & Schltdl."
"HJO15","Trifolium subterraneum","Trifolium subterraneum L.","5359330","EXACT","99","ACCEPTED","SPECIES","Plantae","Tracheophyta","Magnoliopsida","Fabales","Fabaceae","Trifolium","Trifolium subterraneum","Trifolium subterraneum","L."
"HJO150","Mentha arvensis","Mentha arvensis L.","2927192","EXACT","99","ACCEPTED","SPECIES","Plantae","Tracheophyta","Magnoliopsida","Lamiales","Lamiaceae","Mentha","Mentha arvensis","Mentha arvensis","L."
"HJO151","Urtica dioica","Urtica dioica L.","7960979","EXACT","97","ACCEPTED","SPECIES","Plantae","Tracheophyta","Magnoliopsida","Rosales","Urticaceae","Urtica","Urtica dioica","Urtica dioica","L."
"HJO152","Alnus rubra","Alnus rubra Bong.","2876176","EXACT","97","ACCEPTED","SPECIES","Plantae","Tracheophyta","Magnoliopsida","Fagales","Betulaceae","Alnus","Alnus rubra","Alnus rubra","Bong."
"HJO153","Stellaria crispa","Stellaria crispa Cham. & Schltdl.","5384652","EXACT","99","ACCEPTED","SPECIES","Plantae","Tracheophyta","Magnoliopsida","Caryophyllales","Caryophyllaceae","Stellaria","Stellaria crispa","Stellaria crispa","Cham. & Schltdl."
"HJO154","Trifolium microcephalum","Trifolium microcephalum Pursh","5359025","EXACT","99","ACCEPTED","SPECIES","Plantae","Tracheophyta","Magnoliopsida","Fabales","Fabaceae","Trifolium","Trifolium microcephalum","Trifolium microcephalum","Pursh"
"HJO155","Lepidium virginicum","Lepidium virginicum L.","5376648","EXACT","98","ACCEPTED","SPECIES","Plantae","Tracheophyta","Magnoliopsida","Brassicales","Brassicaceae","Lepidium","Lepidium virginicum","Lepidium virginicum","L."
"HJO156","Taxus brevifolia","Taxus brevifolia Nutt.","5284555","EXACT","97","ACCEPTED","SPECIES","Plantae","Tracheophyta","Pinopsida","Pinales","Taxaceae","Taxus","Taxus brevifolia","Taxus brevifolia","Nutt."
"HJO157","Eriophyllum lanatum","Eriophyllum lanatum (Pursh) Forbes","3130472","EXACT","99","ACCEPTED","SPECIES","Plantae","Tracheophyta","Magnoliopsida","Asterales","Asteraceae","Eriophyllum","Eriophyllum lanatum","Eriophyllum lanatum","(Pursh) Forbes"
"HJO158","Sonchus asper","Sonchus asper (L.) Hill","3105782","EXACT","97","ACCEPTED","SPECIES","Plantae","Tracheophyta","Magnoliopsida","Asterales","Asteraceae","Sonchus","Sonchus asper","Sonchus asper","(L.) Hill"
"HJO159","Clarkia amoena","Clarkia amoena (Lehm.) A.Nelson & J.F.Macbr.","5420978","EXACT","99","ACCEPTED","SPECIES","Plantae","Tracheophyta","Magnoliopsida","Myrtales","Onagraceae","Clarkia","Clarkia amoena","Clarkia amoena","(Lehm.) A.Nelson & J.F.Macbr."
"HJO16","Aira caryophyllea","Aira caryophyllea L.","7747216","EXACT","97","ACCEPTED","SPECIES","Plantae","Tracheophyta","Liliopsida","Poales","Poaceae","Aira","Aira caryophyllea","Aira caryophyllea","L."
"HJO160","Agoseris grandiflora","Agoseris grandiflora (Nutt.) Greene","3092909","EXACT","98","ACCEPTED","SPECIES","Plantae","Tracheophyta","Magnoliopsida","Asterales","Asteraceae","Agoseris","Agoseris grandiflora","Agoseris grandiflora","(Nutt.) Greene"
"HJO161","Hypochaeris glabra","Hypochaeris glabra L.","3093911","EXACT","97","ACCEPTED","SPECIES","Plantae","Tracheophyta","Magnoliopsida","Asterales","Asteraceae","Hypochaeris","Hypochaeris glabra","Hypochaeris glabra","L."
"HJO162","Tsuga heterophylla","Tsuga heterophylla (Raf.) Sarg.","2687210","EXACT","99","ACCEPTED","SPECIES","Plantae","Tracheophyta","Pinopsida","Pinales","Pinaceae","Tsuga","Tsuga heterophylla","Tsuga heterophylla","(Raf.) Sarg."
"HJO163","Trifolium oliganthum","Trifolium oliganthum Steud.","5359492","EXACT","99","ACCEPTED","SPECIES","Plantae","Tracheophyta","Magnoliopsida","Fabales","Fabaceae","Trifolium","Trifolium oliganthum","Trifolium oliganthum","Steud."
"HJO164","Arctium minus","Arctium minus (Hill) Bernh.","5393103","EXACT","98","ACCEPTED","SPECIES","Plantae","Tracheophyta","Magnoliopsida","Asterales","Asteraceae","Arctium","Arctium minus","Arctium minus","(Hill) Bernh."
"HJO165","Spergularia rubra","Spergularia rubra (L.) J.Presl & C.Presl","3085633","EXACT","99","ACCEPTED","SPECIES","Plantae","Tracheophyta","Magnoliopsida","Caryophyllales","Caryophyllaceae","Spergularia","Spergularia rubra","Spergularia rubra","(L.) J.Presl & C.Presl"
"HJO166","Rosa nutkana","Rosa nutkana C.Presl","3011070","EXACT","99","ACCEPTED","SPECIES","Plantae","Tracheophyta","Magnoliopsida","Rosales","Rosaceae","Rosa","Rosa nutkana","Rosa nutkana","C.Presl"
"HJO167","Gnaphalium uliginosum","Gnaphalium uliginosum L.","5390848","EXACT","97","ACCEPTED","SPECIES","Plantae","Tracheophyta","Magnoliopsida","Asterales","Asteraceae","Gnaphalium","Gnaphalium uliginosum","Gnaphalium uliginosum","L."
"HJO168","Lemna minor","Lemna minor L.","2867589","EXACT","98","ACCEPTED","SPECIES","Plantae","Tracheophyta","Liliopsida","Alismatales","Araceae","Lemna","Lemna minor","Lemna minor","L."
"HJO169","Ranunculus aquatilis","Ranunculus aquatilis L.","3033464","EXACT","97","ACCEPTED","SPECIES","Plantae","Tracheophyta","Magnoliopsida","Ranunculales","Ranunculaceae","Ranunculus","Ranunculus aquatilis","Ranunculus aquatilis","L."
"HJO17","Hypochaeris radicata","Hypochaeris radicata L.","3093702","EXACT","99","ACCEPTED","SPECIES","Plantae","Tracheophyta","Magnoliopsida","Asterales","Asteraceae","Hypochaeris","Hypochaeris radicata","Hypochaeris radicata","L."
"HJO170","Prunus emarginata","Prunus emarginata (Douglas ex Hook.) Walp.","3020783","EXACT","97","ACCEPTED","SPECIES","Plantae","Tracheophyta","Magnoliopsida","Rosales","Rosaceae","Prunus","Prunus emarginata","Prunus emarginata","(Douglas ex Hook.) Walp."
"HJO171","Adenocaulon bicolor","Adenocaulon bicolor Hook.","3092979","EXACT","99","ACCEPTED","SPECIES","Plantae","Tracheophyta","Magnoliopsida","Asterales","Asteraceae","Adenocaulon","Adenocaulon bicolor","Adenocaulon bicolor","Hook."
"HJO172","Clinopodium douglasii","Clinopodium douglasii (Benth.) Kuntze","2926908","EXACT","98","SYNONYM","SPECIES","Plantae","Tracheophyta","Magnoliopsida","Lamiales","Lamiaceae","Micromeria","Micromeria douglasii","Clinopodium douglasii","(Benth.) Kuntze"
"HJO173","Achlys triphylla","Achlys triphylla (Sm.) DC.","5371714","EXACT","99","ACCEPTED","SPECIES","Plantae","Tracheophyta","Magnoliopsida","Ranunculales","Berberidaceae","Achlys","Achlys triphylla","Achlys triphylla","(Sm.) DC."
"HJO174","Populus tremuloides","Populus tremuloides Michx.","3040215","EXACT","97","ACCEPTED","SPECIES","Plantae","Tracheophyta","Magnoliopsida","Malpighiales","Salicaceae","Populus","Populus tremuloides","Populus tremuloides","Michx."
"HJO175","Typha latifolia","Typha latifolia L.","5289423","EXACT","98","ACCEPTED","SPECIES","Plantae","Tracheophyta","Liliopsida","Poales","Typhaceae","Typha","Typha latifolia","Typha latifolia","L."
"HJO176","Eleocharis palustris","Eleocharis palustris (L.) Roem. & Schult.","2717002","EXACT","97","ACCEPTED","SPECIES","Plantae","Tracheophyta","Liliopsida","Poales","Cyperaceae","Eleocharis","Eleocharis palustris","Eleocharis palustris","(L.) Roem. & Schult."
"HJO177","Veronica officinalis","Veronica officinalis L.","3172049","EXACT","99","ACCEPTED","SPECIES","Plantae","Tracheophyta","Magnoliopsida","Lamiales","Plantaginaceae","Veronica","Veronica officinalis","Veronica officinalis","L."
"HJO178","Ranunculus flammula","Ranunculus flammula L.","3033312","EXACT","97","ACCEPTED","SPECIES","Plantae","Tracheophyta","Magnoliopsida","Ranunculales","Ranunculaceae","Ranunculus","Ranunculus flammula","Ranunculus flammula","L."
"HJO179","Campanula scouleri","Campanula scouleri Hook. ex A.DC.","5409860","EXACT","97","ACCEPTED","SPECIES","Plantae","Tracheophyta","Magnoliopsida","Asterales","Campanulaceae","Campanula","Campanula scouleri","Campanula scouleri","Hook. ex A.DC."
"HJO18","Dactylis glomerata","Dactylis glomerata L.","2705308","EXACT","99","ACCEPTED","SPECIES","Plantae","Tracheophyta","Liliopsida","Poales","Poaceae","Dactylis","Dactylis glomerata","Dactylis glomerata","L."
"HJO180","Acer glabrum","Acer glabrum Torr.","3189864","EXACT","98","ACCEPTED","SPECIES","Plantae","Tracheophyta","Magnoliopsida","Sapindales","Sapindaceae","Acer","Acer glabrum","Acer glabrum","Torr."
"HJO182","Stellaria media","Stellaria media (L.) Vill.","5384604","EXACT","97","ACCEPTED","SPECIES","Plantae","Tracheophyta","Magnoliopsida","Caryophyllales","Caryophyllaceae","Stellaria","Stellaria media","Stellaria media","(L.) Vill."
"HJO183","Myriophyllum","Myriophyllum Cuif, 1975","3250263","EDITED","99","ACCEPTED","GENUS","Animalia","Cnidaria","Anthozoa","Scleractinia","Pamiroseriidae","Myriophyllum",,"Myriophyllum",
"HJO184","Potamogeton natans","Potamogeton natans L.","5301147","EXACT","98","ACCEPTED","SPECIES","Plantae","Tracheophyta","Liliopsida","Alismatales","Potamogetonaceae","Potamogeton","Potamogeton natans","Potamogeton natans","L."
"HJO185","Cardamine pensylvanica","Cardamine pensylvanica Muhl.","3045880","EXACT","97","ACCEPTED","SPECIES","Plantae","Tracheophyta","Magnoliopsida","Brassicales","Brassicaceae","Cardamine","Cardamine pensylvanica","Cardamine pensylvanica","Muhl."
"HJO186","Berberis aquifolium","Berberis aquifolium Pursh","3033868","EXACT","97","SYNONYM","SPECIES","Plantae","Tracheophyta","Magnoliopsida","Ranunculales","Berberidaceae","Mahonia","Mahonia aquifolium","Berberis aquifolium","Pursh"
"HJO187","Lathyrus nevadensis","Lathyrus nevadensis S.Watson","5356650","EXACT","99","ACCEPTED","SPECIES","Plantae","Tracheophyta","Magnoliopsida","Fabales","Fabaceae","Lathyrus","Lathyrus nevadensis","Lathyrus nevadensis","S.Watson"
"HJO188","Ranunculus acris","Ranunculus acris L.","3033363","EXACT","97","ACCEPTED","SPECIES","Plantae","Tracheophyta","Magnoliopsida","Ranunculales","Ranunculaceae","Ranunculus","Ranunculus acris","Ranunculus acris","L."
"HJO189","Anthriscus caucalis","Anthriscus caucalis M.Bieb.","5371743","EXACT","99","ACCEPTED","SPECIES","Plantae","Tracheophyta","Magnoliopsida","Apiales","Apiaceae","Anthriscus","Anthriscus caucalis","Anthriscus caucalis","M.Bieb."
"HJO19","Bromus pacificus","Bromus pacificus Shear","2703653","EXACT","99","ACCEPTED","SPECIES","Plantae","Tracheophyta","Liliopsida","Poales","Poaceae","Bromus","Bromus pacificus","Bromus pacificus","Shear"
"HJO190","Phleum pratense","Phleum pratense L.","9014945","EXACT","99","ACCEPTED","SPECIES","Plantae","Tracheophyta","Liliopsida","Poales","Poaceae","Phleum","Phleum pratense","Phleum pratense","L."
"HJO191","Nuphar polysepala","Nuphar polysepala Engelm.","6434926","EXACT","99","ACCEPTED","SPECIES","Plantae","Tracheophyta","Magnoliopsida","Nymphaeales","Nymphaeaceae","Nuphar","Nuphar polysepala","Nuphar polysepala","Engelm."
"HJO192","Galium trifidum","Galium trifidum L.","2913365","EXACT","97","ACCEPTED","SPECIES","Plantae","Tracheophyta","Magnoliopsida","Gentianales","Rubiaceae","Galium","Galium trifidum","Galium trifidum","L."
"HJO193","Carex obnupta","Carex obnupta L.H.Bailey","2722793","EXACT","99","ACCEPTED","SPECIES","Plantae","Tracheophyta","Liliopsida","Poales","Cyperaceae","Carex","Carex obnupta","Carex obnupta","L.H.Bailey"
"HJO194","Equisetum arvense","Equisetum arvense L.","7924597","EXACT","99","ACCEPTED","SPECIES","Plantae","Tracheophyta","Polypodiopsida","Equisetales","Equisetaceae","Equisetum","Equisetum arvense","Equisetum arvense","L."
"HJO195","Veronica scutellata","Veronica scutellata L.","3172072","EXACT","99","ACCEPTED","SPECIES","Plantae","Tracheophyta","Magnoliopsida","Lamiales","Plantaginaceae","Veronica","Veronica scutellata","Veronica scutellata","L."
"HJO196","Goodyera oblongifolia","Goodyera oblongifolia Raf.","2840754","EXACT","99","ACCEPTED","SPECIES","Plantae","Tracheophyta","Liliopsida","Asparagales","Orchidaceae","Goodyera","Goodyera oblongifolia","Goodyera oblongifolia","Raf."
"HJO197","Moehringia macrophylla","Moehringia macrophylla (Hook.) Fenzl","3085376","EXACT","99","ACCEPTED","SPECIES","Plantae","Tracheophyta","Magnoliopsida","Caryophyllales","Caryophyllaceae","Moehringia","Moehringia macrophylla","Moehringia macrophylla","(Hook.) Fenzl"
"HJO198","Arabis hirsuta","Arabis hirsuta (L.) Scop.","9202524","EXACT","97","ACCEPTED","SPECIES","Plantae","Tracheophyta","Magnoliopsida","Brassicales","Brassicaceae","Arabis","Arabis hirsuta","Arabis hirsuta","(L.) Scop."
"HJO199","Leymus mollis","Leymus mollis (Trin.) Pilg.","2706373","EXACT","97","ACCEPTED","SPECIES","Plantae","Tracheophyta","Liliopsida","Poales","Poaceae","Leymus","Leymus mollis","Leymus mollis","(Trin.) Pilg."
"HJO2","Poa annua","Poa annua L.","2704179","EXACT","97","ACCEPTED","SPECIES","Plantae","Tracheophyta","Liliopsida","Poales","Poaceae","Poa","Poa annua","Poa annua","L."
"HJO20","Bellis perennis","Bellis perennis L.","3117424","EXACT","99","ACCEPTED","SPECIES","Plantae","Tracheophyta","Magnoliopsida","Asterales","Asteraceae","Bellis","Bellis perennis","Bellis perennis","L."
"HJO200","Plectritis congesta","Plectritis congesta (Lindl.) DC.","2888738","EXACT","98","SYNONYM","SPECIES","Plantae","Tracheophyta","Magnoliopsida","Dipsacales","Caprifoliaceae","Valeriana","Valeriana congesta","Plectritis congesta","(Lindl.) DC."
"HJO201","Sedum lanceolatum","Sedum lanceolatum Torr.","5362021","EXACT","99","ACCEPTED","SPECIES","Plantae","Tracheophyta","Magnoliopsida","Saxifragales","Crassulaceae","Sedum","Sedum lanceolatum","Sedum lanceolatum","Torr."
"HJO202","Vicia americana","Vicia americana Muhl. ex Willd.","2975204","EXACT","97","ACCEPTED","SPECIES","Plantae","Tracheophyta","Magnoliopsida","Fabales","Fabaceae","Vicia","Vicia americana","Vicia americana","Muhl. ex Willd."
"HJO203","Camassia leichtlinii","Camassia leichtlinii (Baker) S.Watson","2769069","EXACT","99","ACCEPTED","SPECIES","Plantae","Tracheophyta","Liliopsida","Asparagales","Asparagaceae","Camassia","Camassia leichtlinii","Camassia leichtlinii","(Baker) S.Watson"
"HJO204","Toxicoscordion venenosum","Toxicoscordion venenosum (S.Watson) Rydb.","2741783","EXACT","99","ACCEPTED","SPECIES","Plantae","Tracheophyta","Liliopsida","Liliales","Melanthiaceae","Toxicoscordion","Toxicoscordion venenosum","Toxicoscordion venenosum","(S.Watson) Rydb."
"HJO205","Silene coronaria","Silene coronaria (L.) Clairv.","5384741","EXACT","97","ACCEPTED","SPECIES","Plantae","Tracheophyta","Magnoliopsida","Caryophyllales","Caryophyllaceae","Silene","Silene coronaria","Silene coronaria","(L.) Clairv."
"HJO206","Neottia cordata","Neottia cordata (L.) Rich.","2816213","EXACT","99","ACCEPTED","SPECIES","Plantae","Tracheophyta","Liliopsida","Asparagales","Orchidaceae","Neottia","Neottia cordata","Neottia cordata","(L.) Rich."
"HJO207","Vinca major","Vinca major L.","3169708","EXACT","97","ACCEPTED","SPECIES","Plantae","Tracheophyta","Magnoliopsida","Gentianales","Apocynaceae","Vinca","Vinca major","Vinca major","L."
"HJO208","Sedum album","Sedum album L.","5362008","EXACT","98","ACCEPTED","SPECIES","Plantae","Tracheophyta","Magnoliopsida","Saxifragales","Crassulaceae","Sedum","Sedum album","Sedum album","L."
"HJO209","Santolina chamaecyparissus","Santolina chamaecyparissus L.","3125933","EXACT","99","ACCEPTED","SPECIES","Plantae","Tracheophyta","Magnoliopsida","Asterales","Asteraceae","Santolina","Santolina chamaecyparissus","Santolina chamaecyparissus","L."
"HJO21","Matricaria discoidea","Matricaria discoidea DC.","3103791","EXACT","97","ACCEPTED","SPECIES","Plantae","Tracheophyta","Magnoliopsida","Asterales","Asteraceae","Matricaria","Matricaria discoidea","Matricaria discoidea","DC."
"HJO210","Hypericum calycinum","Hypericum calycinum L.","3189497","EXACT","99","ACCEPTED","SPECIES","Plantae","Tracheophyta","Magnoliopsida","Malpighiales","Hypericaceae","Hypericum","Hypericum calycinum","Hypericum calycinum","L."
"HJO211","Cytisus scoparius","Cytisus scoparius (L.) Link","5354656","EXACT","99","ACCEPTED","SPECIES","Plantae","Tracheophyta","Magnoliopsida","Fabales","Fabaceae","Cytisus","Cytisus scoparius","Cytisus scoparius","(L.) Link"
"HJO213","Artemisia campestris","Artemisia campestris L.","3121461","EXACT","97","ACCEPTED","SPECIES","Plantae","Tracheophyta","Magnoliopsida","Asterales","Asteraceae","Artemisia","Artemisia campestris","Artemisia campestris","L."
"HJO214","Trifolium macraei","Trifolium macraei Hook. & Arn.","5359126","EXACT","99","ACCEPTED","SPECIES","Plantae","Tracheophyta","Magnoliopsida","Fabales","Fabaceae","Trifolium","Trifolium macraei","Trifolium macraei","Hook. & Arn."
"HJO216","Sedum","Sedum L.","5361975","EXACT","94","ACCEPTED","GENUS","Plantae","Tracheophyta","Magnoliopsida","Saxifragales","Crassulaceae","Sedum",,"Sedum","L."
"HJO217","Papaver orientale","Papaver orientale L.","2888437","EXACT","97","ACCEPTED","SPECIES","Plantae","Tracheophyta","Magnoliopsida","Ranunculales","Papaveraceae","Papaver","Papaver orientale","Papaver orientale","L."
"HJO218","Papaver somniferum","Papaver somniferum L.","2888439","EXACT","99","ACCEPTED","SPECIES","Plantae","Tracheophyta","Magnoliopsida","Ranunculales","Papaveraceae","Papaver","Papaver somniferum","Papaver somniferum","L."
"HJO219","Calendula","Calendula L.","3104843","EXACT","92","ACCEPTED","GENUS","Plantae","Tracheophyta","Magnoliopsida","Asterales","Asteraceae","Calendula",,"Calendula","L."
"HJO22","Pseudotsuga menziesii","Pseudotsuga menziesii (Mirb.) Franco","2685796","EXACT","99","ACCEPTED","SPECIES","Plantae","Tracheophyta","Pinopsida","Pinales","Pinaceae","Pseudotsuga","Pseudotsuga menziesii","Pseudotsuga menziesii","(Mirb.) Franco"
"HJO220","Oenothera","Oenothera L.","3188799","EXACT","94","ACCEPTED","GENUS","Plantae","Tracheophyta","Magnoliopsida","Myrtales","Onagraceae","Oenothera",,"Oenothera","L."
"HJO222","Juncus acuminatus","Juncus acuminatus Michx.","2701323","EXACT","97","ACCEPTED","SPECIES","Plantae","Tracheophyta","Liliopsida","Poales","Juncaceae","Juncus","Juncus acuminatus","Juncus acuminatus","Michx."
"HJO226","Persicaria amphibia emersa","Persicaria amphibia var. emersa (Michx.) J.C.Hickman","4037007","EXACT","98","ACCEPTED","VARIETY","Plantae","Tracheophyta","Magnoliopsida","Caryophyllales","Polygonaceae","Persicaria","Persicaria amphibia","Persicaria amphibia emersa","(Michx.) J.C.Hickman"
"HJO227","Hippuris vulgaris","Hippuris vulgaris L.","5372503","EXACT","99","ACCEPTED","SPECIES","Plantae","Tracheophyta","Magnoliopsida","Lamiales","Plantaginaceae","Hippuris","Hippuris vulgaris","Hippuris vulgaris","L."
"HJO228","Lycopus","Lycopus L.","2927122","EDITED","99","ACCEPTED","GENUS","Plantae","Tracheophyta","Magnoliopsida","Lamiales","Lamiaceae","Lycopus",,"Lycopus",
"HJO229","Juncus balticus filiformis","Juncus balticus × filiformis","10572644","EDITED","69","ACCEPTED","SPECIES","Plantae","Tracheophyta","Liliopsida","Poales","Juncaceae","Juncus","Juncus balticus × filiformis","Juncus balticus × filiformis",
"HJO23","Sedum spathulifolium","Sedum spathulifolium Hook.","5362046","EXACT","99","ACCEPTED","SPECIES","Plantae","Tracheophyta","Magnoliopsida","Saxifragales","Crassulaceae","Sedum","Sedum spathulifolium","Sedum spathulifolium","Hook."
"HJO230","Crataegus douglasii","Crataegus douglasii Lindl.","3013580","EXACT","97","ACCEPTED","SPECIES","Plantae","Tracheophyta","Magnoliopsida","Rosales","Rosaceae","Crataegus","Crataegus douglasii","Crataegus douglasii","Lindl."
"HJO231","Eschscholzia californica","Eschscholzia californica Cham.","2888380","EXACT","98","ACCEPTED","SPECIES","Plantae","Tracheophyta","Magnoliopsida","Ranunculales","Papaveraceae","Eschscholzia","Eschscholzia californica","Eschscholzia californica","Cham."
"HJO232","Conioselinum gmelinii","Conioselinum gmelinii (Cham. & Schltdl.) J.M.Coult. & Rose","7805048","EXACT","99","ACCEPTED","SPECIES","Plantae","Tracheophyta","Magnoliopsida","Apiales","Apiaceae","Conioselinum","Conioselinum gmelinii","Conioselinum gmelinii","(Cham. & Schltdl.) J.M.Coult. & Rose"
"HJO234","Anagallis arvensis","Anagallis arvensis L.","3169305","EXACT","98","SYNONYM","SPECIES","Plantae","Tracheophyta","Magnoliopsida","Ericales","Primulaceae","Lysimachia","Lysimachia arvensis","Anagallis arvensis","L."
"HJO235","Festuca myuros","Festuca myuros L.","2702727","EXACT","97","ACCEPTED","SPECIES","Plantae","Tracheophyta","Liliopsida","Poales","Poaceae","Festuca","Festuca myuros","Festuca myuros","L."
"HJO24","Juniperus scopulorum","Juniperus scopulorum Sarg.","2684773","EXACT","99","ACCEPTED","SPECIES","Plantae","Tracheophyta","Pinopsida","Pinales","Cupressaceae","Juniperus","Juniperus scopulorum","Juniperus scopulorum","Sarg."
"HJO240","Symphoricarpos albus","Symphoricarpos albus (L.) K.Koch","8012439","EXACT","97","ACCEPTED","SPECIES","Plantae","Tracheophyta","Magnoliopsida","Dipsacales","Caprifoliaceae","Symphoricarpos","Symphoricarpos albus","Symphoricarpos albus","(L.) K.Koch"
"HJO241","Rosa gymnocarpa","Rosa gymnocarpa Nutt. ex Torr. & A.Gray","3003240","EXACT","98","ACCEPTED","SPECIES","Plantae","Tracheophyta","Magnoliopsida","Rosales","Rosaceae","Rosa","Rosa gymnocarpa","Rosa gymnocarpa","Nutt. ex Torr. & A.Gray"
"HJO243","Rubus leucodermis","Rubus leucodermis Douglas ex Hook.","8110785","EXACT","97","ACCEPTED","SPECIES","Plantae","Tracheophyta","Magnoliopsida","Rosales","Rosaceae","Rubus","Rubus leucodermis","Rubus leucodermis","Douglas ex Hook."
"HJO244","Heuchera micrantha","Heuchera micrantha Douglas","8365087","EXACT","98","ACCEPTED","SPECIES","Plantae","Tracheophyta","Magnoliopsida","Saxifragales","Saxifragaceae","Heuchera","Heuchera micrantha","Heuchera micrantha","Douglas"
"HJO246","Elymus glaucus","Elymus glaucus Buckley","5290269","EXACT","97","ACCEPTED","SPECIES","Plantae","Tracheophyta","Liliopsida","Poales","Poaceae","Elymus","Elymus glaucus","Elymus glaucus","Buckley"
"HJO248","Lonicera hispidula","Lonicera hispidula (Lindl.) Douglas ex Lindl.","7532185","EXACT","97","ACCEPTED","SPECIES","Plantae","Tracheophyta","Magnoliopsida","Dipsacales","Caprifoliaceae","Lonicera","Lonicera hispidula","Lonicera hispidula","(Lindl.) Douglas ex Lindl."
"HJO25","Lonicera ciliosa","Lonicera ciliosa (Pursh) Poir.","8135635","EXACT","97","ACCEPTED","SPECIES","Plantae","Tracheophyta","Magnoliopsida","Dipsacales","Caprifoliaceae","Lonicera","Lonicera ciliosa","Lonicera ciliosa","(Pursh) Poir."
"HJO250","Gaultheria shallon","Gaultheria shallon Pursh","2882758","EXACT","99","ACCEPTED","SPECIES","Plantae","Tracheophyta","Magnoliopsida","Ericales","Ericaceae","Gaultheria","Gaultheria shallon","Gaultheria shallon","Pursh"
"HJO251","Salix scouleriana","Salix scouleriana Barratt","7587287","EXACT","97","ACCEPTED","SPECIES","Plantae","Tracheophyta","Magnoliopsida","Malpighiales","Salicaceae","Salix","Salix scouleriana","Salix scouleriana","Barratt"
"HJO253","Plantago maritima","Plantago maritima L.","3189755","EXACT","97","ACCEPTED","SPECIES","Plantae","Tracheophyta","Magnoliopsida","Lamiales","Plantaginaceae","Plantago","Plantago maritima","Plantago maritima","L."
"HJO258","Amelanchier alnifolia","Amelanchier alnifolia (Nutt.) Nutt.","8168485","EXACT","97","ACCEPTED","SPECIES","Plantae","Tracheophyta","Magnoliopsida","Rosales","Rosaceae","Amelanchier","Amelanchier alnifolia","Amelanchier alnifolia","(Nutt.) Nutt."
"HJO260","Madia madioides","Madia madioides (Nutt.) Greene","3130716","EXACT","97","SYNONYM","SPECIES","Plantae","Tracheophyta","Magnoliopsida","Asterales","Asteraceae","Anisocarpus","Anisocarpus madioides","Madia madioides","(Nutt.) Greene"
"HJO262","Bromus vulgaris","Bromus vulgaris (Hook.) Shear","2703655","EXACT","99","ACCEPTED","SPECIES","Plantae","Tracheophyta","Liliopsida","Poales","Poaceae","Bromus","Bromus vulgaris","Bromus vulgaris","(Hook.) Shear"
"HJO263","Thuja plicata","Thuja plicata Donn ex D.Don","2684171","EXACT","98","ACCEPTED","SPECIES","Plantae","Tracheophyta","Pinopsida","Pinales","Cupressaceae","Thuja","Thuja plicata","Thuja plicata","Donn ex D.Don"
"HJO265","Berberis nervosa","Berberis nervosa Pursh","3033877","EXACT","98","SYNONYM","SPECIES","Plantae","Tracheophyta","Magnoliopsida","Ranunculales","Berberidaceae","Mahonia","Mahonia nervosa","Berberis nervosa","Pursh"
"HJO266","Plantago lanceolata","Plantago lanceolata L.","8208358","EXACT","98","ACCEPTED","SPECIES","Plantae","Tracheophyta","Magnoliopsida","Lamiales","Plantaginaceae","Plantago","Plantago lanceolata","Plantago lanceolata","L."
"HJO267","Platanthera elegans","Platanthera elegans Lindl.","2797001","EXACT","99","ACCEPTED","SPECIES","Plantae","Tracheophyta","Liliopsida","Asparagales","Orchidaceae","Platanthera","Platanthera elegans","Platanthera elegans","Lindl."
"HJO268","Hordeum brachyantherum","Hordeum brachyantherum Nevski","2706066","EXACT","98","ACCEPTED","SPECIES","Plantae","Tracheophyta","Liliopsida","Poales","Poaceae","Hordeum","Hordeum brachyantherum","Hordeum brachyantherum","Nevski"
"HJO269","Cerastium arvense","Cerastium arvense L.","3085433","EXACT","97","ACCEPTED","SPECIES","Plantae","Tracheophyta","Magnoliopsida","Caryophyllales","Caryophyllaceae","Cerastium","Cerastium arvense","Cerastium arvense","L."
"HJO27","Filago germanica","Filago germanica L.","7533148","EXACT","97","ACCEPTED","SPECIES","Plantae","Tracheophyta","Magnoliopsida","Asterales","Asteraceae","Filago","Filago germanica","Filago germanica","L."
"HJO270","Cerastium viscosum","Cerastium viscosum L.","7877609","EDITED","97","SYNONYM","SPECIES","Plantae","Tracheophyta","Magnoliopsida","Caryophyllales","Caryophyllaceae","Cerastium","Cerastium glomeratum","Cerastium viscosum",
"HJO271","Fritillaria lanceolata","Fritillaria Tourn. ex L.","2752152","EDITED","97","ACCEPTED","GENUS","Plantae","Tracheophyta","Liliopsida","Liliales","Liliaceae","Fritillaria",,"Fritillaria","Tourn. ex L."
"HJO272","Festuca rubra","Festuca rubra L.","2704922","EXACT","98","ACCEPTED","SPECIES","Plantae","Tracheophyta","Liliopsida","Poales","Poaceae","Festuca","Festuca rubra","Festuca rubra","L."
"HJO273","Luzula campestris","Luzula campestris (L.) DC.","2700828","EXACT","98","ACCEPTED","SPECIES","Plantae","Tracheophyta","Liliopsida","Poales","Juncaceae","Luzula","Luzula campestris","Luzula campestris","(L.) DC."
"HJO275","Lysimachia latifolia","Lysimachia latifolia (Hook.) Cholewa","8072937","EXACT","99","ACCEPTED","SPECIES","Plantae","Tracheophyta","Magnoliopsida","Ericales","Primulaceae","Lysimachia","Lysimachia latifolia","Lysimachia latifolia","(Hook.) Cholewa"
"HJO276","Polypodium glycyrrhiza","Polypodium glycyrrhiza D.C.Eaton","5274957","EXACT","99","ACCEPTED","SPECIES","Plantae","Tracheophyta","Polypodiopsida","Polypodiales","Polypodiaceae","Polypodium","Polypodium glycyrrhiza","Polypodium glycyrrhiza","D.C.Eaton"
"HJO277","Festuca occidentalis","Festuca occidentalis Hook.","2705003","EXACT","97","ACCEPTED","SPECIES","Plantae","Tracheophyta","Liliopsida","Poales","Poaceae","Festuca","Festuca occidentalis","Festuca occidentalis","Hook."
"HJO278","Trisetum canescens","Trisetum canescens Buckley","2704375","EXACT","99","ACCEPTED","SPECIES","Plantae","Tracheophyta","Liliopsida","Poales","Poaceae","Trisetum","Trisetum canescens","Trisetum canescens","Buckley"
"HJO279","Rubus ursinus","Rubus ursinus Cham. & Schltdl.","2990646","EXACT","97","ACCEPTED","SPECIES","Plantae","Tracheophyta","Magnoliopsida","Rosales","Rosaceae","Rubus","Rubus ursinus","Rubus ursinus","Cham. & Schltdl."
"HJO282","Polystichum munitum","Polystichum munitum (Kaulf.) C.Presl","2651122","EXACT","99","ACCEPTED","SPECIES","Plantae","Tracheophyta","Polypodiopsida","Polypodiales","Dryopteridaceae","Polystichum","Polystichum munitum","Polystichum munitum","(Kaulf.) C.Presl"
"HJO283","Hieracium albiflorum","Hieracium albiflorum Hook.","3136067","EXACT","99","ACCEPTED","SPECIES","Plantae","Tracheophyta","Magnoliopsida","Asterales","Asteraceae","Hieracium","Hieracium albiflorum","Hieracium albiflorum","Hook."
"HJO284","Elymus repens","Elymus repens (L.) Gould","5290299","EXACT","99","ACCEPTED","SPECIES","Plantae","Tracheophyta","Liliopsida","Poales","Poaceae","Elymus","Elymus repens","Elymus repens","(L.) Gould"
"HJO285","Achillea millefolium","Achillea millefolium L.","3120060","EXACT","97","ACCEPTED","SPECIES","Plantae","Tracheophyta","Magnoliopsida","Asterales","Asteraceae","Achillea","Achillea millefolium","Achillea millefolium","L."
"HJO286","Orobanche uniflorum","Orobanche uniflora L.","3173293","EDITED","96","SYNONYM","SPECIES","Plantae","Tracheophyta","Magnoliopsida","Lamiales","Orobanchaceae","Aphyllon","Aphyllon uniflorum","Orobanche uniflora","L."
"HJO287","Bromus hordeaceus","Bromus hordeaceus L.","2703777","EXACT","97","ACCEPTED","SPECIES","Plantae","Tracheophyta","Liliopsida","Poales","Poaceae","Bromus","Bromus hordeaceus","Bromus hordeaceus","L."
"HJO288","Trifolium willdenovii","Trifolium willdenovii Spreng.","5358922","EXACT","99","ACCEPTED","SPECIES","Plantae","Tracheophyta","Magnoliopsida","Fabales","Fabaceae","Trifolium","Trifolium willdenovii","Trifolium willdenovii","Spreng."
"HJO289","Egeria densa","Egeria densa Planch.","5329260","EXACT","98","SYNONYM","SPECIES","Plantae","Tracheophyta","Liliopsida","Alismatales","Hydrocharitaceae","Elodea","Elodea densa","Egeria densa","Planch."
"HJO290","Potamogeton richardsonii","Potamogeton richardsonii (A.Benn.) Rydb.","5301198","EXACT","99","ACCEPTED","SPECIES","Plantae","Tracheophyta","Liliopsida","Alismatales","Potamogetonaceae","Potamogeton","Potamogeton richardsonii","Potamogeton richardsonii","(A.Benn.) Rydb."
"HJO291","Potamogeton praelongus","Potamogeton praelongus Wulfen","5301213","EXACT","97","ACCEPTED","SPECIES","Plantae","Tracheophyta","Liliopsida","Alismatales","Potamogetonaceae","Potamogeton","Potamogeton praelongus","Potamogeton praelongus","Wulfen"
"HJO292","Carex exsiccata","Carex exsiccata L.H.Bailey","2726663","EXACT","99","ACCEPTED","SPECIES","Plantae","Tracheophyta","Liliopsida","Poales","Cyperaceae","Carex","Carex exsiccata","Carex exsiccata","L.H.Bailey"
"HJO294","Agrostis gigantea","Agrostis gigantea Roth","2706541","EXACT","99","ACCEPTED","SPECIES","Plantae","Tracheophyta","Liliopsida","Poales","Poaceae","Agrostis","Agrostis gigantea","Agrostis gigantea","Roth"
"HJO296","Spiraea douglassii","Spiraea douglasii Hook.","3027159","EDITED","96","ACCEPTED","SPECIES","Plantae","Tracheophyta","Magnoliopsida","Rosales","Rosaceae","Spiraea","Spiraea douglasii","Spiraea douglasii","Hook."
"HJO297","Salix lasiandra","Salix lasiandra Benth.","6362957","EXACT","98","SYNONYM","SPECIES","Plantae","Tracheophyta","Magnoliopsida","Malpighiales","Salicaceae","Salix","Salix lucida","Salix lasiandra","Benth."
"HJO298","Sparganium emersum","Sparganium emersum Rehmann","2702266","EXACT","99","ACCEPTED","SPECIES","Plantae","Tracheophyta","Liliopsida","Poales","Typhaceae","Sparganium","Sparganium emersum","Sparganium emersum","Rehmann"
"HJO3","Lolium perenne","Lolium perenne L.","2706241","EXACT","98","ACCEPTED","SPECIES","Plantae","Tracheophyta","Liliopsida","Poales","Poaceae","Lolium","Lolium perenne","Lolium perenne","L."
"HJO301","Myriopphyllum spicatum","Myriophyllum spicatum L.","5361760","EDITED","80","ACCEPTED","SPECIES","Plantae","Tracheophyta","Magnoliopsida","Saxifragales","Haloragaceae","Myriophyllum","Myriophyllum spicatum","Myriophyllum spicatum","L."
"HJO302","Rubus spectabilis","Rubus spectabilis Pursh","2993761","EXACT","97","ACCEPTED","SPECIES","Plantae","Tracheophyta","Magnoliopsida","Rosales","Rosaceae","Rubus","Rubus spectabilis","Rubus spectabilis","Pursh"
"HJO303","Lycopus uniflorus","Lycopus uniflorus Michx.","5341480","EXACT","99","ACCEPTED","SPECIES","Plantae","Tracheophyta","Magnoliopsida","Lamiales","Lamiaceae","Lycopus","Lycopus uniflorus","Lycopus uniflorus","Michx."
"HJO305","Symphyotricum subspicatum","Symphyotrichum subspicatum (Nees) G.L.Nesom","3151704","EDITED","85","ACCEPTED","SPECIES","Plantae","Tracheophyta","Magnoliopsida","Asterales","Asteraceae","Symphyotrichum","Symphyotrichum subspicatum","Symphyotrichum subspicatum","(Nees) G.L.Nesom"
"HJO306","Carex lasiocarpa","Carex lasiocarpa Ehrh.","2728531","EXACT","99","ACCEPTED","SPECIES","Plantae","Tracheophyta","Liliopsida","Poales","Cyperaceae","Carex","Carex lasiocarpa","Carex lasiocarpa","Ehrh."
"HJO307","Scirpus acutus","Scirpus acutus Willd. ex Kunth, 1837","7660482","EXACT","97","ACCEPTED","SPECIES","Plantae","Tracheophyta","Liliopsida","Poales","Cyperaceae","Scirpus","Scirpus acutus","Scirpus acutus","Willd. ex Kunth, 1837"
"HJO308","Potamogeton robbinsii","Potamogeton robbinsii Oakes","5301182","EXACT","99","ACCEPTED","SPECIES","Plantae","Tracheophyta","Liliopsida","Alismatales","Potamogetonaceae","Potamogeton","Potamogeton robbinsii","Potamogeton robbinsii","Oakes"
"HJO309","Potamogeton amplifolius","Potamogeton amplifolius Tuck.","5301159","EXACT","99","ACCEPTED","SPECIES","Plantae","Tracheophyta","Liliopsida","Alismatales","Potamogetonaceae","Potamogeton","Potamogeton amplifolius","Potamogeton amplifolius","Tuck."
"HJO31","Bromus sterilis","Bromus sterilis L.","2703647","EXACT","97","ACCEPTED","SPECIES","Plantae","Tracheophyta","Liliopsida","Poales","Poaceae","Bromus","Bromus sterilis","Bromus sterilis","L."
"HJO311","Carex cusickii","Carex cusickii Mack.","2729757","EXACT","98","ACCEPTED","SPECIES","Plantae","Tracheophyta","Liliopsida","Poales","Cyperaceae","Carex","Carex cusickii","Carex cusickii","Mack."
"HJO312","Comarum palustre","Comarum palustre L.","3020532","EXACT","99","ACCEPTED","SPECIES","Plantae","Tracheophyta","Magnoliopsida","Rosales","Rosaceae","Comarum","Comarum palustre","Comarum palustre","L."
"HJO314","Drosera rotundifolia","Drosera rotundifolia L.","3191030","EXACT","98","ACCEPTED","SPECIES","Plantae","Tracheophyta","Magnoliopsida","Caryophyllales","Droseraceae","Drosera","Drosera rotundifolia","Drosera rotundifolia","L."
"HJO316","Nymphae odorata","Nymphaea odorata Sol. ex Aiton","2882412","EDITED","80","ACCEPTED","SPECIES","Plantae","Tracheophyta","Magnoliopsida","Nymphaeales","Nymphaeaceae","Nymphaea","Nymphaea odorata","Nymphaea odorata","Sol. ex Aiton"
"HJO318","Elodea densa","Elodea densa (Planch.) Casp.","5329263","EXACT","99","ACCEPTED","SPECIES","Plantae","Tracheophyta","Liliopsida","Alismatales","Hydrocharitaceae","Elodea","Elodea densa","Elodea densa","(Planch.) Casp."
"HJO32","Daucus pusillus","Daucus pusillus Michx.","3034741","EXACT","99","ACCEPTED","SPECIES","Plantae","Tracheophyta","Magnoliopsida","Apiales","Apiaceae","Daucus","Daucus pusillus","Daucus pusillus","Michx."
"HJO320","Schoenoplectus acutus","Schoenoplectus acutus (Muhl. ex Bigelow) Á.Löve & D.Löve","2710926","EXACT","99","ACCEPTED","SPECIES","Plantae","Tracheophyta","Liliopsida","Poales","Cyperaceae","Schoenoplectus","Schoenoplectus acutus","Schoenoplectus acutus","(Muhl. ex Bigelow) Á.Löve & D.Löve"
"HJO321","Spiraea","Spiraea L.","3026392","EXACT","94","ACCEPTED","GENUS","Plantae","Tracheophyta","Magnoliopsida","Rosales","Rosaceae","Spiraea",,"Spiraea","L."
"HJO322","Salix","Salix Kott, 2005","7704468","EDITED","99","ACCEPTED","GENUS","Animalia","Chordata","Ascidiacea","Aplousobranchia","Polycitoridae","Salix",,"Salix",
"HJO323","Alnus","Alnus Mill.","2876099","EXACT","92","ACCEPTED","GENUS","Plantae","Tracheophyta","Magnoliopsida","Fagales","Betulaceae","Alnus",,"Alnus","Mill."
"HJO327","Agrostis scabra","Agrostis scabra Willd.","2706444","EXACT","97","ACCEPTED","SPECIES","Plantae","Tracheophyta","Liliopsida","Poales","Poaceae","Agrostis","Agrostis scabra","Agrostis scabra","Willd."
"HJO329","Sphagnum","Sphagnum L.","2668958","EXACT","94","ACCEPTED","GENUS","Plantae","Bryophyta","Sphagnopsida","Sphagnales","Sphagnaceae","Sphagnum",,"Sphagnum","L."
"HJO330","Carex interior","Carex interior L.H.Bailey","2728807","EXACT","99","ACCEPTED","SPECIES","Plantae","Tracheophyta","Liliopsida","Poales","Cyperaceae","Carex","Carex interior","Carex interior","L.H.Bailey"
"HJO331","Rhododendron groenlandicum","Rhododendron groenlandicum (Oeder) Kron & Judd","2882984","EXACT","99","ACCEPTED","SPECIES","Plantae","Tracheophyta","Magnoliopsida","Ericales","Ericaceae","Rhododendron","Rhododendron groenlandicum","Rhododendron groenlandicum","(Oeder) Kron & Judd"
"HJO334","Spiraea douglasii","Spiraea douglasii Hook.","3027159","EXACT","99","ACCEPTED","SPECIES","Plantae","Tracheophyta","Magnoliopsida","Rosales","Rosaceae","Spiraea","Spiraea douglasii","Spiraea douglasii","Hook."
"HJO336","Viola palustris","Viola palustris L.","5331355","EXACT","99","ACCEPTED","SPECIES","Plantae","Tracheophyta","Magnoliopsida","Malpighiales","Violaceae","Viola","Viola palustris","Viola palustris","L."
"HJO337","Dulichium arundinaceum","Dulichium arundinaceum (L.) Britton","5292775","EXACT","98","ACCEPTED","SPECIES","Plantae","Tracheophyta","Liliopsida","Poales","Cyperaceae","Dulichium","Dulichium arundinaceum","Dulichium arundinaceum","(L.) Britton"
"HJO338","Carex lenticularis","Carex lenticularis Michx.","2723525","EXACT","97","ACCEPTED","SPECIES","Plantae","Tracheophyta","Liliopsida","Poales","Cyperaceae","Carex","Carex lenticularis","Carex lenticularis","Michx."
"HJO342","Juncus ensifolius","Juncus ensifolius Wikstr.","2701612","EXACT","99","ACCEPTED","SPECIES","Plantae","Tracheophyta","Liliopsida","Poales","Juncaceae","Juncus","Juncus ensifolius","Juncus ensifolius","Wikstr."
"HJO343","Kalmia polifolia","Kalmia polifolia Wangenh.","2882990","EXACT","99","ACCEPTED","SPECIES","Plantae","Tracheophyta","Magnoliopsida","Ericales","Ericaceae","Kalmia","Kalmia polifolia","Kalmia polifolia","Wangenh."
"HJO347","Juncus effusus","Juncus effusus L.","2701311","EXACT","98","ACCEPTED","SPECIES","Plantae","Tracheophyta","Liliopsida","Poales","Juncaceae","Juncus","Juncus effusus","Juncus effusus","L."
"HJO348","Torreyochloa pallida pauciflora","Torreyochloa pallida var. pauciflora (J.Presl) J.I.Davis","4124296","EXACT","98","ACCEPTED","VARIETY","Plantae","Tracheophyta","Liliopsida","Poales","Poaceae","Torreyochloa","Torreyochloa pallida","Torreyochloa pallida pauciflora","(J.Presl) J.I.Davis"
"HJO35","Vaccinium parvifolium","Vaccinium parvifolium Sm.","2882910","EXACT","99","ACCEPTED","SPECIES","Plantae","Tracheophyta","Magnoliopsida","Ericales","Ericaceae","Vaccinium","Vaccinium parvifolium","Vaccinium parvifolium","Sm."
"HJO354","Elodea canadensis","Elodea canadensis Michx.","2865448","EXACT","97","ACCEPTED","SPECIES","Plantae","Tracheophyta","Liliopsida","Alismatales","Hydrocharitaceae","Elodea","Elodea canadensis","Elodea canadensis","Michx."
"HJO357","Cicuta douglasii","Cicuta douglasii (DC.) J.M.Coult. & Rose","5371862","EXACT","99","ACCEPTED","SPECIES","Plantae","Tracheophyta","Magnoliopsida","Apiales","Apiaceae","Cicuta","Cicuta douglasii","Cicuta douglasii","(DC.) J.M.Coult. & Rose"
"HJO358","Sium suave","Sium suave Walter","3034526","EXACT","99","ACCEPTED","SPECIES","Plantae","Tracheophyta","Magnoliopsida","Apiales","Apiaceae","Sium","Sium suave","Sium suave","Walter"
"HJO359","Lysimachia thyrsiflora","Lysimachia thyrsiflora L.","3169358","EXACT","98","ACCEPTED","SPECIES","Plantae","Tracheophyta","Magnoliopsida","Ericales","Primulaceae","Lysimachia","Lysimachia thyrsiflora","Lysimachia thyrsiflora","L."
"HJO36","Vicia gigantea","Vicia gigantea Bunge","2946898","EDITED","97","SYNONYM","SPECIES","Plantae","Tracheophyta","Magnoliopsida","Fabales","Fabaceae","Vicia","Vicia ramosissima","Vicia gigantea",
"HJO362","Cornus sericea","Cornus sericea L.","3082244","EXACT","99","ACCEPTED","SPECIES","Plantae","Tracheophyta","Magnoliopsida","Cornales","Cornaceae","Cornus","Cornus sericea","Cornus sericea","L."
"HJO369","Nuphar","Nuphar Sm.","2882408","EXACT","94","ACCEPTED","GENUS","Plantae","Tracheophyta","Magnoliopsida","Nymphaeales","Nymphaeaceae","Nuphar",,"Nuphar","Sm."
"HJO37","Ribes sanguineum","Ribes sanguineum Pursh","2986130","EXACT","99","ACCEPTED","SPECIES","Plantae","Tracheophyta","Magnoliopsida","Saxifragales","Grossulariaceae","Ribes","Ribes sanguineum","Ribes sanguineum","Pursh"
"HJO370","Oenanthe sarmentosa","Oenanthe sarmentosa C.Presl ex DC.","5371891","EXACT","97","ACCEPTED","SPECIES","Plantae","Tracheophyta","Magnoliopsida","Apiales","Apiaceae","Oenanthe","Oenanthe sarmentosa","Oenanthe sarmentosa","C.Presl ex DC."
"HJO372","Phalaris arundinacea","Phalaris arundinacea L.","5289756","EXACT","98","ACCEPTED","SPECIES","Plantae","Tracheophyta","Liliopsida","Poales","Poaceae","Phalaris","Phalaris arundinacea","Phalaris arundinacea","L."
"HJO38","Grindelia integrifolia","Grindelia integrifolia DC.","3146296","EXACT","99","ACCEPTED","SPECIES","Plantae","Tracheophyta","Magnoliopsida","Asterales","Asteraceae","Grindelia","Grindelia integrifolia","Grindelia integrifolia","DC."
"HJO392","Typha","Typha L.","2702102","EXACT","94","ACCEPTED","GENUS","Plantae","Tracheophyta","Liliopsida","Poales","Typhaceae","Typha",,"Typha","L."
"HJO394","Potamogeton robinsii","Potamogeton robbinsii Oakes","5301182","EDITED","96","ACCEPTED","SPECIES","Plantae","Tracheophyta","Liliopsida","Alismatales","Potamogetonaceae","Potamogeton","Potamogeton robbinsii","Potamogeton robbinsii","Oakes"
"HJO399","Cornus","Cornus L.","3082226","EXACT","94","ACCEPTED","GENUS","Plantae","Tracheophyta","Magnoliopsida","Cornales","Cornaceae","Cornus",,"Cornus","L."
"HJO400","Veronica arvensis","Veronica arvensis L.","3172048","EXACT","98","ACCEPTED","SPECIES","Plantae","Tracheophyta","Magnoliopsida","Lamiales","Plantaginaceae","Veronica","Veronica arvensis","Veronica arvensis","L."
"HJO405","Juncus bufonius","Juncus bufonius L.","6413649","EXACT","99","ACCEPTED","SPECIES","Plantae","Tracheophyta","Liliopsida","Poales","Juncaceae","Juncus","Juncus bufonius","Juncus bufonius","L."
"HJO406","Plantago elongata","Plantago elongata Pursh","3189741","EXACT","98","ACCEPTED","SPECIES","Plantae","Tracheophyta","Magnoliopsida","Lamiales","Plantaginaceae","Plantago","Plantago elongata","Plantago elongata","Pursh"
"HJO409","Sedum oreganum","Sedum oreganum Nutt. ex Torr. & A.Gray","8955469","EXACT","97","ACCEPTED","SPECIES","Plantae","Tracheophyta","Magnoliopsida","Saxifragales","Crassulaceae","Sedum","Sedum oreganum","Sedum oreganum","Nutt. ex Torr. & A.Gray"
"HJO411","Prunella vulgaris","Prunella vulgaris L.","5341297","EXACT","98","ACCEPTED","SPECIES","Plantae","Tracheophyta","Magnoliopsida","Lamiales","Lamiaceae","Prunella","Prunella vulgaris","Prunella vulgaris","L."
"HJO412","Fragaria virginiana","Fragaria virginiana Duchesne","7950792","EXACT","98","ACCEPTED","SPECIES","Plantae","Tracheophyta","Magnoliopsida","Rosales","Rosaceae","Fragaria","Fragaria virginiana","Fragaria virginiana","Duchesne"
"HJO413","Opuntia fragilis","Opuntia fragilis (Nutt.) Haw.","5384113","EXACT","97","ACCEPTED","SPECIES","Plantae","Tracheophyta","Magnoliopsida","Caryophyllales","Cactaceae","Opuntia","Opuntia fragilis","Opuntia fragilis","(Nutt.) Haw."
"HJO416","Grindellia","Grindelia Willd.","3146171","EDITED","74","ACCEPTED","GENUS","Plantae","Tracheophyta","Magnoliopsida","Asterales","Asteraceae","Grindelia",,"Grindelia",
"HJO419","Senecio sylvaticus","Senecio sylvaticus L.","3107987","EXACT","97","ACCEPTED","SPECIES","Plantae","Tracheophyta","Magnoliopsida","Asterales","Asteraceae","Senecio","Senecio sylvaticus","Senecio sylvaticus","L."
"HJO421","Melica subulata","Melica subulata (Griseb.) Scribn.","2703098","EXACT","99","ACCEPTED","SPECIES","Plantae","Tracheophyta","Liliopsida","Poales","Poaceae","Melica","Melica subulata","Melica subulata","(Griseb.) Scribn."
"HJO430","Pinus contorta","Pinus contorta Douglas ex Loudon","5285750","EXACT","97","ACCEPTED","SPECIES","Plantae","Tracheophyta","Pinopsida","Pinales","Pinaceae","Pinus","Pinus contorta","Pinus contorta","Douglas ex Loudon"
"HJO431","Ranunculus occidentalis","Ranunculus occidentalis Nutt.","3033353","EXACT","97","ACCEPTED","SPECIES","Plantae","Tracheophyta","Magnoliopsida","Ranunculales","Ranunculaceae","Ranunculus","Ranunculus occidentalis","Ranunculus occidentalis","Nutt."
"HJO432","Sanicula crassicaulis","Sanicula crassicaulis Poepp. ex DC.","3034844","EXACT","97","ACCEPTED","SPECIES","Plantae","Tracheophyta","Magnoliopsida","Apiales","Apiaceae","Sanicula","Sanicula crassicaulis","Sanicula crassicaulis","Poepp. ex DC."
"HJO433","Ambrosia chamissonis","Ambrosia chamissonis (Less.) Greene","3110718","EXACT","99","ACCEPTED","SPECIES","Plantae","Tracheophyta","Magnoliopsida","Asterales","Asteraceae","Ambrosia","Ambrosia chamissonis","Ambrosia chamissonis","(Less.) Greene"
"HJO436","Lathyrus japonicus","Lathyrus japonicus Willd.","5356714","EXACT","99","ACCEPTED","SPECIES","Plantae","Tracheophyta","Magnoliopsida","Fabales","Fabaceae","Lathyrus","Lathyrus japonicus","Lathyrus japonicus","Willd."
"HJO438","Atriplex patula","Atriplex patula L.","3083728","EXACT","98","ACCEPTED","SPECIES","Plantae","Tracheophyta","Magnoliopsida","Caryophyllales","Amaranthaceae","Atriplex","Atriplex patula","Atriplex patula","L."
"HJO439","Anthoxanthum odoratum","Anthoxanthum odoratum L.","2705975","EXACT","99","ACCEPTED","SPECIES","Plantae","Tracheophyta","Liliopsida","Poales","Poaceae","Anthoxanthum","Anthoxanthum odoratum","Anthoxanthum odoratum","L."
"HJO44","Acer macrophyllum","Acer macrophyllum Pursh","3189835","EXACT","99","ACCEPTED","SPECIES","Plantae","Tracheophyta","Magnoliopsida","Sapindales","Sapindaceae","Acer","Acer macrophyllum","Acer macrophyllum","Pursh"
"HJO440","Danthonia","Danthonia DC.","2703248","EXACT","94","ACCEPTED","GENUS","Plantae","Tracheophyta","Liliopsida","Poales","Poaceae","Danthonia",,"Danthonia","DC."
"HJO442","Carex echinata","Carex echinata Murray","2726894","EXACT","97","ACCEPTED","SPECIES","Plantae","Tracheophyta","Liliopsida","Poales","Cyperaceae","Carex","Carex echinata","Carex echinata","Murray"
"HJO443","Carex aurea","Carex aurea Nutt.","2729306","EXACT","99","ACCEPTED","SPECIES","Plantae","Tracheophyta","Liliopsida","Poales","Cyperaceae","Carex","Carex aurea","Carex aurea","Nutt."
"HJO444","Poa trivialis","Poa trivialis L.","8300875","EXACT","98","ACCEPTED","SPECIES","Plantae","Tracheophyta","Liliopsida","Poales","Poaceae","Poa","Poa trivialis","Poa trivialis","L."
"HJO445","Geranium robertianum","Geranium robertianum L.","2890668","EXACT","99","ACCEPTED","SPECIES","Plantae","Tracheophyta","Magnoliopsida","Geraniales","Geraniaceae","Geranium","Geranium robertianum","Geranium robertianum","L."
"HJO446","Ranunculus uncinatus","Ranunculus uncinatus D.Don ex G.Don","3033395","EXACT","97","ACCEPTED","SPECIES","Plantae","Tracheophyta","Magnoliopsida","Ranunculales","Ranunculaceae","Ranunculus","Ranunculus uncinatus","Ranunculus uncinatus","D.Don ex G.Don"
"HJO448","Galium aparine","Galium aparine L.","2913548","EXACT","99","ACCEPTED","SPECIES","Plantae","Tracheophyta","Magnoliopsida","Gentianales","Rubiaceae","Galium","Galium aparine","Galium aparine","L."
"HJO45","Galium triflorum","Galium triflorum Michx.","2913463","EXACT","97","ACCEPTED","SPECIES","Plantae","Tracheophyta","Magnoliopsida","Gentianales","Rubiaceae","Galium","Galium triflorum","Galium triflorum","Michx."
"HJO451","Dichanthelium scribnerianum","Dichanthelium scribnerianum (Nash) Gould","5940348","EXACT","98","SYNONYM","SPECIES","Plantae","Tracheophyta","Liliopsida","Poales","Poaceae","Dichanthelium","Dichanthelium oligosanthes","Dichanthelium scribnerianum","(Nash) Gould"
"HJO457","Poa compressa","Poa compressa L.","2704265","EXACT","97","ACCEPTED","SPECIES","Plantae","Tracheophyta","Liliopsida","Poales","Poaceae","Poa","Poa compressa","Poa compressa","L."
"HJO458","Carex rostrata","Carex rostrata Stokes","2726725","EXACT","97","ACCEPTED","SPECIES","Plantae","Tracheophyta","Liliopsida","Poales","Cyperaceae","Carex","Carex rostrata","Carex rostrata","Stokes"
"HJO459","Carex canescens","Carex canescens L.","2722942","EXACT","97","ACCEPTED","SPECIES","Plantae","Tracheophyta","Liliopsida","Poales","Cyperaceae","Carex","Carex canescens","Carex canescens","L."
"HJO46","Lactuca muralis","Lactuca muralis (L.) Gaertn.","3140320","EXACT","97","SYNONYM","SPECIES","Plantae","Tracheophyta","Magnoliopsida","Asterales","Asteraceae","Mycelis","Mycelis muralis","Lactuca muralis","(L.) Gaertn."
"HJO460","Lysichiton","Lysichiton Schott","2869300","EXACT","94","ACCEPTED","GENUS","Plantae","Tracheophyta","Liliopsida","Alismatales","Araceae","Lysichiton",,"Lysichiton","Schott"
"HJO464","Sedum acre","Sedum acre L.","5362007","EXACT","97","ACCEPTED","SPECIES","Plantae","Tracheophyta","Magnoliopsida","Saxifragales","Crassulaceae","Sedum","Sedum acre","Sedum acre","L."
"HJO465","Cotoneaster horizontalis","Cotoneaster horizontalis Decne.","3025617","EXACT","99","ACCEPTED","SPECIES","Plantae","Tracheophyta","Magnoliopsida","Rosales","Rosaceae","Cotoneaster","Cotoneaster horizontalis","Cotoneaster horizontalis","Decne."
"HJO466","Packera macounii","Packera macounii (Greene) W.A.Weber & Á.Löve","3114103","EXACT","99","ACCEPTED","SPECIES","Plantae","Tracheophyta","Magnoliopsida","Asterales","Asteraceae","Packera","Packera macounii","Packera macounii","(Greene) W.A.Weber & Á.Löve"
"HJO467","Campanula medium","Campanula medium L.","5411453","EXACT","98","ACCEPTED","SPECIES","Plantae","Tracheophyta","Magnoliopsida","Asterales","Campanulaceae","Campanula","Campanula medium","Campanula medium","L."
"HJO468","Lycopus americanus","Lycopus americanus Muhl. ex W.P.C.Barton","5341461","EXACT","98","ACCEPTED","SPECIES","Plantae","Tracheophyta","Magnoliopsida","Lamiales","Lamiaceae","Lycopus","Lycopus americanus","Lycopus americanus","Muhl. ex W.P.C.Barton"
"HJO47","Verbascum thapsus","Verbascum thapsus L.","3171949","EXACT","97","ACCEPTED","SPECIES","Plantae","Tracheophyta","Magnoliopsida","Lamiales","Scrophulariaceae","Verbascum","Verbascum thapsus","Verbascum thapsus","L."
"HJO473","Bromus tectorum","Bromus tectorum L.","2703746","EXACT","99","ACCEPTED","SPECIES","Plantae","Tracheophyta","Liliopsida","Poales","Poaceae","Bromus","Bromus tectorum","Bromus tectorum","L."
"HJO479","Cichorium intybus","Cichorium intybus L.","5392252","EXACT","99","ACCEPTED","SPECIES","Plantae","Tracheophyta","Magnoliopsida","Asterales","Asteraceae","Cichorium","Cichorium intybus","Cichorium intybus","L."
"HJO48","Epilobium minutum","Epilobium minutum Lindl.","7644248","EXACT","98","ACCEPTED","SPECIES","Plantae","Tracheophyta","Magnoliopsida","Myrtales","Onagraceae","Epilobium","Epilobium minutum","Epilobium minutum","Lindl."
"HJO481","Tragopogon dubius","Tragopogon dubius Scop.","6443709","EXACT","98","ACCEPTED","SPECIES","Plantae","Tracheophyta","Magnoliopsida","Asterales","Asteraceae","Tragopogon","Tragopogon dubius","Tragopogon dubius","Scop."
"HJO482","Melilotus albus","Melilotus albus Medik.","2971095","EXACT","97","ACCEPTED","SPECIES","Plantae","Tracheophyta","Magnoliopsida","Fabales","Fabaceae","Melilotus","Melilotus albus","Melilotus albus","Medik."
"HJO484","Picea sitchensis","Picea sitchensis (Bong.) Carrière","5284827","EXACT","97","ACCEPTED","SPECIES","Plantae","Tracheophyta","Pinopsida","Pinales","Pinaceae","Picea","Picea sitchensis","Picea sitchensis","(Bong.) Carrière"
"HJO485","Oplopanax horridus","Oplopanax horridus (Sm.) Miq.","3036356","EXACT","99","ACCEPTED","SPECIES","Plantae","Tracheophyta","Magnoliopsida","Apiales","Araliaceae","Oplopanax","Oplopanax horridus","Oplopanax horridus","(Sm.) Miq."
"HJO486","Lysichiton americanus","Lysichiton americanus Hultén & H.St.John","2869311","EXACT","99","ACCEPTED","SPECIES","Plantae","Tracheophyta","Liliopsida","Alismatales","Araceae","Lysichiton","Lysichiton americanus","Lysichiton americanus","Hultén & H.St.John"
"HJO489","Polystichum","Polystichum Roth","2651085","EXACT","94","ACCEPTED","GENUS","Plantae","Tracheophyta","Polypodiopsida","Polypodiales","Dryopteridaceae","Polystichum",,"Polystichum","Roth"
"HJO49","Cerastium holosteoides","Cerastium holosteoides Fr.","6364031","EXACT","97","DOUBTFUL","SPECIES","Plantae","Tracheophyta","Magnoliopsida","Caryophyllales","Caryophyllaceae","Cerastium","Cerastium holosteoides","Cerastium holosteoides","Fr."
"HJO490","Athyrium filix-femina","Athyrium filix-femina (L.) Roth","5275044","EXACT","97","ACCEPTED","SPECIES","Plantae","Tracheophyta","Polypodiopsida","Polypodiales","Athyriaceae","Athyrium","Athyrium filix-femina","Athyrium filix-femina","(L.) Roth"
"HJO491","Dryopteris expansa","Dryopteris expansa (C.Presl) Fraser-Jenk. & Jermy","5275102","EXACT","99","ACCEPTED","SPECIES","Plantae","Tracheophyta","Polypodiopsida","Polypodiales","Dryopteridaceae","Dryopteris","Dryopteris expansa","Dryopteris expansa","(C.Presl) Fraser-Jenk. & Jermy"
"HJO495","Pteridium aquilinum","Pteridium aquilinum (L.) Kuhn","5275012","EXACT","99","ACCEPTED","SPECIES","Plantae","Tracheophyta","Polypodiopsida","Polypodiales","Dennstaedtiaceae","Pteridium","Pteridium aquilinum","Pteridium aquilinum","(L.) Kuhn"
"HJO497","Kindbergia oregana","Kindbergia oregana (Sull.) Ochyra","4279498","EXACT","99","ACCEPTED","SPECIES","Plantae","Bryophyta","Bryopsida","Hypnales","Brachytheciaceae","Kindbergia","Kindbergia oregana","Kindbergia oregana","(Sull.) Ochyra"
"HJO501","Myosotis latifolia","Myosotis latifolia Poir.","5341183","EXACT","97","ACCEPTED","SPECIES","Plantae","Tracheophyta","Magnoliopsida","Boraginales","Boraginaceae","Myosotis","Myosotis latifolia","Myosotis latifolia","Poir."
"HJO503","Stellaria calycantha","Stellaria calycantha (Ledeb.) Bong.","5384608","EXACT","99","ACCEPTED","SPECIES","Plantae","Tracheophyta","Magnoliopsida","Caryophyllales","Caryophyllaceae","Stellaria","Stellaria calycantha","Stellaria calycantha","(Ledeb.) Bong."
"HJO505","Equisetum hyemale","Equisetum hyemale L.","2687927","EXACT","99","ACCEPTED","SPECIES","Plantae","Tracheophyta","Polypodiopsida","Equisetales","Equisetaceae","Equisetum","Equisetum hyemale","Equisetum hyemale","L."
"HJO506","Scirpus microcarpus","Scirpus microcarpus J.Presl & C.Presl","2717391","EXACT","97","ACCEPTED","SPECIES","Plantae","Tracheophyta","Liliopsida","Poales","Cyperaceae","Scirpus","Scirpus microcarpus","Scirpus microcarpus","J.Presl & C.Presl"
"HJO508","Oenanthe","Oenanthe L.","3034893","EDITED","99","ACCEPTED","GENUS","Plantae","Tracheophyta","Magnoliopsida","Apiales","Apiaceae","Oenanthe",,"Oenanthe",
"HJO511","Epilobium ciliatum watsonii","Epilobium ciliatum subsp. watsonii (Barbey) Hoch & P.H.Raven","8636245","EXACT","98","ACCEPTED","SUBSPECIES","Plantae","Tracheophyta","Magnoliopsida","Myrtales","Onagraceae","Epilobium","Epilobium ciliatum","Epilobium ciliatum watsonii","(Barbey) Hoch & P.H.Raven"
"HJO513","Psuedotsuga menziesii","Pseudotsuga menziesii (Mirb.) Franco","2685796","EDITED","85","ACCEPTED","SPECIES","Plantae","Tracheophyta","Pinopsida","Pinales","Pinaceae","Pseudotsuga","Pseudotsuga menziesii","Pseudotsuga menziesii","(Mirb.) Franco"
"HJO520","Cardamine oligosperma","Cardamine oligosperma Nutt.","3046228","EXACT","97","ACCEPTED","SPECIES","Plantae","Tracheophyta","Magnoliopsida","Brassicales","Brassicaceae","Cardamine","Cardamine oligosperma","Cardamine oligosperma","Nutt."
"HJO522","Poa pratensis","Poa pratensis L.","2704178","EXACT","97","ACCEPTED","SPECIES","Plantae","Tracheophyta","Liliopsida","Poales","Poaceae","Poa","Poa pratensis","Poa pratensis","L."
"HJO523","Vulpia","Vulpia C.C.Gmel.","2702722","EDITED","98","SYNONYM","GENUS","Plantae","Tracheophyta","Liliopsida","Poales","Poaceae","Festuca",,"Vulpia",
"HJO524","Lonicera involucrata","Lonicera involucrata (Richards.) Banks ex Spreng.","5334253","EXACT","97","ACCEPTED","SPECIES","Plantae","Tracheophyta","Magnoliopsida","Dipsacales","Caprifoliaceae","Lonicera","Lonicera involucrata","Lonicera involucrata","(Richards.) Banks ex Spreng."
"HJO527","Mycelis muralis","Mycelis muralis (L.) Dumort.","3139040","EXACT","99","ACCEPTED","SPECIES","Plantae","Tracheophyta","Magnoliopsida","Asterales","Asteraceae","Mycelis","Mycelis muralis","Mycelis muralis","(L.) Dumort."
"HJO531","Montia perfoliata","Montia perfoliata (Donn ex Willd.) Howell","4021980","EXACT","98","SYNONYM","SPECIES","Plantae","Tracheophyta","Magnoliopsida","Caryophyllales","Montiaceae","Claytonia","Claytonia perfoliata","Montia perfoliata","(Donn ex Willd.) Howell"
"HJO532","Luzula parviflora","Luzula parviflora (Ehrh.) Desv.","2700961","EXACT","98","ACCEPTED","SPECIES","Plantae","Tracheophyta","Liliopsida","Poales","Juncaceae","Luzula","Luzula parviflora","Luzula parviflora","(Ehrh.) Desv."
"HJO541","Iris pseudacorus","Iris pseudacorus L.","5298231","EXACT","99","ACCEPTED","SPECIES","Plantae","Tracheophyta","Liliopsida","Asparagales","Iridaceae","Iris","Iris pseudacorus","Iris pseudacorus","L."
"HJO543","Torilis japonica","Torilis japonica (Houtt.) DC.","3034820","EXACT","99","ACCEPTED","SPECIES","Plantae","Tracheophyta","Magnoliopsida","Apiales","Apiaceae","Torilis","Torilis japonica","Torilis japonica","(Houtt.) DC."
"HJO544","Osmorhiza berteroi","Osmorhiza berteroi DC.","3034148","EXACT","99","ACCEPTED","SPECIES","Plantae","Tracheophyta","Magnoliopsida","Apiales","Apiaceae","Osmorhiza","Osmorhiza berteroi","Osmorhiza berteroi","DC."
"HJO546","Nemophila parviflora","Nemophila parviflora Douglas ex Benth.","2928037","EXACT","97","ACCEPTED","SPECIES","Plantae","Tracheophyta","Magnoliopsida","Boraginales","Hydrophyllaceae","Nemophila","Nemophila parviflora","Nemophila parviflora","Douglas ex Benth."
"HJO548","Claytonia perfoliata","Claytonia perfoliata Donn.","7736011","EXACT","97","ACCEPTED","SPECIES","Plantae","Tracheophyta","Magnoliopsida","Caryophyllales","Montiaceae","Claytonia","Claytonia perfoliata","Claytonia perfoliata","Donn."
"HJO550","Montia fontana","Montia fontana L.","9004024","EXACT","97","ACCEPTED","SPECIES","Plantae","Tracheophyta","Magnoliopsida","Caryophyllales","Montiaceae","Montia","Montia fontana","Montia fontana","L."
"HJO551","Micranthes integrifolia","Micranthes integrifolia (Hook.) Small","5567654","EXACT","99","ACCEPTED","SPECIES","Plantae","Tracheophyta","Magnoliopsida","Saxifragales","Saxifragaceae","Micranthes","Micranthes integrifolia","Micranthes integrifolia","(Hook.) Small"
"HJO552","Micranthes rufidula","Micranthes rufidula Small","5567585","EXACT","99","ACCEPTED","SPECIES","Plantae","Tracheophyta","Magnoliopsida","Saxifragales","Saxifragaceae","Micranthes","Micranthes rufidula","Micranthes rufidula","Small"
"HJO553","Geranium molle","Geranium molle L.","2891488","EXACT","97","ACCEPTED","SPECIES","Plantae","Tracheophyta","Magnoliopsida","Geraniales","Geraniaceae","Geranium","Geranium molle","Geranium molle","L."
"HJO557","Lithophragma parviflorum","Lithophragma parviflorum (Hook.) Nutt. ex Torr. & A.Gray","8408864","EXACT","97","ACCEPTED","SPECIES","Plantae","Tracheophyta","Magnoliopsida","Saxifragales","Saxifragaceae","Lithophragma","Lithophragma parviflorum","Lithophragma parviflorum","(Hook.) Nutt. ex Torr. & A.Gray"
"HJO564","Allium","Allium L.","9624496","EXACT","94","ACCEPTED","GENUS","Plantae","Tracheophyta","Liliopsida","Asparagales","Amaryllidaceae","Allium",,"Allium","L."
"HJO567","Racomitrium heterostichum","Racomitrium heterostichum Bridel, 1819","2674275","EXACT","99","ACCEPTED","SPECIES","Plantae","Bryophyta","Bryopsida","Grimmiales","Grimmiaceae","Racomitrium","Racomitrium heterostichum","Racomitrium heterostichum","Bridel, 1819"
"HJO568","Brachythecium","Brachythecium Schimp.","9479232","EXACT","94","ACCEPTED","GENUS","Plantae","Bryophyta","Bryopsida","Hypnales","Brachytheciaceae","Brachythecium",,"Brachythecium","Schimp."
"HJO569","Umbilicaria","Umbilicaria Hoffman, 1789","2600611","EXACT","92","ACCEPTED","GENUS","Fungi","Ascomycota","Lecanoromycetes","Umbilicariales","Umbilicariaceae","Umbilicaria",,"Umbilicaria","Hoffman, 1789"
"HJO570","Mimulus","Mimulus L.","6008574","EXACT","92","ACCEPTED","GENUS","Plantae","Tracheophyta","Magnoliopsida","Lamiales","Phrymaceae","Mimulus",,"Mimulus","L."
"HJO571","Collinsia","Collinsia Nutt.","3171755","EDITED","99","ACCEPTED","GENUS","Plantae","Tracheophyta","Magnoliopsida","Lamiales","Plantaginaceae","Collinsia",,"Collinsia",
"HJO572","Collinsia parviflora","Collinsia parviflora Douglas ex Lindl.","5414960","EXACT","98","ACCEPTED","SPECIES","Plantae","Tracheophyta","Magnoliopsida","Lamiales","Plantaginaceae","Collinsia","Collinsia parviflora","Collinsia parviflora","Douglas ex Lindl."
"HJO573","Trifolium","Trifolium Tourn. ex L.","2973363","EDITED","99","ACCEPTED","GENUS","Plantae","Tracheophyta","Magnoliopsida","Fabales","Fabaceae","Trifolium",,"Trifolium",
"HJO574","Bromus","Bromus L.","2703642","EXACT","92","ACCEPTED","GENUS","Plantae","Tracheophyta","Liliopsida","Poales","Poaceae","Bromus",,"Bromus","L."
"HJO577","Madia gracilis","Madia gracilis (Sm.) D.D.Keck & J.C.Clausen ex Applegate","8222011","EXACT","97","ACCEPTED","SPECIES","Plantae","Tracheophyta","Magnoliopsida","Asterales","Asteraceae","Madia","Madia gracilis","Madia gracilis","(Sm.) D.D.Keck & J.C.Clausen ex Applegate"
"HJO581","Alchemilla arvensis","Alchemilla arvensis (L.) Scop.","3012037","EDITED","97","SYNONYM","SPECIES","Plantae","Tracheophyta","Magnoliopsida","Rosales","Rosaceae","Aphanes","Aphanes arvensis","Alchemilla arvensis",
"HJO582","Racomitrium canenscens","Racomitrium canescens Bridel, 1819","2674333","EDITED","95","ACCEPTED","SPECIES","Plantae","Bryophyta","Bryopsida","Grimmiales","Grimmiaceae","Racomitrium","Racomitrium canescens","Racomitrium canescens","Bridel, 1819"
"HJO583","Erodium cicutarium","Erodium cicutarium (L.) L'Hér.","9485490","EXACT","97","ACCEPTED","SPECIES","Plantae","Tracheophyta","Magnoliopsida","Geraniales","Geraniaceae","Erodium","Erodium cicutarium","Erodium cicutarium","(L.) L'Hér."
"HJO586","Bryum","Bryum Hedw.","2676502","EXACT","94","ACCEPTED","GENUS","Plantae","Bryophyta","Bryopsida","Bryales","Bryaceae","Bryum",,"Bryum","Hedw."
"HJO587","Collinsia grandiflora","Collinsia grandiflora Douglas ex Lindl.","5414948","EXACT","97","ACCEPTED","SPECIES","Plantae","Tracheophyta","Magnoliopsida","Lamiales","Plantaginaceae","Collinsia","Collinsia grandiflora","Collinsia grandiflora","Douglas ex Lindl."
"HJO59","Festuca rubra litoralis","Festuca rubra var. litoralis G.Mey.","4932302","EXACT","97","SYNONYM","VARIETY","Plantae","Tracheophyta","Liliopsida","Poales","Poaceae","Festuca","Festuca rubra","Festuca rubra litoralis","G.Mey."
"HJO596","Aphyllon purpureum","Aphyllon purpureum (A.Heller) Holub","3738656","EXACT","98","SYNONYM","SPECIES","Plantae","Tracheophyta","Magnoliopsida","Lamiales","Orobanchaceae","Aphyllon","Aphyllon uniflorum","Aphyllon purpureum","(A.Heller) Holub"
"HJO597","Sinapis arvensis","Sinapis arvensis L.","3047598","EXACT","97","ACCEPTED","SPECIES","Plantae","Tracheophyta","Magnoliopsida","Brassicales","Brassicaceae","Sinapis","Sinapis arvensis","Sinapis arvensis","L."
"HJO599","Delphinium menziesii","Delphinium menziesii DC.","3033775","EXACT","97","ACCEPTED","SPECIES","Plantae","Tracheophyta","Magnoliopsida","Ranunculales","Ranunculaceae","Delphinium","Delphinium menziesii","Delphinium menziesii","DC."
"HJO602","Rumex","Rumex L.","2888942","EXACT","94","ACCEPTED","GENUS","Plantae","Tracheophyta","Magnoliopsida","Caryophyllales","Polygonaceae","Rumex",,"Rumex","L."
"HJO604","Melica harfordii","Melica harfordii Bol.","2703125","EXACT","99","ACCEPTED","SPECIES","Plantae","Tracheophyta","Liliopsida","Poales","Poaceae","Melica","Melica harfordii","Melica harfordii","Bol."
"HJO608","Vicia sativa","Vicia sativa L.","2975014","EXACT","97","ACCEPTED","SPECIES","Plantae","Tracheophyta","Magnoliopsida","Fabales","Fabaceae","Vicia","Vicia sativa","Vicia sativa","L."
"HJO61","Barbarea orthoceras","Barbarea orthoceras Ledeb.","5374604","EXACT","99","ACCEPTED","SPECIES","Plantae","Tracheophyta","Magnoliopsida","Brassicales","Brassicaceae","Barbarea","Barbarea orthoceras","Barbarea orthoceras","Ledeb."
"HJO615","Racomitrium canescens","Racomitrium canescens Bridel, 1819","2674333","EXACT","99","ACCEPTED","SPECIES","Plantae","Bryophyta","Bryopsida","Grimmiales","Grimmiaceae","Racomitrium","Racomitrium canescens","Racomitrium canescens","Bridel, 1819"
"HJO626","Cystopteris fragilis","Cystopteris fragilis (L.) Bernh.","2650818","EXACT","98","ACCEPTED","SPECIES","Plantae","Tracheophyta","Polypodiopsida","Polypodiales","Cystopteridaceae","Cystopteris","Cystopteris fragilis","Cystopteris fragilis","(L.) Bernh."
"HJO633","Erythronium oregonum","Erythronium oregonum Applegate","2752808","EXACT","99","ACCEPTED","SPECIES","Plantae","Tracheophyta","Liliopsida","Liliales","Liliaceae","Erythronium","Erythronium oregonum","Erythronium oregonum","Applegate"
"HJO634","Allium acuminatum","Allium acuminatum Hook.","2856154","EXACT","99","ACCEPTED","SPECIES","Plantae","Tracheophyta","Liliopsida","Asparagales","Amaryllidaceae","Allium","Allium acuminatum","Allium acuminatum","Hook."
"HJO635","Luzula multiflora","Luzula multiflora (Ehrh.) Lej.","2700934","EXACT","99","ACCEPTED","SPECIES","Plantae","Tracheophyta","Liliopsida","Poales","Juncaceae","Luzula","Luzula multiflora","Luzula multiflora","(Ehrh.) Lej."
"HJO64","Arenaria serpyllifolia","Arenaria serpyllifolia L.","8089871","EXACT","97","ACCEPTED","SPECIES","Plantae","Tracheophyta","Magnoliopsida","Caryophyllales","Caryophyllaceae","Arenaria","Arenaria serpyllifolia","Arenaria serpyllifolia","L."
"HJO65","Sisymbrium officinale","Sisymbrium officinale (L.) Scop.","3046890","EXACT","99","ACCEPTED","SPECIES","Plantae","Tracheophyta","Magnoliopsida","Brassicales","Brassicaceae","Sisymbrium","Sisymbrium officinale","Sisymbrium officinale","(L.) Scop."
"HJO66","Crepis capillaris","Crepis capillaris (L.) Wallr.","5403304","EXACT","99","ACCEPTED","SPECIES","Plantae","Tracheophyta","Magnoliopsida","Asterales","Asteraceae","Crepis","Crepis capillaris","Crepis capillaris","(L.) Wallr."
"HJO72","Veronica serpyllifolia","Veronica serpyllifolia L.","3172057","EXACT","97","ACCEPTED","SPECIES","Plantae","Tracheophyta","Magnoliopsida","Lamiales","Plantaginaceae","Veronica","Veronica serpyllifolia","Veronica serpyllifolia","L."
"HJO75","Crataegus monogyna","Crataegus monogyna Jacq.","9220780","EXACT","97","ACCEPTED","SPECIES","Plantae","Tracheophyta","Magnoliopsida","Rosales","Rosaceae","Crataegus","Crataegus monogyna","Crataegus monogyna","Jacq."
"HJO77","Plantago major","Plantago major L.","3189767","EXACT","97","ACCEPTED","SPECIES","Plantae","Tracheophyta","Magnoliopsida","Lamiales","Plantaginaceae","Plantago","Plantago major","Plantago major","L."
"HJO79","Geranium dissectum","Geranium dissectum L.","2890040","EXACT","99","ACCEPTED","SPECIES","Plantae","Tracheophyta","Magnoliopsida","Geraniales","Geraniaceae","Geranium","Geranium dissectum","Geranium dissectum","L."
"HJO82","Salicornia depressa","Salicornia depressa Standl.","5383963","EXACT","99","ACCEPTED","SPECIES","Plantae","Tracheophyta","Magnoliopsida","Caryophyllales","Amaranthaceae","Salicornia","Salicornia depressa","Salicornia depressa","Standl."
"HJO86","Puccinellia","Puccinellia Parl.","2704668","EXACT","94","ACCEPTED","GENUS","Plantae","Tracheophyta","Liliopsida","Poales","Poaceae","Puccinellia",,"Puccinellia","Parl."
"HJO87","Spergularia canadensis","Spergularia canadensis (Pers.) G.Don","3085632","EXACT","99","ACCEPTED","SPECIES","Plantae","Tracheophyta","Magnoliopsida","Caryophyllales","Caryophyllaceae","Spergularia","Spergularia canadensis","Spergularia canadensis","(Pers.) G.Don"
"HJO9","Rumex acetosella","Rumex acetosella L.","2888995","EXACT","97","ACCEPTED","SPECIES","Plantae","Tracheophyta","Magnoliopsida","Caryophyllales","Polygonaceae","Rumex","Rumex acetosella","Rumex acetosella","L."
"HJO90","Fragaria vesca","Fragaria vesca L.","3029817","EXACT","98","ACCEPTED","SPECIES","Plantae","Tracheophyta","Magnoliopsida","Rosales","Rosaceae","Fragaria","Fragaria vesca","Fragaria vesca","L."
"HJO91","Ranunculus repens","Ranunculus repens L.","3033339","EXACT","98","ACCEPTED","SPECIES","Plantae","Tracheophyta","Magnoliopsida","Ranunculales","Ranunculaceae","Ranunculus","Ranunculus repens","Ranunculus repens","L."
"HJO94","Alopecurus geniculatus","Alopecurus geniculatus L.","5290090","EXACT","97","ACCEPTED","SPECIES","Plantae","Tracheophyta","Liliopsida","Poales","Poaceae","Alopecurus","Alopecurus geniculatus","Alopecurus geniculatus","L."
"HJO96","Cirsium vulgare","Cirsium vulgare (Savi) Ten.","3112801","EXACT","97","ACCEPTED","SPECIES","Plantae","Tracheophyta","Magnoliopsida","Asterales","Asteraceae","Cirsium","Cirsium vulgare","Cirsium vulgare","(Savi) Ten."
"HJO97","Polygonum aviculare","Polygonum aviculare L.","7821030","EXACT","97","ACCEPTED","SPECIES","Plantae","Tracheophyta","Magnoliopsida","Caryophyllales","Polygonaceae","Polygonum","Polygonum aviculare","Polygonum aviculare","L."
"HJO98","Rumex crispus","Rumex crispus L.","8195144","EXACT","97","ACCEPTED","SPECIES","Plantae","Tracheophyta","Magnoliopsida","Caryophyllales","Polygonaceae","Rumex","Rumex crispus","Rumex crispus","L."
