"D","ScientificName","QualifiedScientificName","CommonName","Family","Genus","Species","SpeciesAuthority","Subspecies","SubspeciesAuthority","Variety","VarietyAuthority","Forma","FormaAuthority","Identifier","IDDate","IDNotes","CDC","MuseumCollection","Collector","CollectorsFieldNumber","CollectionDate","Prov_State","District","LocationName","LocationDescription","Latitude","Longitude","UTMZone","UTMNorthing","UTMEasting","Elevation","Park_ER_IR","HabitatRemarks","SpecimenNotes","SpeciesAbundance"
NA,"Sagina occidentalis",NA,NA,"Caryophyllaceae","Sagina","decumbens","(S.Watson) G.E.Crow","occidentalis",NA,NA,NA,NA,NA,NA,NA,NA,NA,"Harvey Janszen Collection","Harvey Janszen","1930","1981-05-21","British Columbia","Southern Gulf Islands","Wise Island",NA,NA,NA,NA,NA,NA,NA,NA,NA,NA,NA
NA,"Lupinus arboreus",NA,NA,"Fabaceae","Lupinus","arboreus","Sims",NA,NA,NA,NA,NA,NA,NA,NA,NA,NA,"Harvey Janszen Collection","Harvey Janszen","1931","1981-05-21","British Columbia","Southern Gulf Islands",NA,NA,NA,NA,NA,NA,NA,NA,NA,"salt marsh",NA,NA
NA,"Lotus corniculatus",NA,NA,"Fabaceae","Lotus","corniculatus","L.",NA,NA,NA,NA,NA,NA,NA,NA,NA,NA,"Harvey Janszen Collection","Harvey Janszen","1932","1981-05-28","British Columbia","Southern Gulf Islands","Prevost Island",NA,NA,NA,NA,NA,NA,NA,NA,NA,NA,NA
NA,"Trifolium subterraneum",NA,NA,"Fabaceae","Trifolium","subterraneum","L.",NA,NA,NA,NA,NA,NA,NA,NA,NA,NA,"Harvey Janszen Collection","Harvey Janszen","1933","1981-05-28","British Columbia","Southern Gulf Islands","Prevost Island",NA,NA,NA,NA,NA,NA,NA,NA,NA,NA,NA
NA,"Bromus pacificus",NA,NA,"Poaceae","Bromus","pacificus","Shear",NA,NA,NA,NA,NA,NA,NA,NA,NA,NA,"Harvey Janszen Collection","Harvey Janszen","1934","1981-05-28","British Columbia","Southern Gulf Islands","Prevost Island",NA,NA,NA,NA,NA,NA,NA,NA,NA,NA,NA
NA,"Bromus vulgaris",NA,NA,"Poaceae","Bromus","vulgaris","(Hook.) Shear",NA,NA,NA,NA,NA,NA,NA,NA,NA,NA,"Harvey Janszen Collection","Harvey Janszen","1935","1981-05-28","British Columbia","Southern Gulf Islands","Prevost Island",NA,NA,NA,NA,NA,NA,NA,NA,NA,NA,NA
NA,"Barbarea orthoceras",NA,NA,"Brassicaceae","Barbarea","orthoceras","Ledeb.",NA,NA,NA,NA,NA,NA,NA,NA,NA,NA,"Harvey Janszen Collection","Harvey Janszen","1936","1981-05-28","British Columbia","Southern Gulf Islands","Prevost Island",NA,NA,NA,NA,NA,NA,NA,NA,NA,NA,NA
NA,"Sagina crassicaulis",NA,NA,"Caryophyllaceae","Sagina","maxima","(S.Watson) G.E.Crow","crassicaulis",NA,NA,NA,NA,NA,NA,NA,NA,NA,"Harvey Janszen Collection","Harvey Janszen","1937","1981-05-28","British Columbia","Southern Gulf Islands","Prevost Island",NA,NA,NA,NA,NA,NA,NA,NA,NA,NA,NA
NA,"Alopecurus pratensis",NA,NA,"Poaceae","Alopecurus","pratensis","L.",NA,NA,NA,NA,NA,NA,NA,NA,NA,NA,"Harvey Janszen Collection","Harvey Janszen","1938","1981-05-28","British Columbia","Southern Gulf Islands","Prevost Island",NA,NA,NA,NA,NA,NA,NA,NA,NA,NA,NA
NA,"Saxifraga caespitosa",NA,NA,"Saxifragaceae","Saxifraga","cespitosa","L.",NA,NA,NA,NA,NA,NA,NA,NA,NA,NA,"Harvey Janszen Collection","Harvey Janszen","1939","1981-05-28","British Columbia","Southern Gulf Islands","Prevost Island",NA,NA,NA,NA,NA,NA,NA,NA,NA,NA,NA
NA,"Poa howellii",NA,NA,"Poaceae","Poa","howellii","Vasey & Scribn.",NA,NA,NA,NA,NA,NA,NA,NA,NA,NA,"Harvey Janszen Collection","Harvey Janszen","1940","1981-05-28","British Columbia","Southern Gulf Islands","Prevost Island",NA,NA,NA,NA,NA,NA,NA,NA,NA,NA,NA
NA,"Trisetum canescens",NA,NA,"Poaceae","Trisetum","canescens","Buckley",NA,NA,NA,NA,NA,NA,NA,NA,NA,NA,"Harvey Janszen Collection","Harvey Janszen","1941","1981-05-28","British Columbia","Southern Gulf Islands","Prevost Island",NA,NA,NA,NA,NA,NA,NA,NA,NA,NA,NA
NA,"Callitriche heterophylla",NA,NA,"Plantaginaceae","Callitriche","heterophylla","Pursh",NA,NA,NA,NA,NA,NA,NA,NA,NA,NA,"Harvey Janszen Collection","Harvey Janszen","1942","1981-05-28","British Columbia","Southern Gulf Islands","Prevost Island",NA,NA,NA,NA,NA,NA,NA,NA,NA,NA,NA
NA,"Festuca subuliflora",NA,NA,"Poaceae","Festuca","subuliflora","Scribn.",NA,NA,NA,NA,NA,NA,NA,NA,NA,NA,"Harvey Janszen Collection","Harvey Janszen","1943","1981-05-28","British Columbia","Southern Gulf Islands","Prevost Island",NA,NA,NA,NA,NA,NA,NA,NA,NA,NA,NA
NA,"Arabis hirsuta",NA,NA,"Brassicaceae","Arabis","hirsuta","(L.) Scop.",NA,NA,NA,NA,NA,NA,NA,NA,NA,NA,"Harvey Janszen Collection","Harvey Janszen","1944","1981-05-28","British Columbia","Southern Gulf Islands","Prevost Island",NA,NA,NA,NA,NA,NA,NA,NA,NA,NA,NA
NA,"Arrhenatherum elatius",NA,NA,"Poaceae","Arrhenatherum","elatius","(L.) P.Beauv. ex J.Presl & C.Presl",NA,NA,NA,NA,NA,NA,NA,NA,NA,NA,"Harvey Janszen Collection","Harvey Janszen","1945","1981-05-28","British Columbia","Southern Gulf Islands","Prevost Island",NA,NA,NA,NA,NA,NA,NA,NA,NA,NA,NA
NA,"Anthriscus scandicina",NA,NA,"Apiaceae","Anthriscus","caucalis","M.Bieb.",NA,NA,NA,NA,NA,NA,NA,NA,NA,NA,"Harvey Janszen Collection","Harvey Janszen","1946","1981-05-28","British Columbia","Southern Gulf Islands","Prevost Island",NA,NA,NA,NA,NA,NA,NA,NA,NA,NA,NA
NA,"Taxus brevifolia",NA,NA,"Taxaceae","Taxus","brevifolia","Nutt.",NA,NA,NA,NA,NA,NA,NA,NA,NA,NA,"Harvey Janszen Collection","Harvey Janszen","1947","1981-06-10","British Columbia","Southern Gulf Islands","North Pender Island; Port Washington",NA,NA,NA,NA,NA,NA,NA,NA,NA,NA,NA
NA,"Juncus bufonius",NA,NA,"Juncaceae","Juncus","bufonius","L.",NA,NA,NA,NA,NA,NA,NA,NA,NA,NA,"Harvey Janszen Collection","Harvey Janszen","1948","1981-06-10","British Columbia","Southern Gulf Islands","North Pender Island; Port Washington",NA,NA,NA,NA,NA,NA,NA,NA,NA,NA,NA
NA,"Deschampsia elongata",NA,NA,"Poaceae","Deschampsia","elongata","(Hook.) Munro",NA,NA,NA,NA,NA,NA,NA,NA,NA,NA,"Harvey Janszen Collection","Harvey Janszen","1949","1981-06-10","British Columbia","Southern Gulf Islands","North Pender Island; Port Washington",NA,NA,NA,NA,NA,NA,NA,NA,NA,NA,NA
NA,"Geranium carolinianum",NA,NA,"Geraniaceae","Geranium","carolinianum","L.",NA,NA,NA,NA,NA,NA,NA,NA,NA,NA,"Harvey Janszen Collection","Harvey Janszen","1950","1981-06-10","British Columbia","Southern Gulf Islands","North Pender Island; Port Washington",NA,NA,NA,NA,NA,NA,NA,NA,NA,NA,NA
NA,"Lychnis coronaria",NA,NA,"Caryophyllaceae","Silene","coronaria",NA,NA,NA,NA,NA,NA,NA,NA,NA,NA,NA,"Harvey Janszen Collection","Harvey Janszen","1951","1981-06-10","British Columbia","Southern Gulf Islands","North Pender Island; Port Washington",NA,NA,NA,NA,NA,NA,NA,NA,NA,NA,NA
NA,"Montia sibirica",NA,NA,"Montiaceae","Claytonia","sibirica","(L.) Howell",NA,NA,NA,NA,NA,NA,NA,NA,NA,NA,"Harvey Janszen Collection","Harvey Janszen","1952","1981-06-10","British Columbia","Southern Gulf Islands","North Pender Island; Port Washington",NA,NA,NA,NA,NA,NA,NA,NA,NA,NA,NA
NA,"Lepidium virginicum",NA,NA,"Brassicaceae","Lepidium","virginicum","L.",NA,NA,NA,NA,NA,NA,NA,NA,NA,NA,"Harvey Janszen Collection","Harvey Janszen","1953","1981-06-10","British Columbia","Southern Gulf Islands","North Pender Island; Port Washington",NA,NA,NA,NA,NA,NA,NA,NA,NA,NA,NA
NA,"Alopecurus geniculatus",NA,NA,"Poaceae","Alopecurus","geniculatus","L.",NA,NA,NA,NA,NA,NA,NA,NA,NA,NA,"Harvey Janszen Collection","Harvey Janszen","1954","1981-06-10","British Columbia","Southern Gulf Islands","North Pender Island; Port Washington",NA,NA,NA,NA,NA,NA,NA,NA,NA,NA,NA
NA,"Physocarpus capitatus",NA,NA,"Rosaceae","Physocarpus","capitatus","(Pursh) Kuntze",NA,NA,NA,NA,NA,NA,NA,NA,NA,NA,"Harvey Janszen Collection","Harvey Janszen","1955","1981-06-10","British Columbia","Southern Gulf Islands","North Pender Island; Port Washington",NA,NA,NA,NA,NA,NA,NA,NA,NA,NA,NA
NA,"Stellaria calycantha",NA,NA,"Caryophyllaceae","Stellaria","calycantha","(Ledeb.) Bong.",NA,NA,NA,NA,NA,NA,NA,NA,NA,NA,"Harvey Janszen Collection","Harvey Janszen","1956","1981-06-15","British Columbia","Southern Gulf Islands","North Pender Island","port washington area",NA,NA,NA,NA,NA,NA,NA,"wet meadow with several species of rush; possibly Juncus acuminatus and Juncus gracilis",NA,NA
NA,"Daphne laureola",NA,NA,"Thymelaeaceae","Daphne","laureola","L.",NA,NA,NA,NA,NA,NA,NA,NA,NA,NA,"Harvey Janszen Collection","Harvey Janszen","1957","1981-06-15","British Columbia","Southern Gulf Islands","North Pender Island","port washington area",NA,NA,NA,NA,NA,NA,NA,"wet meadow with several species of rush; possibly Juncus acuminatus and Juncus gracilis",NA,NA
NA,"Hypochaeris radicata",NA,NA,"Asteraceae","Hypochaeris","radicata","L.",NA,NA,NA,NA,NA,NA,NA,NA,NA,NA,"Harvey Janszen Collection","Harvey Janszen","1958","1981-06-15","British Columbia","Southern Gulf Islands","North Pender Island","port washington area",NA,NA,NA,NA,NA,NA,NA,"wet meadow with several species of rush; possibly Juncus acuminatus and Juncus gracilis",NA,NA
NA,"Pyrola asarifolia",NA,NA,"Ericaceae","Pyrola","asarifolia","Michx.",NA,NA,NA,NA,NA,NA,NA,NA,NA,NA,"Harvey Janszen Collection","Harvey Janszen","1959","1981-06-15","British Columbia","Southern Gulf Islands","North Pender Island","port washington area",NA,NA,NA,NA,NA,NA,NA,"wet meadow with several species of rush; possibly Juncus acuminatus and Juncus gracilis",NA,NA
NA,"Sanguisorba minor",NA,NA,"Rosaceae","Sanguisorba","minor","Bertol.",NA,NA,NA,NA,NA,NA,NA,NA,NA,NA,"Harvey Janszen Collection","Harvey Janszen","1960","1981-06-15","British Columbia","Southern Gulf Islands","North Pender Island","port washington area",NA,NA,NA,NA,NA,NA,NA,"wet meadow with several species of rush; possibly Juncus acuminatus and Juncus gracilis",NA,NA
NA,"Veronica serpyllifolia",NA,NA,"Plantaginaceae","Veronica","serpyllifolia","L.",NA,NA,NA,NA,NA,NA,NA,NA,NA,NA,"Harvey Janszen Collection","Harvey Janszen","1961","1981-06-15","British Columbia","Southern Gulf Islands","North Pender Island","port washington area",NA,NA,NA,NA,NA,NA,NA,"wet meadow with several species of rush; possibly Juncus acuminatus and Juncus gracilis",NA,NA
NA,"Trifolium procumbens",NA,NA,"Fabaceae","Trifolium","campestre","Schreb.",NA,NA,NA,NA,NA,NA,NA,NA,NA,NA,"Harvey Janszen Collection","Harvey Janszen","1962","1981-06-15","British Columbia","Southern Gulf Islands","North Pender Island","port washington area",NA,NA,NA,NA,NA,NA,NA,"wet meadow with several species of rush; possibly Juncus acuminatus and Juncus gracilis",NA,NA
NA,"Polygonum spergulariiforme douglasii",NA,NA,"Polygonaceae","Polygonum","spergulariiforme","Meisn. ex Small",NA,NA,NA,NA,NA,NA,NA,NA,NA,NA,"Harvey Janszen Collection","Harvey Janszen","1963","1981-06-15","British Columbia","Southern Gulf Islands","North Pender Island","port washington area",NA,NA,NA,NA,NA,NA,NA,"wet meadow with several species of rush; possibly Juncus acuminatus and Juncus gracilis",NA,NA
NA,"Brodia coronaria",NA,NA,"Asparagaceae","Brodiaea","coronaria",NA,NA,NA,NA,NA,NA,NA,NA,NA,NA,NA,"Harvey Janszen Collection","Harvey Janszen","1964","1981-06-15","British Columbia","Southern Gulf Islands","North Pender Island","port washington area",NA,NA,NA,NA,NA,NA,NA,"wet meadow with several species of rush; possibly Juncus acuminatus and Juncus gracilis",NA,NA
NA,"Lupinus bicolor",NA,NA,"Fabaceae","Lupinus","bicolor","Lindl.",NA,NA,NA,NA,NA,NA,NA,NA,NA,NA,"Harvey Janszen Collection","Harvey Janszen","1965","1981-06-15","British Columbia","Southern Gulf Islands","North Pender Island","port washington area",NA,NA,NA,NA,NA,NA,NA,"wet meadow with several species of rush; possibly Juncus acuminatus and Juncus gracilis",NA,NA
NA,"Agoseris heterophylla",NA,NA,"Asteraceae","Agoseris","heterophylla","(Nutt.) Greene",NA,NA,NA,NA,NA,NA,NA,NA,NA,NA,"Harvey Janszen Collection","Harvey Janszen","1966","1981-06-15","British Columbia","Southern Gulf Islands","North Pender Island","port washington area",NA,NA,NA,NA,NA,NA,NA,"wet meadow with several species of rush; possibly Juncus acuminatus and Juncus gracilis",NA,NA
NA,"Festuca rubra litoralis",NA,NA,"Poaceae","Festuca","rubra","G.Mey.",NA,NA,"litoralis",NA,NA,NA,NA,NA,NA,NA,"Harvey Janszen Collection","Harvey Janszen","1967","1981-06-15","British Columbia","Southern Gulf Islands","North Pender Island","port washington area",NA,NA,NA,NA,NA,NA,NA,"wet meadow with several species of rush; possibly Juncus acuminatus and Juncus gracilis",NA,NA
NA,"Triteleia hyacinthina",NA,NA,"Asparagaceae","Triteleia","hyacinthina","(Lindl.) Greene",NA,NA,NA,NA,NA,NA,NA,NA,NA,NA,"Harvey Janszen Collection","Harvey Janszen","1968","1981-06-15","British Columbia","Southern Gulf Islands","North Pender Island","port washington area",NA,NA,NA,NA,NA,NA,NA,"wet meadow with several species of rush; possibly Juncus acuminatus and Juncus gracilis",NA,NA
NA,"Potentilla gracilis glabrata",NA,NA,"Rosaceae","Potentilla","gracilis","Douglas",NA,NA,NA,NA,NA,NA,NA,NA,NA,NA,"Harvey Janszen Collection","Harvey Janszen","1969","1981-06-15","British Columbia","Southern Gulf Islands","North Pender Island","port washington area",NA,NA,NA,NA,NA,NA,NA,"wet meadow with several species of rush; possibly Juncus acuminatus and Juncus gracilis","Potentilla recta crossed out",NA
NA,"Anthemis arvensis",NA,NA,"Asteraceae","Anthemis","arvensis","L.",NA,NA,NA,NA,NA,NA,NA,NA,NA,NA,"Harvey Janszen Collection","Harvey Janszen","1970","1981-06-15","British Columbia","Southern Gulf Islands","North Pender Island","port washington area",NA,NA,NA,NA,NA,NA,NA,"wet meadow with several species of rush; possibly Juncus acuminatus and Juncus gracilis",NA,NA
NA,"Carex aurea",NA,NA,"Cyperaceae","Carex","aurea","Nutt.",NA,NA,NA,NA,NA,NA,NA,NA,NA,NA,"Harvey Janszen Collection","Harvey Janszen","1971","1981-06-15","British Columbia","Southern Gulf Islands","North Pender Island","port washington area",NA,NA,NA,NA,NA,NA,NA,"wet meadow with several species of rush; possibly Juncus acuminatus and Juncus gracilis",NA,NA
NA,"Lotus corniculatus",NA,NA,"Fabaceae","Lotus","corniculatus","L.",NA,NA,NA,NA,NA,NA,NA,NA,NA,NA,"Harvey Janszen Collection","Harvey Janszen","1972","1981-06-15","British Columbia","Southern Gulf Islands","North Pender Island","port washington area",NA,NA,NA,NA,NA,NA,NA,"wet meadow with several species of rush; possibly Juncus acuminatus and Juncus gracilis",NA,NA
NA,"Leontodon nudicaulis",NA,NA,"Asteraceae","Leontodon","nudicaulis","(L.) Banks ex Schinz & R.Keller",NA,NA,NA,NA,NA,NA,NA,NA,NA,NA,"Harvey Janszen Collection","Harvey Janszen","1973","1981-06-19","British Columbia","Southern Gulf Islands","North Pender Island","fen below magic lake",NA,NA,NA,NA,NA,NA,NA,"fen; with several rushes",NA,NA
NA,"Plantago maritima",NA,NA,"Plantaginaceae","Plantago","maritima","L.",NA,NA,NA,NA,NA,NA,NA,NA,NA,NA,"Harvey Janszen Collection","Harvey Janszen","1974","1981-06-19","British Columbia","Southern Gulf Islands","North Pender Island","fen below magic lake",NA,NA,NA,NA,NA,NA,NA,"fen; with several rushes",NA,NA
NA,"Carex rostrata",NA,NA,"Cyperaceae","Carex","rostrata","Stokes",NA,NA,NA,NA,NA,NA,NA,NA,NA,NA,"Harvey Janszen Collection","Harvey Janszen","1975","1981-06-19","British Columbia","Southern Gulf Islands","North Pender Island","fen below magic lake",NA,NA,NA,NA,NA,NA,NA,"fen; with several rushes",NA,NA
NA,"Carex cusickii",NA,NA,"Cyperaceae","Carex","cusickii","Mack.",NA,NA,NA,NA,NA,NA,NA,NA,NA,NA,"Harvey Janszen Collection","Harvey Janszen","1976","1981-06-19","British Columbia","Southern Gulf Islands","North Pender Island","fen below magic lake",NA,NA,NA,NA,NA,NA,NA,"fen; with several rushes",NA,NA
NA,"Tragopogon porrifolius",NA,NA,"Asteraceae","Tragopogon","porrifolius","L.",NA,NA,NA,NA,NA,NA,NA,NA,NA,NA,"Harvey Janszen Collection","Harvey Janszen","1977","1981-06-19","British Columbia","Southern Gulf Islands","North Pender Island","fen below magic lake",NA,NA,NA,NA,NA,NA,NA,"fen; with several rushes",NA,NA
NA,"Medicago lupulina",NA,NA,"Fabaceae","Medicago","lupulina","L.",NA,NA,NA,NA,NA,NA,NA,NA,NA,NA,"Harvey Janszen Collection","Harvey Janszen","1978","1981-06-19","British Columbia","Southern Gulf Islands","North Pender Island","fen below magic lake",NA,NA,NA,NA,NA,NA,NA,"fen; with several rushes",NA,NA
NA,"Sisyrinchium angustifolium",NA,NA,"Iridaceae","Sisyrinchium","angustifolium","Mill.",NA,NA,NA,NA,NA,NA,NA,NA,NA,NA,"Harvey Janszen Collection","Harvey Janszen","1979","1981-06-19","British Columbia","Southern Gulf Islands","North Pender Island","fen below magic lake",NA,NA,NA,NA,NA,NA,NA,"fen; with several rushes",NA,NA
NA,"Centaurea nigra",NA,NA,"Asteraceae","Centaurea","nigra","L.",NA,NA,NA,NA,NA,NA,NA,NA,NA,NA,"Harvey Janszen Collection","Harvey Janszen","1980","1981-06-19","British Columbia","Southern Gulf Islands","North Pender Island","fen below magic lake",NA,NA,NA,NA,NA,NA,NA,"fen; with several rushes",NA,NA
NA,"Carex oederi",NA,NA,"Cyperaceae","Carex","oederi","Retz.",NA,NA,NA,NA,NA,NA,NA,NA,NA,NA,"Harvey Janszen Collection","Harvey Janszen","1981","1981-06-19","British Columbia","Southern Gulf Islands","North Pender Island","fen below magic lake",NA,NA,NA,NA,NA,NA,NA,"fen; with several rushes",NA,NA
NA,"Pinus contorta",NA,NA,"Pinaceae","Pinus","contorta","Douglas ex Loudon",NA,NA,NA,NA,NA,NA,NA,NA,NA,NA,"Harvey Janszen Collection","Harvey Janszen","1982","1981-06-19","British Columbia","Southern Gulf Islands","North Pender Island","fen below magic lake",NA,NA,NA,NA,NA,NA,NA,"fen; with several rushes",NA,NA
NA,"Populus balsamifera",NA,NA,"Salicaceae","Populus","balsamifera","L.",NA,NA,NA,NA,NA,NA,NA,NA,NA,NA,"Harvey Janszen Collection","Harvey Janszen","1983","1981-06-19","British Columbia","Southern Gulf Islands","North Pender Island","fen below magic lake",NA,NA,NA,NA,NA,NA,NA,"fen; with several rushes",NA,NA
NA,"Sisyrinchium altissimum",NA,NA,"Iridaceae","Sisyrinchium","palmifolium",NA,"palmifolium",NA,NA,NA,NA,NA,NA,NA,NA,NA,"Harvey Janszen Collection","Harvey Janszen","1984","1981-06-19","British Columbia","Southern Gulf Islands","North Pender Island","fen below magic lake",NA,NA,NA,NA,NA,NA,NA,"fen; with several rushes",NA,NA
NA,"Orobanche californicum",NA,NA,"Orobanchaceae","Aphyllon","californica","Cham. & Schltdl.",NA,NA,NA,NA,NA,NA,NA,NA,NA,NA,"Harvey Janszen Collection","Harvey Janszen","1985","1981-06-23","British Columbia","Southern Gulf Islands","North Pender Island; Otter Bay",NA,NA,NA,NA,NA,NA,NA,NA,NA,NA,NA
NA,"Polygonum spergulariiforme douglasii",NA,NA,"Polygonaceae","Polygonum","spergulariiforme","Meisn. ex Small",NA,NA,NA,NA,NA,NA,NA,NA,NA,NA,"Harvey Janszen Collection","Harvey Janszen","1986","1981-06-23","British Columbia","Southern Gulf Islands","North Pender Island; Otter Bay",NA,NA,NA,NA,NA,NA,NA,NA,NA,NA,NA
NA,"Leontodon nudicaulis",NA,NA,"Asteraceae","Thrincia","saxatilis",NA,NA,NA,"saxatilis",NA,NA,NA,NA,NA,NA,NA,"Harvey Janszen Collection","Harvey Janszen","1987","1981-07-07","British Columbia","Southern Gulf Islands","Galiano Island",NA,NA,NA,NA,NA,NA,NA,NA,NA,NA,NA
NA,"Bromus sitchensis sitchensis",NA,NA,"Poaceae","Bromus","sitchensis",NA,NA,NA,"sitchensis",NA,NA,NA,NA,NA,NA,NA,"Harvey Janszen Collection","Harvey Janszen","1988","1981-07-07","British Columbia","Southern Gulf Islands","Galiano Island",NA,NA,NA,NA,NA,NA,NA,NA,NA,NA,NA
NA,"Cerastium vulgatum",NA,NA,"Caryophyllaceae","Cerastium","fontanum","Baumg.",NA,NA,NA,NA,NA,NA,NA,NA,NA,NA,"Harvey Janszen Collection","Harvey Janszen","1989","1981-07-07","British Columbia","Southern Gulf Islands","Galiano Island",NA,NA,NA,NA,NA,NA,NA,NA,NA,NA,NA
NA,"Trifolium procumbens",NA,NA,"Fabaceae","Trifolium","campestre","Schreb.",NA,NA,NA,NA,NA,NA,NA,NA,NA,NA,"Harvey Janszen Collection","Harvey Janszen","1989A","1981-07-07","British Columbia","Southern Gulf Islands","Galiano Island",NA,NA,NA,NA,NA,NA,NA,NA,NA,NA,NA
NA,"Lotus denticulatus",NA,NA,"Fabaceae","Acmispon","denticulatus","(Drew) D.D.Sokoloff",NA,NA,NA,NA,NA,NA,NA,NA,NA,NA,"Harvey Janszen Collection","Harvey Janszen","1990","1981-07-07","British Columbia","Southern Gulf Islands","Galiano Island",NA,NA,NA,NA,NA,NA,NA,NA,NA,NA,NA
NA,"Puccinellia nutkaensis",NA,NA,"Poaceae","Puccinellia","nutkaensis","(J.Presl) Fernald & Weath.",NA,NA,NA,NA,NA,NA,NA,NA,NA,NA,"Harvey Janszen Collection","Harvey Janszen","1991","1981-07-07","British Columbia","Southern Gulf Islands","Galiano Island",NA,NA,NA,NA,NA,NA,NA,NA,NA,NA,NA
NA,"Elymus mollis",NA,NA,"Poaceae","Leymus",NA,"Hochst.",NA,NA,NA,NA,NA,NA,NA,NA,NA,NA,"Harvey Janszen Collection","Harvey Janszen","1992","1981-07-07","British Columbia","Southern Gulf Islands","Galiano Island",NA,NA,NA,NA,NA,NA,NA,NA,NA,"glamo crossed out",NA
NA,"Sonchus oleraceus",NA,NA,"Asteraceae","Sonchus","oleraceus","L.",NA,NA,NA,NA,NA,NA,NA,NA,NA,NA,"Harvey Janszen Collection","Harvey Janszen","1993","1981-07-07","British Columbia","Southern Gulf Islands","Galiano Island",NA,NA,NA,NA,NA,NA,NA,NA,NA,NA,NA
NA,"Polypogon monspeliensis",NA,NA,"Poaceae","Polypogon","monspeliensis","(L.) Desf.",NA,NA,NA,NA,NA,NA,NA,NA,NA,NA,"Harvey Janszen Collection","Harvey Janszen","1994","1981-07-07","British Columbia","Southern Gulf Islands","Galiano Island",NA,NA,NA,NA,NA,NA,NA,NA,NA,NA,NA
NA,"Barbarea orthoceras",NA,NA,"Brassicaceae","Barbarea","orthoceras","Ledeb.",NA,NA,NA,NA,NA,NA,NA,NA,NA,NA,"Harvey Janszen Collection","Harvey Janszen","1995","1981-07-07","British Columbia","Southern Gulf Islands","Galiano Island",NA,NA,NA,NA,NA,NA,NA,NA,NA,NA,NA
NA,"Bromus pacificus",NA,NA,"Poaceae","Bromus","pacificus","Shear",NA,NA,NA,NA,NA,NA,NA,NA,NA,NA,"Harvey Janszen Collection","Harvey Janszen","1996","1981-07-07","British Columbia","Southern Gulf Islands","Galiano Island",NA,NA,NA,NA,NA,NA,NA,NA,NA,"Festuca subuliflora crossed out",NA
NA,"Festuca subuliflora",NA,NA,"Poaceae","Festuca","subuliflora","Scribn.",NA,NA,NA,NA,NA,NA,NA,NA,NA,NA,"Harvey Janszen Collection","Harvey Janszen","1997","1981-07-07","British Columbia","Southern Gulf Islands","Galiano Island",NA,NA,NA,NA,NA,NA,NA,NA,NA,"Trisetum cerinum crossed out",NA
NA,"Brodia coronaria",NA,NA,"Asparagaceae","Brodiaea","coronaria",NA,NA,NA,NA,NA,NA,NA,NA,NA,NA,NA,"Harvey Janszen Collection","Harvey Janszen","1998","1981-07-07","British Columbia","Southern Gulf Islands","Galiano Island",NA,NA,NA,NA,NA,NA,NA,NA,NA,NA,NA
NA,"Triteleia hyacinthina",NA,NA,"Asparagaceae","Triteleia","hyacinthina","(Lindl.) Greene",NA,NA,NA,NA,NA,NA,NA,NA,NA,NA,"Harvey Janszen Collection","Harvey Janszen","1999","1981-07-07","British Columbia","Southern Gulf Islands","Galiano Island",NA,NA,NA,NA,NA,NA,NA,NA,NA,NA,NA
NA,"Sherardia arvensis",NA,NA,"Rubiaceae","Sherardia","arvensis","L.",NA,NA,NA,NA,NA,NA,NA,NA,NA,NA,"Harvey Janszen Collection","Harvey Janszen","2000","1981-07-07","British Columbia","Southern Gulf Islands","Galiano Island",NA,NA,NA,NA,NA,NA,NA,NA,NA,NA,NA
NA,"Trisetum cernuum",NA,NA,"Poaceae","Trisetum","cernuum","Trin.",NA,NA,NA,NA,NA,NA,NA,NA,NA,NA,"Harvey Janszen Collection","Harvey Janszen","2002","1981-07-07","British Columbia","Southern Gulf Islands","Galiano Island",NA,NA,NA,NA,NA,NA,NA,NA,NA,NA,NA
NA,"Euphrasia officinalis",NA,NA,"Orobanchaceae","Euphrasia","officinalis","L.",NA,NA,NA,NA,NA,NA,NA,NA,NA,NA,"Harvey Janszen Collection","Harvey Janszen","2003","1981-07-07","British Columbia","Southern Gulf Islands","Galiano Island",NA,NA,NA,NA,NA,NA,NA,NA,NA,NA,NA
NA,"Pyrola aphylla",NA,NA,"Ericaceae","Pyrola","aphylla","Sm.",NA,NA,NA,NA,NA,NA,NA,NA,NA,NA,"Harvey Janszen Collection","Harvey Janszen","2004","1981-07-07","British Columbia","Southern Gulf Islands","Galiano Island",NA,NA,NA,NA,NA,NA,NA,NA,NA,NA,NA
NA,"Distichlis spicata",NA,NA,"Poaceae","Distichlis","spicata","(L.) Greene",NA,NA,NA,NA,NA,NA,NA,NA,NA,NA,"Harvey Janszen Collection","Harvey Janszen","2005","1981-07-07","British Columbia","Southern Gulf Islands","Galiano Island",NA,NA,NA,NA,NA,NA,NA,NA,NA,NA,NA
NA,"Spergularia marina",NA,NA,"Caryophyllaceae","Spergularia","marina","(L.) Besser",NA,NA,NA,NA,NA,NA,NA,NA,NA,NA,"Harvey Janszen Collection","Harvey Janszen","2006","1981-07-07","British Columbia","Southern Gulf Islands","Galiano Island",NA,NA,NA,NA,NA,NA,NA,NA,NA,NA,NA
NA,"Blechnum spicant",NA,NA,"Blechnaceae","Struthiopteris","spicant",NA,NA,NA,NA,NA,NA,NA,NA,NA,NA,NA,"Harvey Janszen Collection","Harvey Janszen","2007","1981-07-07","British Columbia","Southern Gulf Islands","Galiano Island",NA,NA,NA,NA,NA,NA,NA,NA,NA,NA,NA
NA,"Habenaria unalascensis",NA,NA,"Orchidaceae","Platanthera","unalascensis","(Spreng.) Kurtz",NA,NA,NA,NA,NA,NA,NA,NA,NA,NA,"Harvey Janszen Collection","Harvey Janszen","2008","1981-07-07","British Columbia","Southern Gulf Islands","Galiano Island",NA,NA,NA,NA,NA,NA,NA,NA,NA,NA,NA
NA,"Senecio vulgaris",NA,NA,"Asteraceae","Senecio","vulgaris","L.",NA,NA,NA,NA,NA,NA,NA,NA,NA,NA,"Harvey Janszen Collection","Harvey Janszen","2009","1981-07-07","British Columbia","Southern Gulf Islands","Galiano Island",NA,NA,NA,NA,NA,NA,NA,NA,NA,NA,NA
NA,"Polygonum spergulariiforme",NA,NA,"Polygonaceae","Polygonum","spergulariiforme","Meisn. ex Small",NA,NA,NA,NA,NA,NA,NA,NA,NA,NA,"Harvey Janszen Collection","Harvey Janszen","2010","1981-07-07","British Columbia","Southern Gulf Islands","Galiano Island",NA,NA,NA,NA,NA,NA,NA,NA,NA,NA,NA
NA,"Melica harfordii",NA,NA,"Poaceae","Melica","harfordii","Bol.",NA,NA,NA,NA,NA,NA,NA,NA,NA,NA,"Harvey Janszen Collection","Harvey Janszen","2011","1981-07-07","British Columbia","Southern Gulf Islands","Galiano Island",NA,NA,NA,NA,NA,NA,NA,NA,NA,NA,NA
NA,"Galium triflorum",NA,NA,"Rubiaceae","Galium","triflorum","Michx.",NA,NA,NA,NA,NA,NA,NA,NA,NA,NA,"Harvey Janszen Collection","Harvey Janszen","2012","1981-07-07","British Columbia","Southern Gulf Islands","Galiano Island",NA,NA,NA,NA,NA,NA,NA,NA,NA,NA,NA
NA,"Silene antirrhina",NA,NA,"Caryophyllaceae","Silene","antirrhina","L.",NA,NA,NA,NA,NA,NA,NA,NA,NA,NA,"Harvey Janszen Collection","Harvey Janszen","2013","1981-07-07","British Columbia","Southern Gulf Islands","Galiano Island",NA,NA,NA,NA,NA,NA,NA,NA,NA,NA,NA
NA,"Madia sativa",NA,NA,"Asteraceae","Madia","sativa","Molina",NA,NA,NA,NA,NA,NA,NA,NA,NA,NA,"Harvey Janszen Collection","Harvey Janszen","2014","1981-07-07","British Columbia","Southern Gulf Islands","Galiano Island",NA,NA,NA,NA,NA,NA,NA,NA,NA,NA,NA
NA,"Daucus pusillus",NA,NA,"Apiaceae","Daucus","pusillus","Michx.",NA,NA,NA,NA,NA,NA,NA,NA,NA,NA,"Harvey Janszen Collection","Harvey Janszen","2015","1981-07-07","British Columbia","Southern Gulf Islands","Galiano Island",NA,NA,NA,NA,NA,NA,NA,NA,NA,NA,NA
NA,"Erysimum cheiranthoides",NA,NA,"Brassicaceae","Erysimum","cheiranthoides","L.",NA,NA,NA,NA,NA,NA,NA,NA,NA,NA,"Harvey Janszen Collection","Harvey Janszen","2016","1981-07-07","British Columbia","Southern Gulf Islands","Galiano Island",NA,NA,NA,NA,NA,NA,NA,NA,NA,NA,NA
NA,"Madia exigua",NA,NA,"Asteraceae","Madia","exigua","(Sm.) Greene",NA,NA,NA,NA,NA,NA,NA,NA,NA,NA,"Harvey Janszen Collection","Harvey Janszen","2017","1981-07-07","British Columbia","Southern Gulf Islands","Galiano Island",NA,NA,NA,NA,NA,NA,NA,NA,NA,NA,NA
NA,"Collinsia heterophylla",NA,NA,"Plantaginaceae","Collinsia","heterophylla","Buist ex Graham",NA,NA,NA,NA,NA,NA,NA,NA,NA,NA,"Harvey Janszen Collection","Harvey Janszen","2018","1981-07-07","British Columbia","Southern Gulf Islands","Galiano Island",NA,NA,NA,NA,NA,NA,NA,NA,NA,NA,NA
NA,"Triglochin concinna",NA,NA,"Juncaginaceae","Triglochin","concinna","Burtt Davy",NA,NA,NA,NA,NA,NA,NA,NA,NA,NA,"Harvey Janszen Collection","Harvey Janszen","2019","1981-07-07","British Columbia","Southern Gulf Islands","Galiano Island",NA,NA,NA,NA,NA,NA,NA,NA,NA,NA,NA
NA,"Medicago lupulina",NA,NA,"Fabaceae","Medicago","lupulina","L.",NA,NA,NA,NA,NA,NA,NA,NA,NA,NA,"Harvey Janszen Collection","Harvey Janszen","2020","1981-07-10","British Columbia","Southern Gulf Islands","Saturna Island","from church lawn",NA,NA,NA,NA,NA,NA,NA,NA,NA,NA
NA,"Collinsia linearis",NA,NA,"Plantaginaceae","Collinsia","linearis","A.Gray",NA,NA,NA,NA,NA,NA,NA,NA,NA,NA,"Harvey Janszen Collection","Harvey Janszen","2021","1981-07-14","British Columbia","Southern Gulf Islands","North Pender Island","set of collections up clam bay road, port washington down road to irene bay, roe lake, browning harbour salt marsh",NA,NA,NA,NA,NA,NA,NA,NA,NA,NA
NA,"Lotus corniculatus",NA,NA,"Fabaceae","Lotus","corniculatus","L.",NA,NA,NA,NA,NA,NA,NA,NA,NA,NA,"Harvey Janszen Collection","Harvey Janszen","2022","1981-07-14","British Columbia","Southern Gulf Islands","North Pender Island","set of collections up clam bay road, port washington down road to irene bay, roe lake, browning harbour salt marsh",NA,NA,NA,NA,NA,NA,NA,NA,NA,NA
NA,"Asparagus officinalis",NA,NA,"Asparagaceae","Asparagus","officinalis","L.",NA,NA,NA,NA,NA,NA,NA,NA,NA,NA,"Harvey Janszen Collection","Harvey Janszen","2023","1981-07-14","British Columbia","Southern Gulf Islands","North Pender Island","set of collections up clam bay road, port washington down road to irene bay, roe lake, browning harbour salt marsh",NA,NA,NA,NA,NA,NA,NA,NA,NA,NA
NA,"Juncus tenuis var. congestus",NA,NA,"Juncaceae","Juncus","occidentalis","Wiegand",NA,NA,NA,NA,NA,NA,NA,NA,NA,NA,"Harvey Janszen Collection","Harvey Janszen","2024","1981-07-14","British Columbia","Southern Gulf Islands","North Pender Island","set of collections up clam bay road, port washington down road to irene bay, roe lake, browning harbour salt marsh",NA,NA,NA,NA,NA,NA,NA,NA,NA,NA
NA,"Ambrosia chamissonis",NA,NA,"Asteraceae","Ambrosia","chamissonis","(Less.) Greene",NA,NA,NA,NA,NA,NA,NA,NA,NA,NA,"Harvey Janszen Collection","Harvey Janszen","2025","1981-07-14","British Columbia","Southern Gulf Islands","North Pender Island","set of collections up clam bay road, port washington down road to irene bay, roe lake, browning harbour salt marsh",NA,NA,NA,NA,NA,NA,NA,NA,NA,NA
NA,"Potentilla pacifica",NA,NA,"Rosaceae","Argentina","pacifica","Rydb.",NA,NA,NA,NA,NA,NA,NA,NA,NA,NA,"Harvey Janszen Collection","Harvey Janszen","2026","1981-07-14","British Columbia","Southern Gulf Islands","North Pender Island","set of collections up clam bay road, port washington down road to irene bay, roe lake, browning harbour salt marsh",NA,NA,NA,NA,NA,NA,NA,NA,NA,NA
NA,"Vicia cracca",NA,NA,"Fabaceae","Vicia","cracca","L.",NA,NA,NA,NA,NA,NA,NA,NA,NA,NA,"Harvey Janszen Collection","Harvey Janszen","2027","1981-07-14","British Columbia","Southern Gulf Islands","North Pender Island","set of collections up clam bay road, port washington down road to irene bay, roe lake, browning harbour salt marsh",NA,NA,NA,NA,NA,NA,NA,NA,NA,NA
NA,"Sisyrinchium altissimum",NA,NA,"Iridaceae","Sisyrinchium","palmifolium",NA,"palmifolium",NA,NA,NA,NA,NA,NA,NA,NA,NA,"Harvey Janszen Collection","Harvey Janszen","2028","1981-07-14","British Columbia","Southern Gulf Islands","North Pender Island","set of collections up clam bay road, port washington down road to irene bay, roe lake, browning harbour salt marsh",NA,NA,NA,NA,NA,NA,NA,NA,NA,NA
NA,"Hypericum anagalloides",NA,NA,"Hypericaceae","Hypericum","anagalloides","Cham. & Schltdl.",NA,NA,NA,NA,NA,NA,NA,NA,NA,NA,"Harvey Janszen Collection","Harvey Janszen","2029","1981-07-14","British Columbia","Southern Gulf Islands","North Pender Island","set of collections up clam bay road, port washington down road to irene bay, roe lake, browning harbour salt marsh",NA,NA,NA,NA,NA,NA,NA,NA,NA,NA
NA,"Thlaspi arvense",NA,NA,"Brassicaceae","Thlaspi","arvense","L.",NA,NA,NA,NA,NA,NA,NA,NA,NA,NA,"Harvey Janszen Collection","Harvey Janszen","2030","1981-07-14","British Columbia","Southern Gulf Islands","North Pender Island","set of collections up clam bay road, port washington down road to irene bay, roe lake, browning harbour salt marsh",NA,NA,NA,NA,NA,NA,NA,NA,NA,NA
NA,"Euphorbia peplus",NA,NA,"Euphorbiaceae","Euphorbia","peplus","L.",NA,NA,NA,NA,NA,NA,NA,NA,NA,NA,"Harvey Janszen Collection","Harvey Janszen","2031","1981-07-14","British Columbia","Southern Gulf Islands","North Pender Island","set of collections up clam bay road, port washington down road to irene bay, roe lake, browning harbour salt marsh",NA,NA,NA,NA,NA,NA,NA,NA,"arvense crossed out for peplus",NA
NA,"Aster eatonii",NA,NA,"Asteraceae","Symphyotrichum","bracteolatum","(Nutt.) G.L.Nesom",NA,NA,NA,NA,NA,NA,NA,NA,NA,NA,"Harvey Janszen Collection","Harvey Janszen","2032","1981-07-14","British Columbia","Southern Gulf Islands","North Pender Island","set of collections up clam bay road, port washington down road to irene bay, roe lake, browning harbour salt marsh",NA,NA,NA,NA,NA,NA,NA,NA,NA,NA
NA,"Carex hendersonii",NA,NA,"Cyperaceae","Carex","hendersonii","L.H.Bailey",NA,NA,NA,NA,NA,NA,NA,NA,NA,NA,"Harvey Janszen Collection","Harvey Janszen","2033","1981-07-14","British Columbia","Southern Gulf Islands","North Pender Island","set of collections up clam bay road, port washington down road to irene bay, roe lake, browning harbour salt marsh",NA,NA,NA,NA,NA,NA,NA,NA,NA,NA
NA,"Carex acuta",NA,NA,"Cyperaceae","Carex","acuta","L.",NA,NA,NA,NA,NA,NA,NA,NA,NA,NA,"Harvey Janszen Collection","Harvey Janszen","2034","1981-07-14","British Columbia","Southern Gulf Islands","North Pender Island","set of collections up clam bay road, port washington down road to irene bay, roe lake, browning harbour salt marsh",NA,NA,NA,NA,NA,NA,NA,NA,NA,NA
NA,"Amaranthus retroflexus",NA,NA,"Amaranthaceae","Amaranthus","retroflexus","L.",NA,NA,NA,NA,NA,NA,NA,NA,NA,NA,"Harvey Janszen Collection","Harvey Janszen","2035","1981-07-14","British Columbia","Southern Gulf Islands","North Pender Island","set of collections up clam bay road, port washington down road to irene bay, roe lake, browning harbour salt marsh",NA,NA,NA,NA,NA,NA,NA,NA,"initial specific epithet crossed out",NA
NA,"Matthiola incana",NA,NA,"Brassicaceae","Matthiola","incana","(L.) W.T.Aiton",NA,NA,NA,NA,NA,NA,NA,NA,NA,NA,"Harvey Janszen Collection","Harvey Janszen","2043","1981-07-16","British Columbia","Southern Gulf Islands","Galiano Island","set of collections from montague to georgeson bay and up to sphagnum bog of gauner road",NA,NA,NA,NA,NA,NA,NA,NA,NA,NA
NA,"Polygonum aviculare",NA,NA,"Polygonaceae","Polygonum","aviculare","L.",NA,NA,NA,NA,NA,NA,NA,NA,NA,NA,"Harvey Janszen Collection","Harvey Janszen","2044","1981-07-16","British Columbia","Southern Gulf Islands","Galiano Island","set of collections from montague to georgeson bay and up to sphagnum bog of gauner road",NA,NA,NA,NA,NA,NA,NA,NA,NA,NA
NA,"Actaea rubra",NA,NA,"Ranunculaceae","Actaea","rubra","(Aiton) Willd.",NA,NA,NA,NA,NA,NA,NA,NA,NA,NA,"Harvey Janszen Collection","Harvey Janszen","2045","1981-07-16","British Columbia","Southern Gulf Islands","Galiano Island","set of collections from montague to georgeson bay and up to sphagnum bog of gauner road",NA,NA,NA,NA,NA,NA,NA,NA,NA,NA
NA,"Polygonum spergulariiforme",NA,NA,"Polygonaceae","Polygonum","spergulariiforme","Meisn. ex Small",NA,NA,NA,NA,NA,NA,NA,NA,NA,NA,"Harvey Janszen Collection","Harvey Janszen","2046","1981-07-16","British Columbia","Southern Gulf Islands","Galiano Island","set of collections from montague to georgeson bay and up to sphagnum bog of gauner road",NA,NA,NA,NA,NA,NA,NA,NA,NA,NA
NA,"Matthiola incana",NA,NA,"Brassicaceae","Matthiola","incana","(L.) W.T.Aiton",NA,NA,NA,NA,NA,NA,NA,NA,NA,NA,"Harvey Janszen Collection","Harvey Janszen","2043","1981-07-16","British Columbia","Southern Gulf Islands","Galiano Island","set of collections from montague to georgeson bay and up to sphagnum bog of gauner road",NA,NA,NA,NA,NA,NA,NA,NA,NA,NA
NA,"Polygonum aviculare",NA,NA,"Polygonaceae","Polygonum","aviculare","L.",NA,NA,NA,NA,NA,NA,NA,NA,NA,NA,"Harvey Janszen Collection","Harvey Janszen","2044","1981-07-16","British Columbia","Southern Gulf Islands","Galiano Island","set of collections from montague to georgeson bay and up to sphagnum bog of gauner road",NA,NA,NA,NA,NA,NA,NA,NA,NA,NA
NA,"Actaea rubra",NA,NA,"Ranunculaceae","Actaea","rubra","(Aiton) Willd.",NA,NA,NA,NA,NA,NA,NA,NA,NA,NA,"Harvey Janszen Collection","Harvey Janszen","2045","1981-07-16","British Columbia","Southern Gulf Islands","Galiano Island","set of collections from montague to georgeson bay and up to sphagnum bog of gauner road",NA,NA,NA,NA,NA,NA,NA,NA,NA,NA
NA,"Polygonum spergulariiforme",NA,NA,"Polygonaceae","Polygonum","spergulariiforme","Meisn. ex Small",NA,NA,NA,NA,NA,NA,NA,NA,NA,NA,"Harvey Janszen Collection","Harvey Janszen","2046","1981-07-16","British Columbia","Southern Gulf Islands","Galiano Island","set of collections from montague to georgeson bay and up to sphagnum bog of gauner road",NA,NA,NA,NA,NA,NA,NA,NA,NA,NA
NA,"Agrostis diegoensis",NA,NA,"Poaceae","Agrostis","pallens","Trin.",NA,NA,NA,NA,NA,NA,NA,NA,NA,NA,"Harvey Janszen Collection","Harvey Janszen","2036","1981-07-16","British Columbia","Southern Gulf Islands","Galiano Island","set of collections from montague to georgeson bay and up to sphagnum bog of gauner road",NA,NA,NA,NA,NA,NA,NA,NA,NA,NA
NA,"Symphytum officinale",NA,NA,"Boraginaceae","Symphytum","officinale","L.",NA,NA,NA,NA,NA,NA,NA,NA,NA,NA,"Harvey Janszen Collection","Harvey Janszen","2037","1981-07-16","British Columbia","Southern Gulf Islands","Galiano Island","set of collections from montague to georgeson bay and up to sphagnum bog of gauner road",NA,NA,NA,NA,NA,NA,NA,NA,NA,NA
NA,"Hypopitys monotropa",NA,NA,"Ericaceae","Hypopitys","hypopitys","L.",NA,NA,NA,NA,NA,NA,NA,NA,NA,NA,"Harvey Janszen Collection","Harvey Janszen","2038","1981-07-16","British Columbia","Southern Gulf Islands","Galiano Island","set of collections from montague to georgeson bay and up to sphagnum bog of gauner road",NA,NA,NA,NA,NA,NA,NA,NA,NA,NA
NA,"Orobanche californicum",NA,NA,"Orobanchaceae","Aphyllon","californica","Cham. & Schltdl.",NA,NA,NA,NA,NA,NA,NA,NA,NA,NA,"Harvey Janszen Collection","Harvey Janszen","2039","1981-07-16","British Columbia","Southern Gulf Islands","Galiano Island","set of collections from montague to georgeson bay and up to sphagnum bog of gauner road",NA,NA,NA,NA,NA,NA,NA,NA,NA,NA
NA,"Anagalis arvensis",NA,NA,"Primulaceae","Lysimachia","arvensis","(L.) U.Manns & Anderb.",NA,NA,NA,NA,NA,NA,NA,NA,NA,NA,"Harvey Janszen Collection","Harvey Janszen","2040","1981-07-16","British Columbia","Southern Gulf Islands","Galiano Island","set of collections from montague to georgeson bay and up to sphagnum bog of gauner road",NA,NA,NA,NA,NA,NA,NA,NA,NA,NA
NA,"Sonchus asper",NA,NA,"Asteraceae","Sonchus","asper","(L.) Hill",NA,NA,NA,NA,NA,NA,NA,NA,NA,NA,"Harvey Janszen Collection","Harvey Janszen","2041","1981-07-16","British Columbia","Southern Gulf Islands","Galiano Island","set of collections from montague to georgeson bay and up to sphagnum bog of gauner road",NA,NA,NA,NA,NA,NA,NA,NA,NA,NA
NA,"Geranium bicknellii",NA,NA,"Geraniaceae","Geranium","bicknellii","Britton",NA,NA,NA,NA,NA,NA,NA,NA,NA,NA,"Harvey Janszen Collection","Harvey Janszen","2042","1981-07-16","British Columbia","Southern Gulf Islands","Galiano Island","set of collections from montague to georgeson bay and up to sphagnum bog of gauner road",NA,NA,NA,NA,NA,NA,NA,NA,NA,NA
