"pageNum","numPage","vName","vSciName","conf","sciName","date","locality","country","stateProvince","island","idQualifier","county","occStatus","habitat","locationRemarks","vTaxonRank","vElevM","vLat","vLon","vUTM","vCoordUncM","assCollTaxa","assColl","numPlantsCode","orgQuantity","orgQtype","occRemarks","phenology","recordedBy","idBy","dataEntryRemarks"
1,1,"Artemisia suksdorfii","Artemisia suksdorfii","h","Artemisia suksdorfii",19810528,"log dump beach with navy channel, North Pender Island","Canada","British Columbia","North Pender Island",NA,"Southern Gulf Islands",NA,"beach",NA,NA,NA,NA,NA,NA,NA,NA,NA,NA,NA,NA,NA,NA,NA,NA,NA
1,2,"Poa annua","Poa annua","h","Poa annua",19810528,"Prevost Island, at dock","Canada","British Columbia","Prevost Island",NA,NA,NA,NA,"at dock",NA,NA,NA,NA,NA,NA,NA,NA,NA,NA,NA,NA,NA,NA,NA,NA
1,3,"Lolium perenne","Lolium perenne","h","Lolium perenne",19810528,"Prevost Island, at dock","Canada","British Columbia","Prevost Island",NA,NA,NA,NA,"at dock",NA,NA,NA,NA,NA,NA,NA,NA,NA,NA,NA,NA,NA,NA,NA,NA
1,4,"Plantago lanceolata","Plantago lanceolata","h","Plantago lanceolata",19810528,"Prevost Island, at dock","Canada","British Columbia","Prevost Island",NA,NA,NA,NA,"at dock",NA,NA,NA,NA,NA,NA,NA,NA,NA,NA,NA,NA,NA,NA,NA,NA
1,5,"Bromus mollis","Bromus mollis","h","Bromus hordeaceus",19810528,"Prevost Island, at dock","Canada","British Columbia","Prevost Island",NA,NA,NA,NA,"at dock",NA,NA,NA,NA,NA,NA,NA,NA,NA,NA,NA,NA,NA,NA,NA,NA
1,6,"Bromus tectorum","Bromus tectorum","h","Bromus tectorum",19810528,"Prevost Island, at dock","Canada","British Columbia","Prevost Island",NA,NA,NA,NA,"at dock",NA,NA,NA,NA,NA,NA,NA,NA,NA,NA,NA,NA,NA,NA,NA,NA
1,7,"Vicia sativa","Vicia sativa","h","Vicia sativa",19810528,"Prevost Island, at dock","Canada","British Columbia","Prevost Island",NA,NA,NA,NA,"at dock",NA,NA,NA,NA,NA,NA,NA,NA,NA,NA,NA,NA,NA,NA,NA,NA
1,8,"Poa pratensis","Poa pratensis","h","Poa pratensis",19810528,"Prevost Island, at dock","Canada","British Columbia","Prevost Island",NA,NA,NA,NA,"at dock",NA,NA,NA,NA,NA,NA,NA,NA,NA,NA,NA,NA,NA,NA,NA,NA
1,9,"Rumex acetosella","Rumex acetosella","h","Rumex acetosella",19810528,"Prevost Island, at dock","Canada","British Columbia","Prevost Island",NA,NA,NA,NA,"at dock",NA,NA,NA,NA,NA,NA,NA,NA,NA,NA,NA,NA,NA,NA,NA,NA
1,10,"Festuca megalura","Festuca megalura","m","Vulpia myuros megalura",19810528,"Prevost Island, at dock","Canada","British Columbia","Prevost Island",NA,NA,NA,NA,"at dock",NA,NA,NA,NA,NA,NA,NA,NA,NA,NA,NA,NA,NA,NA,NA,NA
1,11,"Arbutus menziesii","Arbutus menziesii","h","Arbutus menziesii",19810528,"Prevost Island, at dock","Canada","British Columbia","Prevost Island",NA,NA,NA,NA,"at dock",NA,NA,NA,NA,NA,NA,NA,NA,NA,NA,NA,NA,NA,NA,NA,NA
1,12,"Lotus corniculatus","Lotus corniculatus","h","Lotus corniculatus",19810528,"Prevost Island, at dock","Canada","British Columbia","Prevost Island",NA,NA,NA,NA,"at dock",NA,NA,NA,NA,NA,NA,NA,NA,NA,NA,NA,NA,NA,NA,NA,NA
1,13,"Trifolium dubium","Trifolium dubium","h","Trifolium dubium",19810528,"Prevost Island, at dock","Canada","British Columbia","Prevost Island",NA,NA,NA,NA,"at dock",NA,NA,NA,NA,NA,NA,NA,NA,NA,NA,NA,NA,NA,NA,NA,NA
1,14,"Trifolium repens","Trifolium repens","h","Trifolium repens",19810528,"Prevost Island, at dock","Canada","British Columbia","Prevost Island",NA,NA,NA,NA,"at dock",NA,NA,NA,NA,NA,NA,NA,NA,NA,NA,NA,NA,NA,NA,NA,NA
1,15,"Trifolium subterraneum","Trifolium subterraneum","h","Trifolium subterraneum",19810528,"Prevost Island, at dock","Canada","British Columbia","Prevost Island",NA,NA,NA,NA,"at dock",NA,NA,NA,NA,NA,NA,NA,NA,NA,NA,NA,NA,NA,NA,NA,NA
1,16,"Aira caryophyllea","Aira caryophyllea","h","Aira caryophyllea",19810528,"Prevost Island, at dock","Canada","British Columbia","Prevost Island",NA,NA,NA,NA,"at dock",NA,NA,NA,NA,NA,NA,NA,NA,NA,NA,NA,NA,NA,NA,NA,NA
1,17,"Hypochaeris radicata","Hypochaeris radicata","h","Hypochaeris radicata",19810528,"Prevost Island, at dock","Canada","British Columbia","Prevost Island",NA,NA,NA,NA,"at dock",NA,NA,NA,NA,NA,NA,NA,NA,NA,NA,NA,NA,NA,NA,NA,NA
1,18,"Dactylis glomerata","Dactylis glomerata","h","Dactylis glomerata",19810528,"Prevost Island, at dock","Canada","British Columbia","Prevost Island",NA,NA,NA,NA,"at dock",NA,NA,NA,NA,NA,NA,NA,NA,NA,NA,NA,NA,NA,NA,NA,NA
1,19,"Bromus pacificus","Bromus pacificus","h","Bromus pacificus",19810528,"Prevost Island, at dock","Canada","British Columbia","Prevost Island",NA,NA,NA,NA,"at dock",NA,NA,NA,NA,NA,NA,NA,NA,NA,NA,NA,NA,NA,NA,NA,NA
1,20,"Bellis perennis","Bellis perennis","h","Bellis perennis",19810528,"Prevost Island, at dock","Canada","British Columbia","Prevost Island",NA,NA,NA,NA,"at dock",NA,NA,NA,NA,NA,NA,NA,NA,NA,NA,NA,NA,NA,NA,NA,NA
1,21,"Matricaria matricarioides","Matricaria matricarioides","h","Matricaria discoidea",19810528,"Prevost Island, at dock","Canada","British Columbia","Prevost Island",NA,NA,NA,NA,"at dock",NA,NA,NA,NA,NA,NA,NA,NA,NA,NA,NA,NA,NA,NA,NA,NA
1,22,"Pseudotsuga menziesii","Pseudotsuga menziesii","h","Pseudotsuga menziesii",19810528,"Prevost Island, at dock","Canada","British Columbia","Prevost Island",NA,NA,NA,NA,"at dock",NA,NA,NA,NA,NA,NA,NA,NA,NA,NA,NA,NA,NA,NA,NA,NA
2,1,"Sedum spathulifolium","Sedum spathulifolium","h","Sedum spathulifolium",19810528,"Prevost Island","Canada","British Columbia","Prevost Island",NA,NA,NA,NA,NA,NA,NA,NA,NA,NA,NA,NA,NA,NA,NA,NA,NA,NA,NA,NA,NA
2,2,"Juniperus scopulorum","Juniperus scopulorum","h","Juniperus scopulorum",19810528,"Prevost Island","Canada","British Columbia","Prevost Island",NA,NA,NA,NA,NA,NA,NA,NA,NA,NA,NA,NA,NA,NA,NA,NA,NA,NA,NA,NA,NA
2,3,"Lonicera ciliosa","Lonicera ciliosa","h","Lonicera ciliosa",19810528,"Prevost Island","Canada","British Columbia","Prevost Island",NA,NA,NA,NA,NA,NA,NA,NA,NA,NA,NA,NA,NA,NA,NA,NA,NA,NA,NA,NA,NA
2,4,"Salix scouleriana","Salix scouleriana","h","Salix scouleriana",19810528,"Prevost Island","Canada","British Columbia","Prevost Island",NA,NA,NA,NA,NA,NA,NA,NA,NA,NA,NA,NA,NA,NA,NA,NA,NA,NA,NA,NA,NA
2,5,"Filago germanica","Filago germanica","h","Filago germanica",19810528,"Prevost Island","Canada","British Columbia","Prevost Island",NA,NA,NA,NA,NA,NA,NA,NA,NA,NA,NA,NA,NA,NA,NA,NA,NA,NA,NA,NA,NA
2,6,"Rubus ursinus","Rubus ursinus","h","Rubus ursinus",19810528,"Prevost Island","Canada","British Columbia","Prevost Island",NA,NA,NA,NA,NA,NA,NA,NA,NA,NA,NA,NA,NA,NA,NA,NA,NA,NA,NA,NA,NA
2,7,"Gaultheria shallon","Gaultheria shallon","h","Gaultheria shallon",19810528,"Prevost Island","Canada","British Columbia","Prevost Island",NA,NA,NA,NA,NA,NA,NA,NA,NA,NA,NA,NA,NA,NA,NA,NA,NA,NA,NA,NA,NA
2,8,"Bromus pacificus","Bromus pacificus","h","Bromus pacificus",19810528,"Prevost Island","Canada","British Columbia","Prevost Island",NA,NA,NA,NA,NA,NA,NA,NA,NA,NA,NA,NA,NA,NA,NA,NA,"asterisk next to taxon name",NA,NA,NA,"has asterisk"
2,9,"Bromus sterilis","Bromus sterilis","h","Bromus sterilis",19810528,"Prevost Island","Canada","British Columbia","Prevost Island",NA,NA,NA,NA,NA,NA,NA,NA,NA,NA,NA,NA,NA,NA,NA,NA,NA,NA,NA,NA,NA
2,10,"Daucus pusillus","Daucus pusillus","h","Daucus pusillus",19810528,"Prevost Island","Canada","British Columbia","Prevost Island",NA,NA,NA,NA,NA,NA,NA,NA,NA,NA,NA,NA,NA,NA,NA,NA,NA,NA,NA,NA,NA
2,11,"Heuchera micrantha","Heuchera micrantha","h","Heuchera micrantha",19810528,"Prevost Island","Canada","British Columbia","Prevost Island",NA,NA,NA,NA,NA,NA,NA,NA,NA,NA,NA,NA,NA,NA,NA,NA,NA,NA,NA,NA,NA
2,12,"Achillea millefolium","Achillea millefolium","h","Achillea millefolium",19810528,"Prevost Island","Canada","British Columbia","Prevost Island",NA,NA,NA,NA,NA,NA,NA,NA,NA,NA,NA,NA,NA,NA,NA,NA,NA,NA,NA,NA,NA
2,13,"Vaccinium parvifolium","Vaccinium parvifolium","h","Vaccinium parvifolium",19810528,"Prevost Island","Canada","British Columbia","Prevost Island",NA,NA,NA,NA,NA,NA,NA,NA,NA,NA,NA,NA,NA,NA,NA,NA,NA,NA,NA,NA,NA
2,15,"Vicia gigantea","Vicia gigantea","h","Vicia gigantea",19810528,"Prevost Island","Canada","British Columbia","Prevost Island",NA,NA,NA,NA,NA,NA,NA,NA,NA,NA,NA,NA,NA,NA,NA,NA,NA,NA,NA,NA,NA
2,16,"Ribes sanguineum","Ribes sanguineum","h","Ribes sanguineum",19810528,"Prevost Island","Canada","British Columbia","Prevost Island",NA,NA,NA,NA,NA,NA,NA,NA,NA,NA,NA,NA,NA,NA,NA,NA,NA,NA,NA,NA,NA
2,17,"Grindelia integrifolia","Grindelia integrifolia","h","Grindelia integrifolia",19810528,"Prevost Island","Canada","British Columbia","Prevost Island",NA,NA,NA,NA,NA,NA,NA,NA,NA,NA,NA,NA,NA,NA,NA,NA,NA,NA,NA,NA,NA
2,18,"Conioselinum pacificum","Conioselinum pacificum","h","Conioselinum gmelinii",19810528,"Prevost Island","Canada","British Columbia","Prevost Island",NA,NA,NA,NA,NA,NA,NA,NA,NA,NA,NA,NA,NA,NA,NA,NA,NA,NA,NA,NA,NA
2,19,"Plantago maritima","Plantago maritima","h","Plantago maritima",19810528,"Prevost Island","Canada","British Columbia","Prevost Island",NA,NA,NA,NA,NA,NA,NA,NA,NA,NA,NA,NA,NA,NA,NA,NA,NA,NA,NA,NA,NA
2,20,"Elymus glaucus","Elymus glaucus","h","Elymus glaucus",19810528,"Prevost Island","Canada","British Columbia","Prevost Island",NA,NA,NA,NA,NA,NA,NA,NA,NA,NA,NA,NA,NA,NA,NA,NA,NA,NA,NA,NA,NA
2,21,"Thuja plicata","Thuja plicata","h","Thuja plicata",19810528,"Prevost Island","Canada","British Columbia","Prevost Island",NA,NA,NA,NA,NA,NA,NA,NA,NA,NA,NA,NA,NA,NA,NA,NA,NA,NA,NA,NA,NA
2,22,"Lonicera hispidula","Lonicera hispidula","h","Lonicera hispidula",19810528,"Prevost Island","Canada","British Columbia","Prevost Island",NA,NA,NA,NA,NA,NA,NA,NA,NA,NA,NA,NA,NA,NA,NA,NA,NA,NA,NA,NA,NA
2,23,"Acer macrophyllum","Acer macrophyllum","h","Acer macrophyllum",19810528,"Prevost Island","Canada","British Columbia","Prevost Island",NA,NA,NA,NA,NA,NA,NA,NA,NA,NA,NA,NA,NA,NA,NA,NA,NA,NA,NA,NA,NA
2,24,"Galium triflorum","Galium triflorum","h","Galium triflorum",19810528,"Prevost Island","Canada","British Columbia","Prevost Island","Galium triflorum cf.",NA,NA,NA,NA,NA,NA,NA,NA,NA,NA,NA,NA,NA,NA,NA,"question mark beside taxon name",NA,NA,NA,"question mark"
2,25,"Lactuca muralis","Lactuca muralis","h","Lactuca muralis",19810528,"Prevost Island","Canada","British Columbia","Prevost Island",NA,NA,NA,NA,NA,NA,NA,NA,NA,NA,NA,NA,NA,NA,NA,NA,NA,NA,NA,NA,NA
2,26,"Verbascum thapsus","Verbascum thapsus","m","Verbascum thapsus",19810528,"Prevost Island","Canada","British Columbia","Prevost Island",NA,NA,NA,NA,NA,NA,NA,NA,NA,NA,NA,NA,NA,NA,NA,NA,NA,NA,NA,NA,NA
2,27,"Epilobium minutum","Epilobium minutum","m","Epilobium minutum",19810528,"Prevost Island","Canada","British Columbia","Prevost Island",NA,NA,NA,NA,NA,NA,NA,NA,NA,NA,NA,NA,NA,NA,NA,NA,NA,NA,NA,NA,"unsure if montanum or minutum"
2,28,"Cerastium viscosum","Cerastium viscosum","h","Cerastium holosteoides",19810528,"Prevost Island","Canada","British Columbia","Prevost Island",NA,NA,NA,NA,NA,NA,NA,NA,NA,NA,NA,NA,NA,NA,NA,NA,NA,NA,NA,NA,NA
2,29,"Berberis nervosa","Berberis nervosa","h","Berberis nervosa",19810528,"Prevost Island","Canada","British Columbia","Prevost Island",NA,NA,NA,NA,NA,NA,NA,NA,NA,NA,NA,NA,NA,NA,NA,NA,NA,NA,NA,NA,NA
2,30,"Galium aparine","Galium aparine","h","Galium aparine",19810528,"Prevost Island","Canada","British Columbia","Prevost Island",NA,NA,NA,NA,NA,NA,NA,NA,NA,NA,NA,NA,NA,NA,NA,NA,NA,NA,NA,NA,NA
2,31,"Hieracium alb","Hieracium albiflorum","m","Hieracium albiflorum",19810528,"Prevost Island","Canada","British Columbia","Prevost Island",NA,NA,NA,NA,NA,NA,NA,NA,NA,NA,NA,NA,NA,NA,NA,NA,NA,NA,NA,NA,NA
2,32,"Trientalis latifolia","Trientalis latifolia","h","Lysimachia latifolia",19810528,"Prevost Island","Canada","British Columbia","Prevost Island",NA,NA,NA,NA,NA,NA,NA,NA,NA,NA,NA,NA,NA,NA,NA,NA,NA,NA,NA,NA,NA
2,33,"Festuca occidentalis","Festuca occidentalis","h","Festuca occidentalis",19810528,"Prevost Island","Canada","British Columbia","Prevost Island","Festuca cf . occidentalis",NA,NA,NA,NA,NA,NA,NA,NA,NA,NA,NA,NA,NA,NA,NA,"question mark in between genus and species; check mark next to taxon name",NA,NA,NA,"question mark in between genus and species. Check mark"
2,34,"Amelanchier alnifolia","Amelanchier alnifolia","h","Amelanchier alnifolia",19810528,"Prevost Island","Canada","British Columbia","Prevost Island",NA,NA,NA,NA,NA,NA,NA,NA,NA,NA,NA,NA,NA,NA,NA,NA,NA,NA,NA,NA,NA
2,35,"rosa gymnocarpa","rosa gymnocarpa","h","rosa gymnocarpa",19810528,"Prevost Island","Canada","British Columbia","Prevost Island",NA,NA,NA,NA,NA,NA,NA,NA,NA,NA,NA,NA,NA,NA,NA,NA,NA,NA,NA,NA,NA
2,36,"Anthoxanthum odoratum","Anthoxanthum odoratum","h","Anthoxanthum odoratum",19810528,"Prevost Island","Canada","British Columbia","Prevost Island",NA,NA,NA,NA,NA,NA,NA,NA,NA,NA,NA,NA,NA,NA,NA,NA,NA,NA,NA,NA,NA
2,37,"Madia madioides","Madia madioides","h","Madia madioides",19810528,"Prevost Island","Canada","British Columbia","Prevost Island",NA,NA,NA,NA,NA,NA,NA,NA,NA,NA,NA,NA,NA,NA,NA,NA,NA,NA,NA,NA,NA
2,38,"Festuca rubra lit","Festuca rubra litoralis","l","Festuca rubra litoralis",19810528,"Prevost Island","Canada","British Columbia","Prevost Island",NA,NA,NA,NA,NA,NA,NA,NA,NA,NA,NA,NA,NA,NA,NA,NA,NA,NA,NA,NA,NA
2,39,"Bromus vulgaris","Bromus vulgaris","h","Bromus vulgaris",19810528,"Prevost Island","Canada","British Columbia","Prevost Island",NA,NA,NA,NA,NA,NA,NA,NA,NA,NA,NA,NA,NA,NA,NA,NA,"asterisk next to taxon name",NA,NA,NA,"asterisk"
2,40,"Barbarea orthoceras","Barbarea orthoceras","h","Barbarea orthoceras",19810528,"Prevost Island","Canada","British Columbia","Prevost Island",NA,NA,NA,NA,NA,NA,NA,NA,NA,NA,NA,NA,NA,NA,NA,NA,"asterisk next to taxon name",NA,NA,NA,"asterisk"
3,1,"Symphoricarpos albus","Symphoricarpos albus","h","Symphoricarpos albus",19810528,"Prevost Island","Canada","British Columbia","Prevost Island",NA,NA,NA,NA,NA,NA,NA,NA,NA,NA,NA,NA,NA,NA,NA,NA,NA,NA,NA,NA,NA
3,2,"Collinsia grandiflora","Collinsia grandiflora","h","Collinsia grandiflora",19810528,"Prevost Island","Canada","British Columbia","Prevost Island",NA,NA,NA,NA,NA,NA,NA,NA,NA,NA,NA,NA,NA,NA,NA,NA,NA,NA,NA,NA,NA
3,3,"Arenaria serpyllifolia","Arenaria serpyllifolia","m","Arenaria serpyllifolia",19810528,"Prevost Island","Canada","British Columbia","Prevost Island","cf. Arenaria serpyllifolia",NA,NA,NA,NA,NA,NA,NA,NA,NA,NA,NA,NA,NA,NA,NA,"taxon name circled with big question mark",NA,NA,NA,"question mark and circled"
3,4,"Sisymbrium officinale","Sisymbrium officinale","h","Sisymbrium officinale",19810528,"Prevost Island","Canada","British Columbia","Prevost Island",NA,NA,NA,NA,NA,NA,NA,NA,NA,NA,NA,NA,NA,NA,NA,NA,NA,NA,NA,NA,NA
3,5,"Lenontodon Crepis capillaris","Crepis capillaris","l","Crepis capillaris",19810528,"Prevost Island","Canada","British Columbia","Prevost Island",NA,NA,"absent",NA,NA,NA,NA,NA,NA,NA,NA,NA,NA,NA,NA,NA,"crossed out and has asterisk beside taxon name",NA,NA,NA,"inferrring absent from crossing out"
3,6,"Collinsia parviflora","Collinsia parviflora","h","Collinsia parviflora",19810528,"Prevost Island","Canada","British Columbia","Prevost Island",NA,NA,NA,NA,NA,NA,NA,NA,NA,NA,NA,NA,NA,NA,NA,NA,NA,NA,NA,NA,NA
3,7,"Veronica arvense","Veronica arvensis","m","Veronica arvensis",19810528,"Prevost Island","Canada","British Columbia","Prevost Island",NA,NA,NA,NA,NA,NA,NA,NA,NA,NA,NA,NA,NA,NA,NA,NA,NA,NA,NA,NA,NA
3,8,"Atriplex patula","Atriplex patula","h","Atriplex patula",19810528,"Prevost Island","Canada","British Columbia","Prevost Island",NA,NA,NA,NA,NA,NA,NA,NA,NA,NA,NA,NA,NA,NA,NA,NA,NA,NA,NA,NA,NA
3,9,"Polypoda glycyrrhiza","Polypodium glycyrrhiza","h","Polypodium glycyrrhiza",19810528,"Prevost Island","Canada","British Columbia","Prevost Island",NA,NA,NA,NA,NA,NA,NA,NA,NA,NA,NA,NA,NA,NA,NA,NA,NA,NA,NA,NA,NA
3,10,"Cardamine oligosperma","Cardamine oligosperma","h","Cardamine oligosperma",19810528,"Prevost Island","Canada","British Columbia","Prevost Island",NA,NA,NA,NA,NA,NA,NA,NA,NA,NA,NA,NA,NA,NA,NA,NA,NA,NA,NA,NA,NA
3,11,"Veronica serpyllifolia","Veronica serpyllifolia","h","Veronica serpyllifolia",19810528,"Prevost Island","Canada","British Columbia","Prevost Island",NA,NA,NA,NA,NA,NA,NA,NA,NA,NA,NA,NA,NA,NA,NA,NA,NA,NA,NA,NA,NA
3,12,"Osmorhiza chilensis","Osmorhiza chilensis","h","Osmorhiza berteroi",19810528,"Prevost Island","Canada","British Columbia","Prevost Island",NA,NA,NA,NA,NA,NA,NA,NA,NA,NA,NA,NA,NA,NA,NA,NA,NA,NA,NA,NA,NA
3,13,"Pteridium aquilinum","Pteridium aquilinum","h","Pteridium aquilinum",19810528,"Prevost Island","Canada","British Columbia","Prevost Island",NA,NA,NA,NA,NA,NA,NA,NA,NA,NA,NA,NA,NA,NA,NA,NA,NA,NA,NA,NA,NA
3,14,"Crataegus monogyna","Crataegus monogyna","h","Crataegus monogyna",19810528,"Prevost Island","Canada","British Columbia","Prevost Island",NA,NA,NA,NA,NA,NA,NA,NA,NA,NA,NA,NA,NA,NA,NA,NA,NA,NA,NA,NA,NA
3,15,"Epilobium watsonii","Epilobium watsonii","l","Epilobium ciliatum watsonii",19810528,"Prevost Island","Canada","British Columbia","Prevost Island",NA,NA,NA,NA,NA,NA,NA,NA,NA,NA,NA,NA,NA,NA,NA,NA,NA,NA,NA,NA,NA
3,16,"Plantago major","Plantago major","h","Plantago major",19810528,"Prevost Island","Canada","British Columbia","Prevost Island",NA,NA,NA,NA,NA,NA,NA,NA,NA,NA,NA,NA,NA,NA,NA,NA,NA,NA,NA,NA,NA
3,17,"Spergularia rubra","Spergularia rubra","h","Spergularia rubra",19810528,"Prevost Island","Canada","British Columbia","Prevost Island",NA,NA,NA,NA,NA,NA,NA,NA,NA,NA,NA,NA,NA,NA,NA,NA,NA,NA,NA,NA,NA
3,18,"Geranium dissectum","Geranium dissectum","h","Geranium dissectum",19810528,"Prevost Island","Canada","British Columbia","Prevost Island",NA,NA,NA,NA,NA,NA,NA,NA,NA,NA,NA,NA,NA,NA,NA,NA,NA,NA,NA,NA,NA
3,19,"Geranium molle","Geranium molle","h","Geranium molle",19810528,"Prevost Island","Canada","British Columbia","Prevost Island",NA,NA,NA,NA,NA,NA,NA,NA,NA,NA,NA,NA,NA,NA,NA,NA,NA,NA,NA,NA,NA
3,20,"Cerastium arvense","Cerastium arvense","h","Cerastium arvense",19810528,"Prevost Island","Canada","British Columbia","Prevost Island",NA,NA,NA,NA,NA,NA,NA,NA,NA,NA,NA,NA,NA,NA,NA,NA,NA,NA,NA,NA,NA
3,21,"Salicornia virginica","Salicornia virginica","h","Salicornia depressa",19810528,"Prevost Island","Canada","British Columbia","Prevost Island",NA,NA,NA,NA,NA,NA,NA,NA,NA,NA,NA,NA,NA,NA,NA,NA,NA,NA,NA,NA,NA
3,22,"Crepis capillaris","Crepis capillaris","h","Crepis capillaris",19810528,"Prevost Island","Canada","British Columbia","Prevost Island",NA,NA,NA,NA,NA,NA,NA,NA,NA,NA,NA,NA,NA,NA,NA,NA,NA,NA,NA,NA,NA
3,23,"Allium acuminatum","Allium acuminatum","h","Allium acuminatum",19810528,"Prevost Island","Canada","British Columbia","Prevost Island",NA,NA,NA,NA,NA,NA,NA,NA,NA,NA,NA,NA,NA,NA,NA,NA,NA,NA,NA,NA,NA
3,24,"Trifolium tridentatum","Trifolium tridentatum","h","Trifolium willdenovii",19810528,"Prevost Island","Canada","British Columbia","Prevost Island",NA,NA,NA,NA,NA,NA,NA,NA,NA,NA,NA,NA,NA,NA,NA,NA,NA,NA,NA,NA,NA
3,25,"Puccinellia","Puccinellia","h","Puccinellia",19810528,"Prevost Island","Canada","British Columbia","Prevost Island","Puccinellia sp. cf.",NA,NA,NA,NA,NA,NA,NA,NA,NA,NA,NA,NA,NA,NA,NA,"sp. ?",NA,NA,NA,NA
3,26,"Spergularia canadensis","Spergularia canadensis","h","Spergularia canadensis",19810528,"Prevost Island","Canada","British Columbia","Prevost Island","Spergularia cf. canadensis",NA,NA,NA,NA,NA,NA,NA,NA,NA,NA,NA,NA,NA,NA,NA,"(canadensis?)",NA,NA,NA,NA
3,27,"Polystichum munitum","Polystichum munitum","h","Polystichum munitum",19810528,"Prevost Island","Canada","British Columbia","Prevost Island",NA,NA,NA,NA,NA,NA,NA,NA,NA,NA,NA,NA,NA,NA,NA,NA,NA,NA,NA,NA,NA
3,28,"Sanicula crassicaulis","Sanicula crassicaulis","h","Sanicula crassicaulis",19810528,"Prevost Island","Canada","British Columbia","Prevost Island",NA,NA,NA,NA,NA,NA,NA,NA,NA,NA,NA,NA,NA,NA,NA,NA,NA,NA,NA,NA,NA
3,29,"Fragaria vesca","Fragaria vesca","h","Fragaria vesca",19810528,"Prevost Island","Canada","British Columbia","Prevost Island",NA,NA,NA,NA,NA,NA,NA,NA,NA,NA,NA,NA,NA,NA,NA,NA,NA,NA,NA,NA,NA
3,30,"Ranunculus repens","Ranunculus repens","h","Ranunculus repens",19810528,"Prevost Island","Canada","British Columbia","Prevost Island",NA,NA,NA,NA,NA,NA,NA,NA,NA,NA,NA,NA,NA,NA,NA,NA,NA,NA,NA,NA,NA
3,31,"Athyria filix-folia","Athyrium filix-femina","m","Athyrium filix-femina",19810528,"Prevost Island","Canada","British Columbia","Prevost Island",NA,NA,NA,NA,NA,NA,NA,NA,NA,NA,NA,NA,NA,NA,NA,NA,NA,NA,NA,NA,NA
3,32,"Poa trivialis","Poa trivialis","h","Poa trivialis",19810528,"Prevost Island","Canada","British Columbia","Prevost Island",NA,NA,NA,NA,NA,NA,NA,NA,NA,NA,NA,NA,NA,NA,NA,NA,NA,NA,NA,NA,NA
3,33,"Alopecurus geniculatus","Alopecurus geniculatus","l","Alopecurus geniculatus",19810528,"Prevost Island","Canada","British Columbia","Prevost Island",NA,NA,NA,NA,NA,NA,NA,NA,NA,NA,NA,NA,NA,NA,NA,NA,NA,NA,NA,NA,"having trouble deciphering taxon name"
3,34,"Juncus bufonius","Juncus bufonius","h","Juncus bufonius",19810528,"Prevost Island","Canada","British Columbia","Prevost Island",NA,NA,NA,NA,NA,NA,NA,NA,NA,NA,NA,NA,NA,NA,NA,NA,NA,NA,NA,NA,NA
3,35,"Cirsium vulgare","Cirsium vulgare","h","Cirsium vulgare",19810528,"Prevost Island","Canada","British Columbia","Prevost Island",NA,NA,NA,NA,NA,NA,NA,NA,NA,NA,NA,NA,NA,NA,NA,NA,NA,NA,NA,NA,NA
3,36,"Polygonum aviculare","Polygonum aviculare","h","Polygonum aviculare",19810528,"Prevost Island","Canada","British Columbia","Prevost Island",NA,NA,NA,NA,NA,NA,NA,NA,NA,NA,NA,NA,NA,NA,NA,NA,NA,NA,NA,NA,NA
4,1,"Rumex crispus","Rumex crispus","h","Rumex crispus",19810528,"Prevost Island","Canada","British Columbia","Prevost Island","Rumex cf. crispus",NA,NA,NA,NA,NA,NA,NA,NA,NA,NA,NA,NA,NA,NA,NA,"specific epithet bracketed",NA,NA,NA,NA
4,2,"Juncus effusus","Juncus effusus","h","Juncus effusus",19810528,"Prevost Island","Canada","British Columbia","Prevost Island","Juncus effusus cf. var",NA,NA,NA,NA,NA,NA,NA,NA,NA,NA,NA,NA,NA,NA,NA,"no var provided, ""var"" underlined",NA,NA,NA,NA
4,3,"Alopecuris","Alopecurus","m","Alopecurus",19810528,"Prevost Island","Canada","British Columbia","Prevost Island",NA,NA,NA,NA,NA,NA,NA,NA,NA,NA,NA,NA,NA,NA,NA,NA,"asterisk beside genus name",NA,NA,NA,NA
4,4,"Sagina procumbens","Sagina procumbens","h","Sagina procumbens",19810528,"Prevost Island","Canada","British Columbia","Prevost Island",NA,NA,NA,NA,NA,NA,NA,NA,NA,NA,NA,NA,NA,NA,NA,NA,NA,NA,NA,NA,NA
4,5,"Triglochin montinum","Triglochin maritima","m","Triglochin maritima",19810528,"Prevost Island","Canada","British Columbia","Prevost Island",NA,NA,NA,NA,NA,NA,NA,NA,NA,NA,NA,NA,NA,NA,NA,NA,"crossed-out asterisk",NA,NA,NA,NA
4,6,"Sagina crassicaulis","Sagina crassicaulis","m","Sagina maxima crassicaulis",19810528,"Prevost Island","Canada","British Columbia","Prevost Island",NA,NA,NA,NA,NA,NA,NA,NA,NA,NA,NA,NA,NA,NA,NA,NA,"check mark and asterisk next to taxon name",NA,NA,NA,NA
4,7,"Centaurium umbellatum","Centaurium umbellatum","m","Centaurium erythraea",19810528,"Prevost Island","Canada","British Columbia","Prevost Island",NA,NA,NA,NA,NA,NA,NA,NA,NA,NA,NA,NA,NA,NA,NA,NA,"Initial genus name bracketed with question mark; arrow pointing to new name",NA,NA,NA,NA
4,8,"Quercus garryana","Quercus garryana","h","Quercus garryana",19810528,"Prevost Island","Canada","British Columbia","Prevost Island",NA,NA,NA,NA,NA,NA,NA,NA,NA,NA,NA,NA,NA,NA,NA,NA,NA,NA,NA,NA,NA
4,9,"Holodiscus discolor","Holodiscus discolor","h","Holodiscus discolor",19810528,"Prevost Island","Canada","British Columbia","Prevost Island",NA,NA,NA,NA,NA,NA,NA,NA,NA,NA,NA,NA,NA,NA,NA,NA,NA,NA,NA,NA,NA
4,10,"Pyrola aphylla","Pyrola aphylla","h","Pyrola aphylla",19810528,"Prevost Island","Canada","British Columbia","Prevost Island",NA,NA,NA,NA,NA,NA,NA,NA,NA,NA,NA,NA,NA,NA,NA,NA,NA,NA,NA,NA,"cannot decipher comment next to name in brackets. Is that a suspected intraspecific epithet?"
4,11,"Poa howellii","Poa howellii","h","Poa howellii",19810528,"Prevost Island","Canada","British Columbia","Prevost Island",NA,NA,NA,NA,NA,NA,NA,NA,NA,NA,NA,NA,NA,NA,NA,NA,"asterisk next to taxon name",NA,NA,NA,NA
4,12,"Taraxacum officinale","Taraxacum officinale","h","Taraxacum officinale",19810528,"Prevost Island","Canada","British Columbia","Prevost Island",NA,NA,NA,NA,NA,NA,NA,NA,NA,NA,NA,NA,NA,NA,NA,NA,NA,NA,NA,NA,NA
4,13,"Linnaea borealis","Linnaea borealis","h","Linnaea borealis",19810528,"Prevost Island","Canada","British Columbia","Prevost Island",NA,NA,NA,NA,NA,NA,NA,NA,NA,NA,NA,NA,NA,NA,NA,NA,NA,NA,NA,NA,NA
4,14,"Montia parvifolia","Montia parvifolia","h","Montia parvifolia",19810528,"Prevost Island","Canada","British Columbia","Prevost Island",NA,NA,NA,NA,NA,NA,NA,NA,NA,NA,NA,NA,NA,NA,NA,NA,NA,NA,NA,NA,NA
4,15,"Zostera marina","Zostera marina","h","Zostera marina",19810528,"Prevost Island","Canada","British Columbia","Prevost Island",NA,NA,NA,NA,NA,NA,NA,NA,NA,NA,NA,NA,NA,NA,NA,NA,NA,NA,NA,NA,NA
4,16,"Digitalis purpurea","Digitalis purpurea","h","Digitalis purpurea",19810528,"Prevost Island","Canada","British Columbia","Prevost Island",NA,NA,NA,NA,NA,NA,NA,NA,NA,NA,NA,NA,NA,NA,NA,NA,NA,NA,NA,NA,NA
4,17,"Holcus lanatus","Holcus lanatus","h","Holcus lanatus",19810528,"Prevost Island","Canada","British Columbia","Prevost Island",NA,NA,NA,NA,NA,NA,NA,NA,NA,NA,NA,NA,NA,NA,NA,NA,NA,NA,NA,NA,NA
4,18,"Callitriche heterophylla","Callitriche heterophylla","h","Callitriche heterophylla",19810528,"Prevost Island","Canada","British Columbia","Prevost Island",NA,NA,NA,NA,NA,NA,NA,NA,NA,NA,NA,NA,NA,NA,NA,NA,NA,NA,NA,NA,NA
4,19,"Festuca pratensis","Festuca pratense","m","Festuca pratense",19810528,"Prevost Island","Canada","British Columbia","Prevost Island",NA,NA,NA,NA,NA,NA,NA,NA,NA,NA,NA,NA,NA,NA,NA,NA,NA,NA,NA,NA,NA
4,20,"Carex pachystachya","Carex pachystachya","h","Carex pachystachya",19810528,"Prevost Island","Canada","British Columbia","Prevost Island",NA,NA,NA,NA,NA,NA,NA,NA,NA,NA,NA,NA,NA,NA,NA,NA,"initially Carex sp., sp. crossed out for specified specific epithet",NA,NA,NA,NA
4,21,"Orthocarpus pusillus","Orthocarpus pusillus","l","Triphysaria pusilla",19810528,"Prevost Island","Canada","British Columbia","Prevost Island",NA,NA,NA,NA,NA,NA,NA,NA,NA,NA,NA,NA,NA,NA,NA,NA,NA,NA,NA,NA,NA
4,22,"Abies grandis","Abies grandis","h","Abies grandis",19810528,"Prevost Island","Canada","British Columbia","Prevost Island",NA,NA,NA,NA,NA,NA,NA,NA,NA,NA,NA,NA,NA,NA,NA,NA,NA,NA,NA,NA,NA
4,23,"Distichlis spicata","Distichlis spicata","h","Distichlis spicata",19810528,"Prevost Island","Canada","British Columbia","Prevost Island",NA,NA,NA,NA,NA,NA,NA,NA,NA,NA,NA,NA,NA,NA,NA,NA,NA,NA,NA,NA,NA
4,24,"Juncus balticus","Juncus balticus","h","Juncus balticus",19810528,"Prevost Island","Canada","British Columbia","Prevost Island",NA,NA,NA,NA,NA,NA,NA,NA,NA,NA,NA,NA,NA,NA,NA,NA,NA,NA,NA,NA,NA
4,27,"Myosotis discolor","Myosotis discolor","h","Myosotis discolor",19810528,"Prevost Island","Canada","British Columbia","Prevost Island",NA,NA,NA,NA,NA,NA,NA,NA,NA,NA,NA,NA,NA,NA,NA,NA,NA,NA,NA,NA,NA
4,28,"Saxifraga cespitosa","Saxifraga cespitosa","m","Saxifraga cespitosa",19810528,"Prevost Island","Canada","British Columbia","Prevost Island",NA,NA,NA,NA,NA,NA,NA,NA,NA,NA,NA,NA,NA,NA,NA,NA,"asterisk next to taxon name",NA,NA,NA,NA
4,29,"Pachistima myrsinites","Pachistima myrsinites","h","Paxistima myrsinites",19810528,"Prevost Island","Canada","British Columbia","Prevost Island",NA,NA,NA,NA,NA,NA,NA,NA,NA,NA,NA,NA,NA,NA,NA,NA,NA,NA,NA,NA,NA
4,30,"Aira praecox","Aira praecox","h","Aira praecox",19810528,"Prevost Island","Canada","British Columbia","Prevost Island",NA,NA,NA,NA,NA,NA,NA,NA,NA,NA,NA,NA,NA,NA,NA,NA,NA,NA,NA,NA,NA
4,32,"Shepherdia canadensis","Shepherdia canadensis","h","Shepherdia canadensis",19810528,"Prevost Island","Canada","British Columbia","Prevost Island",NA,NA,NA,NA,NA,NA,NA,NA,NA,NA,NA,NA,NA,NA,NA,NA,"original genus name corsses out",NA,NA,NA,NA
4,33,"Carex pensylvanica","Carex pensylvanica","h","Carex pensylvanica",19810528,"Prevost Island","Canada","British Columbia","Prevost Island",NA,NA,NA,NA,NA,NA,NA,NA,NA,NA,NA,NA,NA,NA,NA,NA,NA,NA,NA,NA,NA
4,34,"Cynosurus cristatus","Cynosurus cristatus","h","Cynosurus cristatus",19810528,"Prevost Island","Canada","British Columbia","Prevost Island",NA,NA,NA,NA,NA,NA,NA,NA,NA,NA,NA,NA,NA,NA,NA,NA,NA,NA,NA,NA,NA
4,35,"Juncus gracilis","Juncus gracilis","l","Marsippospermum gracile",19810528,"Prevost Island","Canada","British Columbia","Prevost Island",NA,NA,NA,NA,NA,NA,NA,NA,NA,NA,NA,NA,NA,NA,NA,NA,NA,NA,NA,NA,"new species name not found in region"
5,1,"Cirsium arvense","Cirsium arvense","h","Cirsium arvense",19810528,"Prevost Island","Canada","British Columbia","Prevost Island",NA,NA,NA,NA,NA,NA,NA,NA,NA,NA,NA,NA,NA,NA,NA,NA,NA,NA,NA,NA,NA
5,2,"Myosotis laxa","Myosotis laxa","h","Myosotis laxa",19810528,"Prevost Island","Canada","British Columbia","Prevost Island","Myosotis cf. laxa",NA,NA,NA,NA,NA,NA,NA,NA,NA,NA,NA,NA,NA,NA,NA,"specific epithet bracketed",NA,NA,NA,NA
5,3,"Rubus discolor","Rubus discolor","h","Rubus armeniacus",19810528,"Prevost Island","Canada","British Columbia","Prevost Island",NA,NA,NA,NA,NA,NA,NA,NA,NA,NA,NA,NA,NA,NA,NA,NA,NA,NA,NA,NA,NA
5,4,"Veronica americana","Veronica americana","h","Veronica americana",19810528,"Prevost Island","Canada","British Columbia","Prevost Island",NA,NA,NA,NA,NA,NA,NA,NA,NA,NA,NA,NA,NA,NA,NA,NA,NA,NA,NA,NA,NA
5,5,"Geum macrophyllum","Geum macrophyllum","h","Geum macrophyllum",19810528,"Prevost Island","Canada","British Columbia","Prevost Island",NA,NA,NA,NA,NA,NA,NA,NA,NA,NA,NA,NA,NA,NA,NA,NA,NA,NA,NA,NA,NA
5,6,"Sherardia arvensis","Sherardia arvensis","h","Sherardia arvensis",19810528,"Prevost Island","Canada","British Columbia","Prevost Island",NA,NA,NA,NA,NA,NA,NA,NA,NA,NA,NA,NA,NA,NA,NA,NA,NA,NA,NA,NA,NA
5,7,"Allium cernuum","Allium cernuum","h","Allium cernuum",19810528,"Prevost Island","Canada","British Columbia","Prevost Island",NA,NA,NA,NA,NA,NA,NA,NA,NA,NA,NA,NA,NA,NA,NA,NA,NA,NA,NA,NA,NA
5,8,"Carex deweyana","Carex deweyana","h","Carex deweyana",19810528,"Prevost Island","Canada","British Columbia","Prevost Island",NA,NA,NA,NA,NA,NA,NA,NA,NA,NA,NA,NA,NA,NA,NA,NA,NA,NA,NA,NA,NA
5,9,"Festuca subuliflora","Festuca subuliflora","h","Festuca subuliflora",19810528,"Prevost Island","Canada","British Columbia","Prevost Island",NA,NA,NA,NA,NA,NA,NA,NA,NA,NA,NA,NA,NA,NA,NA,NA,NA,NA,NA,NA,NA
5,10,"Lotus corniculatus","Lotus corniculatus","h","Lotus corniculatus",19810528,"Prevost Island","Canada","British Columbia","Prevost Island",NA,NA,NA,NA,NA,NA,NA,NA,NA,NA,NA,NA,NA,NA,NA,NA,NA,NA,NA,NA,NA
5,11,"Selaginella wallacei","Selaginella wallacei","m","Selaginella wallacei",19810528,"Prevost Island","Canada","British Columbia","Prevost Island",NA,NA,NA,NA,NA,NA,NA,NA,NA,NA,NA,NA,NA,NA,NA,NA,NA,NA,NA,NA,NA
5,12,"Mimulus guttatus","Mimulus guttatus","h","Erythranthe guttata",19810528,"Prevost Island","Canada","British Columbia","Prevost Island",NA,NA,NA,NA,NA,NA,NA,NA,NA,NA,NA,NA,NA,NA,NA,NA,NA,NA,NA,NA,NA
5,13,"Pityrogramma triangularis","Pityrogramma triangularis","h","Pentagramma triangularis",19810528,"Prevost Island","Canada","British Columbia","Prevost Island",NA,NA,NA,NA,NA,NA,NA,NA,NA,NA,NA,NA,NA,NA,NA,NA,NA,NA,NA,NA,NA
5,14,"Mimulus alsinoides","Mimulus alsinoides","m","Erythranthe alsinoides",19810528,"Prevost Island","Canada","British Columbia","Prevost Island",NA,NA,NA,NA,NA,NA,NA,NA,NA,NA,NA,NA,NA,NA,NA,NA,NA,NA,NA,NA,NA
5,15,"Monotropa uniflora","Monotropa uniflora","h","Monotropa uniflora",19810528,"Prevost Island","Canada","British Columbia","Prevost Island",NA,NA,NA,NA,NA,NA,NA,NA,NA,NA,NA,NA,NA,NA,NA,NA,NA,NA,NA,NA,NA
5,16,"Chimaphila umbellata","Chimaphila umbellata","h","Chimaphila umbellata",19810528,"Prevost Island","Canada","British Columbia","Prevost Island",NA,NA,NA,NA,NA,NA,NA,NA,NA,NA,NA,NA,NA,NA,NA,NA,NA,NA,NA,NA,NA
5,17,"Carex lyngbyei","Carex lyngbyei","h","Carex lyngbyei",19810528,"Prevost Island","Canada","British Columbia","Prevost Island",NA,NA,NA,NA,NA,NA,NA,NA,NA,NA,NA,NA,NA,NA,NA,NA,NA,NA,NA,NA,NA
5,18,"Arabis glabra","Arabis glabra","h","Arabis glabra",19810528,"Prevost Island","Canada","British Columbia","Prevost Island",NA,NA,NA,NA,NA,NA,NA,NA,NA,NA,NA,NA,NA,NA,NA,NA,NA,NA,NA,NA,NA
5,19,"Pyrus fusca","Pyrus fusca","h","Malus fusca",19810528,"Prevost Island","Canada","British Columbia","Prevost Island",NA,NA,NA,NA,NA,NA,NA,NA,NA,NA,NA,NA,NA,NA,NA,NA,NA,NA,NA,NA,NA
5,20,"Hypericum anagalloides","Hypericum anagalloides","h","Hypericum anagalloides",19810528,"Prevost Island","Canada","British Columbia","Prevost Island",NA,NA,NA,NA,NA,NA,NA,NA,NA,NA,NA,NA,NA,NA,NA,NA,NA,NA,NA,NA,NA
5,21,"Mentha arvense","Mentha arvensis","h","Mentha arvensis",19810528,"Prevost Island","Canada","British Columbia","Prevost Island",NA,NA,NA,NA,NA,NA,NA,NA,NA,NA,NA,NA,NA,NA,NA,NA,NA,NA,NA,NA,NA
5,22,"Urtica dioica","Urtica dioica","h","Urtica dioica",19810528,"Prevost Island","Canada","British Columbia","Prevost Island",NA,NA,NA,NA,NA,NA,NA,NA,NA,NA,NA,NA,NA,NA,NA,NA,NA,NA,NA,NA,NA
5,23,"Alnus rubra","Alnus rubra","h","Alnus rubra",19810528,"Prevost Island","Canada","British Columbia","Prevost Island",NA,NA,NA,NA,NA,NA,NA,NA,NA,NA,NA,NA,NA,NA,NA,NA,NA,NA,NA,NA,NA
5,24,"Stellaria crispa","Stellaria crispa","h","Stellaria crispa",19810528,"Prevost Island","Canada","British Columbia","Prevost Island",NA,NA,NA,NA,NA,NA,NA,NA,NA,NA,NA,NA,NA,NA,NA,NA,NA,NA,NA,NA,NA
5,25,"Trifolium microcephalum","Trifolium microcephalum","h","Trifolium microcephalum",19810528,"Prevost Island","Canada","British Columbia","Prevost Island",NA,NA,NA,NA,NA,NA,NA,NA,NA,NA,NA,NA,NA,NA,NA,NA,NA,NA,NA,NA,NA
5,26,"Lepidium virginicum","Lepidium virginicum","h","Lepidium virginicum",19810528,"Prevost Island","Canada","British Columbia","Prevost Island",NA,NA,NA,NA,NA,NA,NA,NA,NA,NA,NA,NA,NA,NA,NA,NA,NA,NA,NA,NA,NA
5,27,"Taxus brevifolia","Taxus brevifolia","h","Taxus brevifolia",19810528,"Prevost Island","Canada","British Columbia","Prevost Island",NA,NA,NA,NA,NA,NA,NA,NA,NA,NA,NA,NA,NA,NA,NA,NA,NA,NA,NA,NA,NA
5,28,"Eriophyllum lanatum","Eriophyllum lanatum","h","Eriophyllum lanatum",19810528,"Prevost Island","Canada","British Columbia","Prevost Island",NA,NA,NA,NA,NA,NA,NA,NA,NA,NA,NA,NA,NA,NA,NA,NA,NA,NA,NA,NA,NA
5,29,"Sonchus asper","Sonchus asper","h","Sonchus asper",19810528,"Prevost Island","Canada","British Columbia","Prevost Island",NA,NA,NA,NA,NA,NA,NA,NA,NA,NA,NA,NA,NA,NA,NA,NA,NA,NA,NA,NA,NA
5,30,"Clarkia amoena","Clarkia amoena","h","Clarkia amoena",19810528,"Prevost Island","Canada","British Columbia","Prevost Island",NA,NA,NA,NA,NA,NA,NA,NA,NA,NA,NA,NA,NA,NA,NA,NA,NA,NA,NA,NA,NA
5,31,"Agoseris grandiflora","Agoseris grandiflora","h","Agoseris grandiflora",19810528,"Prevost Island","Canada","British Columbia","Prevost Island",NA,NA,NA,NA,NA,NA,NA,NA,NA,NA,NA,NA,NA,NA,NA,NA,NA,NA,NA,NA,NA
5,32,"Hypochaeris glabra","Hypochaeris glabra","h","Hypochaeris glabra",19810528,"Prevost Island","Canada","British Columbia","Prevost Island",NA,NA,NA,NA,NA,NA,NA,NA,NA,NA,NA,NA,NA,NA,NA,NA,NA,NA,NA,NA,NA
5,33,"Tsuga heterophylla","Tsuga heterophylla","h","Tsuga heterophylla",19810528,"Prevost Island","Canada","British Columbia","Prevost Island",NA,NA,NA,NA,NA,NA,NA,NA,NA,NA,NA,NA,NA,NA,NA,NA,NA,NA,NA,NA,NA
5,34,"Trifolium oliganthum","Trifolium oliganthum","h","Trifolium oliganthum",19810528,"Prevost Island","Canada","British Columbia","Prevost Island",NA,NA,NA,NA,NA,NA,NA,NA,NA,NA,NA,NA,NA,NA,NA,NA,NA,NA,NA,NA,NA
5,35,"Arctium minus","Arctium minus","h","Arctium minus",19810528,"Prevost Island","Canada","British Columbia","Prevost Island",NA,NA,NA,NA,NA,NA,NA,NA,NA,NA,NA,NA,NA,NA,NA,NA,NA,NA,NA,NA,NA
5,36,"Spergularia rubra","Spergularia rubra","h","Spergularia rubra",19810528,"Prevost Island","Canada","British Columbia","Prevost Island",NA,NA,NA,NA,NA,NA,NA,NA,NA,NA,NA,NA,NA,NA,NA,NA,NA,NA,NA,NA,NA
6,1,"Rosa nutkana","Rosa nutkana","h","Rosa nutkana",19810528,"Prevost Island","Canada","British Columbia","Prevost Island",NA,NA,NA,NA,NA,NA,NA,NA,NA,NA,NA,NA,NA,NA,NA,NA,NA,NA,NA,NA,NA
6,2,"Gnaphalium uliginosum","Gnaphalium uliginosum","m","Gnaphalium uliginosum",19810528,"Prevost Island","Canada","British Columbia","Prevost Island",NA,NA,NA,NA,NA,NA,NA,NA,NA,NA,NA,NA,NA,NA,NA,NA,NA,NA,NA,NA,NA
6,4,"Lemna minor","Lemna minor","h","Lemna minor",19810528,"Prevost Island","Canada","British Columbia","Prevost Island",NA,NA,NA,NA,NA,NA,NA,NA,NA,NA,NA,NA,NA,NA,NA,NA,NA,NA,NA,NA,NA
6,5,"Ranunculus aquariatum","Ranunculus aquatilis","m","Ranunculus aquatilis",19810528,"Prevost Island","Canada","British Columbia","Prevost Island",NA,NA,NA,NA,NA,NA,NA,NA,NA,NA,NA,NA,NA,NA,NA,NA,NA,NA,NA,NA,NA
6,6,"Prunus emarginata","Prunus emarginata","h","Prunus emarginata",19810528,"Prevost Island","Canada","British Columbia","Prevost Island",NA,NA,NA,NA,NA,NA,NA,NA,NA,NA,NA,NA,NA,NA,NA,NA,NA,NA,NA,NA,NA
6,7,"Adenocaulon bicolor","Adenocaulon bicolor","h","Adenocaulon bicolor",19810528,"Prevost Island","Canada","British Columbia","Prevost Island",NA,NA,NA,NA,NA,NA,NA,NA,NA,NA,NA,NA,NA,NA,NA,NA,NA,NA,NA,NA,NA
6,8,"Satureja douglasii","Satureja douglasii","h","Clinopodium douglasii",19810528,"Prevost Island","Canada","British Columbia","Prevost Island",NA,NA,NA,NA,NA,NA,NA,NA,NA,NA,NA,NA,NA,NA,NA,NA,"originally recorded as Yerba buena, crossed out",NA,NA,NA,NA
6,9,"Achlys triphylla","Achlys triphylla","h","Achlys triphylla",19810528,"Prevost Island","Canada","British Columbia","Prevost Island",NA,NA,NA,NA,NA,NA,NA,NA,NA,NA,NA,NA,NA,NA,NA,NA,NA,NA,NA,NA,NA
6,10,"Populus tremuloides","Populus tremuloides","h","Populus tremuloides",19810528,"Prevost Island","Canada","British Columbia","Prevost Island",NA,NA,NA,NA,NA,NA,NA,NA,NA,NA,NA,NA,NA,NA,NA,NA,NA,NA,NA,NA,NA
6,11,"Typha latifolia","Typha latifolia","h","Typha latifolia",19810528,"Prevost Island","Canada","British Columbia","Prevost Island",NA,NA,NA,NA,NA,NA,NA,NA,NA,NA,NA,NA,NA,NA,NA,NA,NA,NA,NA,NA,NA
6,12,"Eleocharis palustris","Eleocharis palustris","h","Eleocharis palustris",19810528,"Prevost Island","Canada","British Columbia","Prevost Island",NA,NA,NA,NA,NA,NA,NA,NA,NA,NA,NA,NA,NA,NA,NA,NA,"originally recorded as Spike rush, crossed out",NA,NA,NA,NA
6,13,"Veronica officinalis","Veronica officinalis","h","Veronica officinalis",19810528,"Prevost Island","Canada","British Columbia","Prevost Island",NA,NA,NA,NA,NA,NA,NA,NA,NA,NA,NA,NA,NA,NA,NA,NA,NA,NA,NA,NA,NA
6,15,"Ranunculus flammula","Ranunculus flammula","h","Ranunculus flammula",19810528,"Prevost Island","Canada","British Columbia","Prevost Island",NA,NA,NA,NA,NA,NA,NA,NA,NA,NA,NA,NA,NA,NA,NA,NA,NA,NA,NA,NA,NA
6,16,"Campanula scouleri","Campanula scouleri","h","Campanula scouleri",19810528,"Prevost Island","Canada","British Columbia","Prevost Island",NA,NA,NA,NA,NA,NA,NA,NA,NA,NA,NA,NA,NA,NA,NA,NA,NA,NA,NA,NA,NA
6,17,"Acer glabrum","Acer glabrum","h","Acer glabrum",19810528,"Prevost Island","Canada","British Columbia","Prevost Island",NA,NA,NA,NA,NA,NA,NA,NA,NA,NA,NA,NA,NA,NA,NA,NA,NA,NA,NA,NA,NA
6,18,"Rubus armeniacus","Rubus armeniacus","h","Rubus armeniacus",19810528,"Prevost Island","Canada","British Columbia","Prevost Island",NA,NA,NA,NA,NA,NA,NA,NA,NA,NA,NA,NA,NA,NA,NA,NA,NA,NA,NA,NA,NA
6,19,"Stellaria media","Stellaria media","h","Stellaria media",19810528,"Prevost Island","Canada","British Columbia","Prevost Island",NA,NA,NA,NA,NA,NA,NA,NA,NA,NA,NA,NA,NA,NA,NA,NA,NA,NA,NA,NA,NA
6,20,"Myriophyllum","Myriophyllum","h","Myriophyllum",19810528,"Prevost Island","Canada","British Columbia","Prevost Island","Myriophyllum cf. sp.",NA,NA,NA,NA,NA,NA,NA,NA,NA,NA,NA,NA,NA,NA,NA,"sp. Bracketed",NA,NA,NA,NA
6,21,"Potamogeton natans","Potamogeton natans","h","Potamogeton natans",19810528,"Prevost Island","Canada","British Columbia","Prevost Island",NA,NA,NA,NA,NA,NA,NA,NA,NA,NA,NA,NA,NA,NA,NA,NA,NA,NA,NA,NA,NA
6,22,"Cardamine pensylvanica","Cardamine pensylvanica","h","Cardamine pensylvanica",19810528,"Prevost Island","Canada","British Columbia","Prevost Island",NA,NA,NA,NA,NA,NA,NA,NA,NA,NA,NA,NA,NA,NA,NA,NA,NA,NA,NA,NA,NA
6,23,"Berberis aquifolium","Berberis aquifolium","h","Berberis aquifolium",19810528,"Prevost Island","Canada","British Columbia","Prevost Island",NA,NA,NA,NA,NA,NA,NA,NA,NA,NA,NA,NA,NA,NA,NA,NA,NA,NA,NA,NA,NA
6,24,"Lathyrus nevadensis","Lathyrus nevadensis","h","Lathyrus nevadensis",19810528,"Prevost Island","Canada","British Columbia","Prevost Island",NA,NA,NA,NA,NA,NA,NA,NA,NA,NA,NA,NA,NA,NA,NA,NA,NA,NA,NA,NA,NA
6,25,"Ranunculus acris","Ranunculus acris","h","Ranunculus acris",19810528,"Prevost Island","Canada","British Columbia","Prevost Island",NA,NA,NA,NA,NA,NA,NA,NA,NA,NA,NA,NA,NA,NA,NA,NA,NA,NA,NA,NA,NA
6,26,"Anthriscus scandicina","Anthriscus scandicina","h","Anthriscus caucalis",19810528,"Prevost Island","Canada","British Columbia","Prevost Island",NA,NA,NA,NA,NA,NA,NA,NA,NA,NA,NA,NA,NA,NA,NA,NA,"asterisk beside taxon name; originally Umbellifera?",NA,NA,NA,NA
6,27,"Phleum pratense","Phleum pratense","h","Phleum pratense",19810528,"Prevost Island","Canada","British Columbia","Prevost Island",NA,NA,NA,NA,NA,NA,NA,NA,NA,NA,NA,NA,NA,NA,NA,NA,NA,NA,NA,NA,NA
6,28,"Nuphar polysepala","Nuphar polysepala","h","Nuphar polysepala",19810528,"Prevost Island","Canada","British Columbia","Prevost Island",NA,NA,NA,NA,NA,NA,NA,NA,NA,NA,NA,NA,NA,NA,NA,NA,NA,NA,NA,NA,NA
6,29,"Galium trifidum","Galium trifidum","h","Galium trifidum",19810528,"Prevost Island","Canada","British Columbia","Prevost Island",NA,NA,NA,NA,NA,NA,NA,NA,NA,NA,NA,NA,NA,NA,NA,NA,NA,NA,NA,NA,NA
6,30,"Carex obnupta","Carex obnupta","h","Carex obnupta",19810528,"Prevost Island","Canada","British Columbia","Prevost Island",NA,NA,NA,NA,NA,NA,NA,NA,NA,NA,NA,NA,NA,NA,NA,NA,NA,NA,NA,NA,NA
6,31,"Equisetum arvense","Equisetum arvense","h","Equisetum arvense",19810528,"Prevost Island","Canada","British Columbia","Prevost Island",NA,NA,NA,NA,NA,NA,NA,NA,NA,NA,NA,NA,NA,NA,NA,NA,NA,NA,NA,NA,NA
6,32,"Veronica scutellata","Veronica scutellata","h","Veronica scutellata",19810528,"Prevost Island","Canada","British Columbia","Prevost Island",NA,NA,NA,NA,NA,NA,NA,NA,NA,NA,NA,NA,NA,NA,NA,NA,NA,NA,NA,NA,NA
6,33,"Goodyera oblongifolia","Goodyera oblongifolia","h","Goodyera oblongifolia",19810528,"Prevost Island","Canada","British Columbia","Prevost Island",NA,NA,NA,NA,NA,NA,NA,NA,NA,NA,NA,NA,NA,NA,NA,NA,NA,NA,NA,NA,NA
6,34,"Arenaria macrophylla","Arenaria macrophylla","h","Moehringia macrophylla",19810528,"Prevost Island","Canada","British Columbia","Prevost Island",NA,NA,NA,NA,NA,NA,NA,NA,NA,NA,NA,NA,NA,NA,NA,NA,NA,NA,NA,NA,NA
6,35,"Arabis hirsuta","Arabis hirsuta","l","Arabis hirsuta",19810528,"Prevost Island","Canada","British Columbia","Prevost Island",NA,NA,NA,NA,NA,NA,NA,NA,NA,NA,NA,NA,NA,NA,NA,NA,NA,NA,NA,NA,"very rare in area, maybe I did not decipher name right?"
7,1,"Elymus mollis","Elymus mollis","h","Leymus mollis",19810528,"small island on east end of Prevost Island","Canada","British Columbia","Prevost Island",NA,NA,NA,NA,NA,NA,NA,NA,NA,NA,NA,NA,NA,NA,NA,NA,NA,NA,NA,NA,NA
7,2,"Plectritis congesta","Plectritis congesta","h","Plectritis congesta",19810528,"small island on east end of Prevost Island","Canada","British Columbia","Prevost Island",NA,NA,NA,NA,NA,NA,NA,NA,NA,NA,NA,NA,NA,NA,NA,NA,NA,NA,NA,NA,NA
7,3,"Sedum lanceolatum","Sedum lanceolatum","h","Sedum lanceolatum",19810528,"small island on east end of Prevost Island","Canada","British Columbia","Prevost Island",NA,NA,NA,NA,NA,NA,NA,NA,NA,NA,NA,NA,NA,NA,NA,NA,NA,NA,NA,NA,NA
7,4,"Vicia americana","Vicia americana","h","Vicia americana",19810528,"small island on east end of Prevost Island","Canada","British Columbia","Prevost Island",NA,NA,NA,NA,NA,NA,NA,NA,NA,NA,NA,NA,NA,NA,NA,NA,NA,NA,NA,NA,NA
7,5,"Camassia leichtlinii","Camassia leichtlinii","h","Camassia leichtlinii",19810528,"small island on east end of Prevost Island","Canada","British Columbia","Prevost Island",NA,NA,NA,NA,NA,NA,NA,NA,NA,NA,NA,NA,NA,NA,NA,NA,NA,NA,NA,NA,NA
7,6,"Zygadenus venenosus","Zygadenus venenosus","h","Toxicoscordion venenosum",19810528,"on islands to south of Prevost Island","Canada","British Columbia","Prevost Island",NA,NA,NA,NA,NA,NA,NA,NA,NA,NA,NA,NA,NA,NA,NA,NA,NA,NA,NA,NA,NA
7,8,"Lychnis coronaria","Lychnis coronaria","h","Silene coronaria",19810528,"North East point of Prevost Island","Canada","British Columbia","Prevost Island",NA,NA,NA,NA,NA,NA,NA,NA,NA,NA,NA,NA,NA,NA,NA,NA,"spreading",NA,NA,NA,NA
7,10,"Listera cordata","Listera cordata","h","Neottia cordata",19810528,"North East point of Prevost Island","Canada","British Columbia","Prevost Island",NA,NA,NA,NA,NA,NA,NA,NA,NA,NA,NA,NA,NA,NA,NA,NA,NA,NA,NA,NA,NA
7,11,"Vinca major","Vinca major","h","Vinca major",19810528,"North East point of Prevost Island","Canada","British Columbia","Prevost Island",NA,NA,NA,NA,"around old light keepers house",NA,NA,NA,NA,NA,NA,NA,NA,NA,"persistant","qualitative","varigated",NA,NA,NA,NA
7,12,"Sedum album","Sedum album","h","Sedum album",19810528,"North East point of Prevost Island","Canada","British Columbia","Prevost Island",NA,NA,NA,NA,"around old light keepers house",NA,NA,NA,NA,NA,NA,NA,NA,NA,"persistant","qualitative",NA,NA,NA,NA,NA
7,13,"Santolina chamaecyparissus","Santolina chamaecyparissus","h","Santolina chamaecyparissus",19810528,"North East point of Prevost Island","Canada","British Columbia","Prevost Island",NA,NA,NA,NA,"around old light keepers house",NA,NA,NA,NA,NA,NA,NA,NA,NA,"persistant","qualitative",NA,NA,NA,NA,NA
7,14,"Hypericum calycinum","Hypericum calycinum","h","Hypericum calycinum",19810528,"North East point of Prevost Island","Canada","British Columbia","Prevost Island",NA,NA,NA,NA,"around old light keepers house",NA,NA,NA,NA,NA,NA,NA,NA,NA,"persistant","qualitative",NA,NA,NA,NA,NA
7,15,"Cytisus scoparius","Cytisus scoparius","h","Cytisus scoparius",19810528,"North East point of Prevost Island","Canada","British Columbia","Prevost Island",NA,NA,NA,NA,"around old light keepers house",NA,NA,NA,NA,NA,NA,NA,NA,NA,"1","count","single at sea edge",NA,NA,NA,NA
7,17,"Myriophyllum","Myriophyllum","h","Myriophyllum",19810528,"North East point of Prevost Island","Canada","British Columbia","Prevost Island","Myriophyllum cf. sp.",NA,NA,NA,"around old light keepers house",NA,NA,NA,NA,NA,NA,NA,NA,NA,NA,NA,NA,NA,NA,NA,NA
